MMSI,mean_speed,std_speed,min_speed,max_speed,n_fixes
200000000,3.9366133,2.011238,0.0,6.5,437
203246362,7.5571427,3.8830829,0.9,14.0,49
203617400,2.1399999,2.897955,0.1,8.5,85
203875200,8.906871,1.3764609,5.9,12.4,131
205086000,0.14485714,0.19917986,0.0,1.3,350
205097000,15.884269,0.12693848,15.6,16.3,89
205760000,6.9964285,0.11049421,6.8,7.2,28
205809010,6.8199997,0.5069516,6.3,7.6,5
205847610,0.41886795,0.66706365,0.0,5.1,106
207832820,0.053108808,0.057236567,0.0,0.4,386
209087000,7.351678,4.8858366,0.0,11.5,745
209136000,0.0,0.0,0.0,0.0,416
209156000,11.964788,0.6653488,10.1,12.9,497
209182000,1.6336595,3.190587,0.0,10.0,511
209254000,0.60402685,0.25539666,0.0,1.4,596
209289000,0.37244898,0.24274233,0.1,1.3,98
209316000,10.198334,4.053435,0.0,13.4,60
209470000,4.558716,5.817086,0.0,13.0,545
209504000,0.0,0.0,0.0,0.0,3
209513000,10.360975,13.280887,0.0,30.2,410
209550000,3.0231054,4.6400714,0.0,14.2,541
209613000,10.222097,2.647991,0.0,13.3,982
209615000,0.04726841,0.055834763,0.0,0.3,421
209641000,5.5070176,0.48911715,4.2,6.4,57
209716000,4.04202,6.53941,0.0,16.0,802
209729000,14.166667,0.25166115,13.9,14.4,3
209795000,2.274074,0.39011106,1.3,3.6,459
209798000,0.017201167,0.05210519,0.0,0.3,343
209862000,14.21415,0.83807474,12.4,15.7,106
209888000,11.276895,0.2895146,10.4,12.0,805
210065000,0.0,0.0,0.0,0.0,28
210080000,0.88547766,2.2884789,0.0,9.0,785
210107000,10.901112,0.4246997,9.9,11.8,540
210195000,4.424752,5.060763,0.0,15.1,606
210217000,0.53333336,0.11547007,0.4,0.6,3
210296000,10.75,0.07071095,10.7,10.8,2
210303000,0.0066339066,0.025887616,0.0,0.2,407
210347000,0.03185012,0.05278263,0.0,0.3,427
210361000,0.00625,0.024593469,0.0,0.1,32
210581000,12.994218,0.6583475,10.5,14.2,467
210684000,0.0014492754,0.021958051,0.0,0.4,414
210786000,0.17,0.22632328,0.0,0.8,10
210959000,6.9676814,5.8447957,0.0,13.2,690
211002010,0.56097084,3.7288928,0.0,35.4,515
211105410,0.2,,0.2,0.2,1
211223160,4.961446,1.1958089,0.8,7.4,83
211256150,0.65,0.35355335,0.4,0.9,2
211331640,0.0,0.0,0.0,0.0,329
211334250,0.00625,0.024236461,0.0,0.1,400
211518890,0.0053908355,0.022614175,0.0,0.1,371
211549000,17.983334,0.1722408,17.8,18.2,6
211605910,0.111363634,0.0921977,0.0,0.4,220
211664910,0.0,0.0,0.0,0.0,429
211705870,0.03957346,0.055335797,0.0,0.5,422
211711990,2.6054409,2.8155897,0.0,8.6,533
211723180,0.024519231,0.04417664,0.0,0.2,416
211743730,0.2875,0.14384536,0.0,0.6,48
211785580,0.42624116,0.24308887,0.0,1.2,141
211835930,0.25950617,0.1847925,0.0,1.3,405
211839000,0.19426607,0.16536734,0.0,0.8,436
212040000,12.389189,0.71483636,9.8,14.1,37
212175000,0.02137592,0.04338025,0.0,0.2,407
212210000,0.03530806,0.048832204,0.0,0.2,422
212254000,9.026557,4.267326,0.0,13.0,851
212259000,,,,,0
212275000,12.21875,0.2482439,11.8,12.6,16
212282000,0.043778803,0.091790035,0.0,0.9,434
212347000,0.039036147,0.05125513,0.0,0.2,415
212352000,0.0,0.0,0.0,0.0,7
212439000,11.845988,0.597948,8.7,12.8,648
212790000,16.297745,2.744778,11.2,18.5,266
212960000,11.098684,0.6724073,9.2,13.0,76
214182695,5.414754,2.6678305,0.0,11.1,610
214182763,0.335,0.14298734,0.0,0.6,120
214182782,8.80862,0.28975758,8.1,9.5,58
215000629,0.06657682,0.07614979,0.0,0.5,371
215077000,11.596774,7.088468,0.1,20.8,403
215105000,20.388557,0.5426802,18.0,21.4,437
215137000,0.970615,3.0393653,0.0,14.4,439
215154000,0.43558824,1.5053096,0.0,10.0,340
215164000,2.7526317,2.7955217,0.5,9.0,684
215192000,13.179532,0.23810972,12.2,13.7,171
215219000,9.001697,1.7313417,5.8,12.2,1061
215225000,0.0,0.0,0.0,0.0,422
215249000,21.586666,0.16417176,21.2,21.8,15
215287000,9.169642,0.22637029,8.4,10.5,56
215347000,11.954545,2.8725624,5.3,17.3,264
215390000,0.614507,0.7296275,0.0,3.8,710
215464000,0.024285715,0.042942338,0.0,0.1,350
215478000,9.634,5.482299,0.0,13.6,100
215487000,0.12951808,0.10969272,0.0,0.6,166
215539000,0.020192308,0.38348556,0.0,7.8,416
215561000,6.8649426,3.0729752,0.0,14.6,870
215583000,19.065014,0.40455177,18.2,19.9,363
215590000,0.00023696682,0.004867924,0.0,0.1,422
215596000,0.036724567,0.055460006,0.0,0.2,403
215639000,7.94901,5.0343184,0.0,12.7,808
215685000,15.882707,0.6728728,14.4,18.1,665
215762000,10.9822,0.8431403,7.2,12.1,691
215798000,3.5966184,3.8760853,0.0,9.4,621
215801000,3.5118237,5.7704864,0.0,15.8,499
215804000,9.541245,5.6766024,0.0,14.8,851
215832000,7.490022,1.2205145,4.6,11.4,451
215869000,0.028741093,0.046859283,0.0,0.3,421
215896000,0.20045456,0.18119283,0.0,0.9,220
215920000,14.103436,1.0817875,12.8,16.0,291
215936000,10.606612,0.91321194,9.6,13.6,121
218158000,8.501153,2.6730263,5.3,13.1,1127
218427000,0.13151659,0.14759216,0.0,0.6,422
218441000,8.923692,0.24585006,8.1,9.4,688
218474000,3.1530895,4.361481,0.0,15.3,793
218643000,6.4601912,5.7135687,0.0,16.0,731
218650000,6.2537174,5.668502,0.0,12.9,538
218774000,0.23,0.21537699,0.0,0.9,440
218776000,0.108530805,0.14514543,0.0,0.7,422
219005000,5.8376503,5.453262,0.0,14.3,664
219026390,5.207143,0.7043429,3.7,6.0,14
219026702,2.1106918,2.4309864,0.0,8.1,159
219027133,14.155556,0.22007802,13.7,14.8,45
219027839,0.18825,0.15555523,0.0,0.9,400
219027876,0.1927928,0.09667208,0.0,0.7,333
219028420,11.057659,1.0724119,8.2,12.9,914
219028425,8.744651,0.71359086,8.0,11.7,215
219028429,3.45,2.3545702,0.7,6.3,16
219029122,13.752083,0.35067695,12.7,14.1,48
219029208,8.027679,6.2640815,0.0,15.8,737
219086000,7.532152,5.9340887,0.0,15.0,762
219149000,4.704637,3.294027,0.0,13.3,992
219151000,11.31883,0.7754177,9.5,13.3,855
219153000,11.48125,0.20072791,11.2,11.8,16
219155000,0.0,0.0,0.0,0.0,343
219227000,0.0016627078,0.012802168,0.0,0.1,421
219265000,9.791767,0.35573915,9.0,10.6,826
219278000,0.042923436,0.14056295,0.0,1.3,431
219289000,0.031851854,0.04769725,0.0,0.2,405
219310000,4.5259905,4.9185452,0.0,12.9,631
219414000,0.29794988,0.19924603,0.0,1.3,439
219415000,1.5573275,3.562759,0.0,12.6,464
219426000,4.569706,4.9483333,0.0,12.7,680
219432000,4.154306,4.490889,0.0,11.4,569
219683000,3.0127451,4.475864,0.0,11.5,612
220061000,6.8176365,4.3662095,0.0,12.4,550
220187000,10.7346735,4.6133037,0.0,16.2,597
220221000,0.19158879,0.21342374,0.0,0.9,428
220258000,0.04847059,0.07335469,0.0,0.8,425
220291000,18.582087,0.5428304,16.8,20.0,374
220416000,0.0,0.0,0.0,0.0,397
220561000,0.19999999,0.07856742,0.1,0.4,82
220595000,0.0012135922,0.014747939,0.0,0.2,412
220597000,0.023471884,0.052735697,0.0,0.4,409
224444000,11.569835,7.647275,0.2,18.7,789
224941000,9.723692,0.38923627,8.8,10.3,325
225987269,5.7,,5.7,5.7,1
226235000,0.23453453,1.4994104,0.0,11.1,333
227000010,0.012534819,0.050653536,0.0,0.4,1077
227055470,0.27631578,0.16180438,0.0,0.8,38
227081410,0.80129874,1.2346418,0.0,5.2,77
227109660,0.6631808,1.4685701,0.0,5.7,459
227194000,10.977432,2.151149,4.2,13.7,802
227244990,1.895652,2.4558282,0.1,6.9,46
227274670,6.8,,6.8,6.8,1
227279950,5.933333,0.25166112,5.7,6.2,3
227280290,7.4166665,1.1499534,4.4,11.2,102
227420810,1.5743456,1.9246658,0.0,6.3,191
227523670,3.05,1.3841965,0.1,5.2,16
227533980,0.6686747,1.2043546,0.1,6.0,83
227679580,1.2333333,1.7755281,0.1,5.3,9
227708220,5.1,,5.1,5.1,1
227722490,0.0,0.0,0.0,0.0,3
227806190,0.7,,0.7,0.7,1
227813010,0.03373016,0.0544181,0.0,0.3,252
227901850,5.261111,3.1587672,0.4,9.4,18
227907090,0.75333333,1.0020455,0.1,3.6,15
227961110,3.9828572,3.4041111,0.2,10.1,105
227976650,6.544375,1.5372828,2.4,10.0,160
227986490,0.014285714,0.03524537,0.0,0.1,70
228011850,6.25935,0.9604334,4.5,8.5,123
228037800,12.549999,0.21213217,12.4,12.7,2
228071090,3.2493672,3.2952726,0.0,9.4,158
228078350,0.0007575758,0.00868182,0.0,0.1,396
228335900,20.998047,3.650041,9.4,25.2,461
228337900,14.726666,0.18309507,14.2,14.9,15
228354600,0.069554456,0.09233019,0.0,0.4,404
228385600,20.505226,0.471429,19.7,21.6,287
228408700,4.1805277,4.9127173,0.0,14.5,606
229000625,0.27077922,0.18960798,0.0,1.1,308
229000821,2.6502564,2.7295892,0.0,7.6,195
229054000,7.673037,6.3089614,0.0,20.5,764
229201000,0.0,0.0,0.0,0.0,410
229248000,20.488369,0.66230124,19.2,21.4,705
229314000,0.8257669,1.3268164,0.0,9.0,326
229373000,1.0333333,2.341092,0.0,9.1,516
229376000,0.62512565,0.29974273,0.1,1.4,398
229411000,0.021399178,0.041096754,0.0,0.1,243
229446000,10.74,0.54198116,9.6,11.5,40
229464000,1.958775,1.0732913,0.0,8.3,849
229497000,0.016800001,0.03753708,0.0,0.1,125
229580000,13.217484,0.6709424,11.8,14.9,469
229603000,0.051276103,0.14640497,0.0,2.3,431
229622000,4.016057,2.4573634,1.3,9.0,1121
229626000,4.5472116,6.743682,0.0,17.9,538
229645000,0.09548532,0.07354887,0.0,0.5,443
229685000,20.224,0.29478794,19.8,20.9,25
229736000,0.05138889,0.07774686,0.0,0.5,216
229853000,13.450859,0.5596405,12.5,14.4,291
229934000,17.515385,0.25843656,16.7,18.1,260
229947000,0.06556604,0.08218736,0.0,0.3,424
229969000,7.842994,2.7775195,0.0,13.2,1042
230122980,4.82,2.368966,0.7,6.4,5
231789000,8.103352,6.29913,0.0,14.3,716
232002990,7.1629105,4.816216,0.0,12.4,426
232004833,6.565517,3.1889915,0.6,11.0,58
232006298,4.6603355,7.319783,0.0,18.5,537
232006300,17.52,0.4438465,16.9,17.9,5
232006316,9.2537565,4.8265,0.0,12.6,426
232007939,1.2993234,3.0370631,0.0,13.0,739
232010199,7.923333,0.1555382,7.7,8.2,60
232010295,0.0,0.0,0.0,0.0,284
232011910,0.25837696,0.6083155,0.0,5.7,382
232012229,0.0,0.0,0.0,0.0,431
232012490,0.06825397,0.06768167,0.0,0.7,441
232014571,4.4481335,3.7404523,0.0,10.9,991
232014818,9.850769,1.0963821,7.1,12.5,130
232016369,2.074677,3.6147337,0.0,12.4,387
232016375,0.09004524,0.26300794,0.0,3.2,221
232017867,6.575,0.9742518,5.6,7.6,4
232018309,0.20516305,0.14782889,0.0,0.7,368
232020054,12.587369,1.1078407,2.7,13.6,768
232021695,0.68,0.32710856,0.2,1.1,5
232022846,0.0,0.0,0.0,0.0,3
232023929,5.9618554,1.5997033,0.5,9.5,97
232024772,10.504012,0.8218095,5.5,12.4,324
232024773,4.509719,3.5554087,0.1,9.4,391
232025247,3.0992167,3.0445771,0.0,9.2,383
232025727,1.2526315,1.7238098,0.0,4.8,19
232026262,2.517143,3.6265333,0.0,9.2,315
232027226,6.084,7.133295,0.0,22.0,25
232028747,7.007483,2.5551684,0.0,11.4,294
232029982,4.579167,0.7077086,2.7,5.9,24
232030551,3.2940829,3.2093558,0.1,8.9,169
232031033,5.096347,1.6397543,0.0,8.4,219
232031599,0.15869017,0.14756028,0.0,0.8,397
232032072,0.00875,0.03318419,0.0,0.4,400
232032105,0.21967964,0.15198047,0.0,0.8,437
232032457,11.940351,0.430473,11.2,13.2,57
232033660,0.05,0.07071068,0.0,0.1,2
232033857,0.0,0.0,0.0,0.0,384
232034962,0.0005102041,0.007142857,0.0,0.1,196
232035170,6.0625,3.592548,0.0,15.8,184
232038795,0.00125,0.01118034,0.0,0.1,80
232038796,0.2157738,0.15670487,0.0,0.8,336
232039262,1.9427419,3.1435215,0.0,9.3,248
232039291,6.694937,3.39894,0.0,10.4,79
232039370,0.037016578,0.061015822,0.0,0.4,362
232039752,0.033333335,0.053973746,0.0,0.3,120
232066000,0.93874997,1.996758,0.0,7.6,160
232419000,1.8071429,3.5811293,0.0,11.9,294
232508000,0.010607357,0.030806355,0.0,0.1,1169
233217000,0.01124031,0.03190694,0.0,0.2,1032
233387000,0.0082397,0.0275485,0.0,0.1,267
233731000,0.0,0.0,0.0,0.0,395
233933000,0.0,0.0,0.0,0.0,429
234845000,4.228205,4.924123,0.0,11.7,78
234889000,1.9666667,3.1469562,0.1,5.6,3
235002727,0.04044944,0.055628538,0.0,0.3,267
235007630,4.9,0.70710677,4.4,5.4,2
235009020,10.235897,0.12980387,10.0,10.6,195
235022691,0.03076923,0.05237014,0.0,0.3,429
235036022,6.10378,0.9552502,3.6,9.3,291
235053116,0.0030092595,0.01710402,0.0,0.1,432
235055089,0.020742152,0.079088986,0.0,1.2,1051
235072538,0.09450867,0.06414582,0.0,0.3,346
235076272,0.058333334,0.055131145,0.0,0.3,432
235076274,4.4607797,4.626346,0.0,11.7,436
235076276,4.7702913,4.07128,0.0,11.3,515
235076282,1.8724138,3.3752792,0.0,12.8,435
235076283,0.062441316,0.07354968,0.0,0.4,426
235079977,0.0,0.0,0.0,0.0,437
235081787,0.05800866,0.056824826,0.0,0.2,231
235082136,0.02704918,0.0481679,0.0,0.2,122
235082858,0.12631579,0.19821393,0.0,0.8,38
235085199,0.033333335,0.05773503,0.0,0.1,3
235085287,0.011395349,0.03324567,0.0,0.2,430
235085999,0.0,0.0,0.0,0.0,347
235088016,0.023167849,0.04224043,0.0,0.1,423
235094625,0.0,0.0,0.0,0.0,10
235095847,0.13835979,0.16667908,0.0,1.3,378
235096399,0.044230767,0.075182036,0.0,0.3,52
235099354,2.7752066,3.7403271,0.0,11.4,121
235102349,12.804106,1.613893,3.1,14.2,828
235102519,6.540909,1.3612525,2.6,8.9,22
235103766,0.040705886,0.052883554,0.0,0.2,425
235104697,0.13675497,0.7715498,0.0,12.3,302
235106302,15.304226,0.18816635,14.1,15.8,213
235108228,0.0,0.0,0.0,0.0,9
235108361,4.483582,0.9250057,2.7,6.7,67
235108959,1.6631356,3.5291383,0.0,10.3,472
235112524,0.2,,0.2,0.2,1
235113005,0.0,0.0,0.0,0.0,16
235113768,4.7660966,5.3942485,0.0,12.6,643
235113778,5.4187675,4.3645787,0.0,12.4,714
235116332,0.016129032,0.037387826,0.0,0.1,31
235116535,0.00046403712,0.0068041016,0.0,0.1,431
235116537,2.5549865,1.0904815,0.4,5.7,1113
236111612,0.060000002,0.04982729,0.0,0.1,30
236111902,3.2940652,0.9565418,0.4,4.9,674
236112196,0.008333334,0.027674599,0.0,0.1,384
236112562,0.00952381,0.029710175,0.0,0.1,42
236112610,5.6617646,2.792958,0.1,9.7,34
236112658,1.0935484,2.0925214,0.1,8.2,62
236112682,3.3291667,2.2197688,0.1,6.6,24
236538000,0.0002762431,0.0052558836,0.0,0.1,362
236662000,11.095019,0.19358487,10.7,11.6,261
238045000,0.040366974,0.061579615,0.0,0.3,436
238047000,4.924528,2.0077643,0.1,8.2,53
238266000,9.166667,0.08164958,9.0,9.2,6
238297000,10.713402,0.9936803,8.3,12.3,873
238530940,5.2371793,2.0671694,0.0,9.5,156
240224300,0.03638191,0.050976135,0.0,0.3,995
240243000,2.0244899,2.3303194,0.2,6.9,294
240480000,0.12152589,0.11988093,0.0,0.7,367
240904000,11.88,4.175271,0.0,13.3,10
240941000,0.0004608295,0.0067805992,0.0,0.1,434
240975000,6.0545254,4.154232,0.0,10.8,906
240991000,10.826711,1.6148281,2.2,14.5,453
241075000,10.1234255,5.779495,0.0,15.6,683
241079000,3.9553506,4.553521,0.0,10.9,271
241132000,5.8290725,3.2282205,0.0,11.1,884
241139000,0.14750001,0.09274301,0.0,0.4,80
241190000,12.330142,1.2082032,7.1,13.8,919
241251000,10.909677,0.083085686,10.7,11.0,31
241256000,0.0509901,0.05387247,0.0,0.2,404
241313000,0.23912038,0.19630499,0.0,1.0,432
241326000,11.452186,0.2783002,10.7,12.3,1075
241343000,0.40220127,0.2291698,0.0,1.1,318
241409000,0.050608274,0.13692929,0.0,2.1,411
241473000,8.243146,5.3318057,0.0,12.8,693
241508000,5.488852,6.189474,0.0,14.2,601
241530000,11.356604,0.46099576,10.0,12.3,371
241574000,1.5052632,0.18064214,0.9,1.7,95
241612000,11.963057,0.35396773,11.0,13.5,157
241614000,7.9810467,3.013451,0.0,12.2,707
241631000,12.948297,0.3220979,12.2,13.5,323
241740000,2.005381,1.8868004,0.0,8.8,892
241770000,12.559499,0.47369713,11.5,13.9,558
244015787,0.51666665,0.89205086,0.0,4.4,54
244040000,12.264938,1.5164088,6.8,14.5,482
244128000,0.012405064,0.04242686,0.0,0.3,395
244128536,0.76839375,0.86050564,0.0,12.3,579
244140580,15.181916,0.29179347,13.8,16.1,553
244150212,11.236667,0.24280445,10.6,11.5,30
244170000,11.599999,0.06324549,11.5,11.7,6
244170158,0.00023529412,0.0048507126,0.0,0.1,425
244170635,4.585,2.7642915,0.0,7.4,40
244180468,0.065467626,0.09224434,0.0,0.7,139
244266000,0.100697674,0.077696905,0.0,0.5,430
244340000,2.711789,2.8439126,0.0,12.1,1213
244561000,8.479039,1.2055687,5.1,10.4,1083
244638000,0.0,0.0,0.0,0.0,73
244650099,0.0007407408,0.008585299,0.0,0.1,405
244670575,0.08632479,0.09276034,0.0,0.4,117
244674000,10.86058,0.45408416,9.3,11.9,827
244740666,4.826415,1.9440393,0.1,6.6,53
244770782,4.2200003,3.5909762,0.1,10.4,10
244780220,0.013868613,0.034625113,0.0,0.1,274
244780813,0.0143216085,0.035784367,0.0,0.2,398
244820666,0.0,0.0,0.0,0.0,421
244820899,5.1155553,2.2752578,0.1,9.3,45
244830547,0.0011857708,0.010846012,0.0,0.1,253
244850819,0.15560001,0.099338375,0.0,0.6,250
244890033,0.015449438,0.039182782,0.0,0.3,356
244900095,0.013636365,0.03512501,0.0,0.1,22
244903000,3.2613637,5.643934,0.0,16.3,528
245206000,21.34878,0.2873342,20.2,21.8,41
245227000,1.4396154,2.7458303,0.0,12.6,520
245639000,2.74709,4.5725746,0.0,12.6,378
245789000,9.740777,5.8015785,0.0,15.2,824
245854000,0.8119403,1.9184513,0.0,8.6,536
245953000,10.516176,0.24102418,10.1,11.4,68
246028000,0.0,,0.0,0.0,1
246456000,0.000456621,0.006749638,0.0,0.1,438
246494000,0.042746115,0.04953522,0.0,0.1,386
246648000,14.794405,0.8797296,13.0,17.4,858
246660000,0.1945946,0.074333884,0.1,0.4,37
246662000,15.760377,0.18328165,15.4,16.1,53
246770000,0.00678392,0.025178628,0.0,0.1,398
246887000,13.266094,2.1802404,2.3,16.4,699
246894000,0.0,0.0,0.0,0.0,329
247039270,0.1,,0.1,0.1,1
247190430,0.032352943,0.06382072,0.0,0.3,34
247228070,0.00836237,0.028964067,0.0,0.2,287
247240600,0.0056,0.023038296,0.0,0.1,250
247282900,14.913937,3.4745417,0.2,19.0,574
247301500,12.65,0.07071027,12.6,12.7,2
247310400,5.4981103,5.047029,0.0,17.3,688
247385300,11.790435,3.8316543,0.0,13.8,115
247388700,14.335447,1.7742995,0.9,16.4,962
247399000,0.1,,0.1,0.1,1
247405800,4.920677,6.5206976,0.0,15.9,561
247567000,0.27351484,0.18143767,0.0,1.0,404
248089000,0.01030445,0.03266922,0.0,0.2,427
248135000,4.8461537,6.380258,0.0,12.6,13
248152000,10.218462,0.27720267,9.8,11.4,65
248162000,13.3,0.0,13.3,13.3,2
248183000,0.0,0.0,0.0,0.0,421
248247000,0.046134662,0.06396305,0.0,0.3,401
248307000,0.0,0.0,0.0,0.0,26
248432000,5.1249523,2.731692,0.0,14.8,1046
248516000,7.897697,7.408748,0.0,18.0,608
248567000,0.0061224494,0.024004802,0.0,0.1,392
248572000,15.975955,3.0281935,1.6,18.3,262
248713000,8.661822,3.5632486,0.0,12.3,812
248728000,10.921311,0.4543253,9.9,11.9,183
248732000,0.0,0.0,0.0,0.0,3
248739000,0.45000002,0.21213204,0.3,0.6,2
248741000,7.178037,5.254732,0.0,13.3,815
248893000,13.213907,0.17128529,12.9,13.8,151
248917000,0.0,0.0,0.0,0.0,112
248974000,2.1297102,1.3336964,0.0,4.3,138
248978000,0.35146344,1.1816506,0.0,6.4,820
248993000,1.0261501,0.8270276,0.4,5.6,413
249000397,0.0,0.0,0.0,0.0,405
249029000,0.0,0.0,0.0,0.0,417
249047000,18.100643,0.4097201,16.8,18.8,311
249048000,0.4,0.18439089,0.1,0.7,11
249055000,9.737119,6.978032,0.0,17.6,590
249111000,0.0012084593,0.013429571,0.0,0.2,331
249294000,10.5,0.0,10.5,10.5,2
249335000,0.0,0.0,0.0,0.0,404
249347000,11.979227,1.7483983,1.9,13.8,207
249386000,4.3194947,4.983279,0.0,12.6,554
249401000,14.422615,1.0029607,3.0,15.1,566
249405000,13.718417,0.4094555,12.9,14.5,619
249409000,0.14158164,0.08950303,0.0,0.4,392
249551000,9.409531,5.955232,0.0,15.4,724
249579000,0.22756892,0.1508497,0.0,0.7,399
249652000,14.733219,1.3604658,7.5,15.5,584
249666000,0.004830918,0.02145916,0.0,0.1,621
249726000,0.055851065,0.107419774,0.0,0.5,376
249806000,0.0,0.0,0.0,0.0,405
249973000,13.076861,8.5682335,0.0,22.8,752
249981000,0.6669767,2.1694806,0.0,10.5,430
255721000,0.10362319,0.10650246,0.0,0.6,414
255728000,0.0,0.0,0.0,0.0,411
255790000,0.0,0.0,0.0,0.0,386
255805573,0.034909092,0.073615514,0.0,0.4,275
255805662,0.0968825,0.06588793,0.0,0.4,417
255805665,8.067307,7.9224005,1.5,19.8,208
255805676,0.0661017,0.05122691,0.0,0.2,59
255805678,0.26445496,0.20761526,0.0,1.3,422
255805854,0.9444444,0.7055337,0.3,2.3,9
255805869,2.3459184,0.214997,1.9,2.7,392
255805979,0.0,0.0,0.0,0.0,435
255805987,4.700587,4.5211463,0.0,13.1,682
255806004,13.802568,2.7866058,0.0,16.1,1090
255806027,6.792,0.6907364,6.1,8.3,150
255806031,1.9234593,0.19891728,1.3,2.6,503
255806034,2.4071162,1.7044641,0.0,9.2,1068
255806037,0.0,0.0,0.0,0.0,423
255806038,2.9365108,2.3775308,1.3,9.1,1112
255806058,0.036314365,0.05299168,0.0,0.4,369
255806059,0.11580189,0.08228601,0.0,0.4,424
255806068,10.663741,5.3042965,0.0,15.7,866
255806069,0.7433749,1.3260382,0.0,10.5,883
255806122,7.734722,6.4590435,0.0,16.4,648
255806138,4.1121993,5.1859207,0.0,12.2,582
255806154,11.1685095,1.2567625,5.1,12.8,1013
255806180,0.30507812,0.35059276,0.0,1.7,256
255806181,0.0,0.0,0.0,0.0,441
255806239,0.0,,0.0,0.0,1
255806304,0.1359091,0.09132006,0.0,0.4,220
255806371,0.0,0.0,0.0,0.0,356
255806423,0.0,0.0,0.0,0.0,407
255806430,0.2120735,1.0673436,0.0,9.2,381
255806448,0.30125314,0.2051435,0.0,1.1,399
255806456,0.0,0.0,0.0,0.0,417
255806474,4.72108,5.953519,0.0,13.3,574
255806483,0.056908667,0.08373779,0.0,0.4,427
255806498,0.11472684,0.20112003,0.0,0.9,421
255806501,0.048437502,0.06086973,0.0,0.4,384
255806521,0.021718377,0.062107384,0.0,0.3,419
256001528,0.010580205,0.030811034,0.0,0.1,293
256001533,0.036868688,0.05696362,0.0,0.3,396
256041000,6.952989,4.4814467,0.0,15.3,736
256062000,0.0,0.0,0.0,0.0,343
256332000,12.11542,0.3360857,11.3,12.7,214
256604000,7.863224,8.707372,0.0,19.6,639
256621000,8.820934,4.2432876,0.0,11.9,492
256687000,0.0018475751,0.013481979,0.0,0.1,433
256725000,0.010068847,0.030104535,0.0,0.1,1162
256763000,0.5221698,0.3185799,0.0,1.4,424
256892000,10.534351,0.89720374,9.2,13.3,524
257006530,0.033119384,0.084427,0.0,0.9,779
257020120,2.07018,4.8289223,0.0,40.3,389
257040610,0.0,0.0,0.0,0.0,186
257070110,6.86875,0.7888078,5.1,8.3,32
257076640,0.18669203,0.13680406,0.0,0.7,263
257087260,2.3476636,2.1828814,0.0,5.9,107
257088990,10.7053385,0.21433273,10.2,11.3,487
257145000,0.0,0.0,0.0,0.0,403
257290000,4.4901505,4.8470955,0.0,11.5,599
257310000,11.802381,0.19119173,11.4,12.3,126
257323000,6.692673,3.042068,0.0,12.0,1010
257326000,1.4894935,2.8900533,0.0,9.8,533
257330000,9.029443,1.3178835,1.5,11.2,377
257344000,2.8918056,3.816238,0.0,11.8,659
257350000,0.12797076,0.81535137,0.0,7.2,1094
257368000,0.028888889,0.047512375,0.0,0.2,405
257384000,11.9388895,0.28835115,11.3,12.9,108
257401000,12.235147,0.49613327,11.3,13.1,441
257435000,9.675124,3.5005262,0.0,15.6,1005
257453000,13.799999,0.14142123,13.7,13.9,2
257478000,9.982637,0.54603034,8.7,11.5,311
257481000,10.5,0.0,10.5,10.5,2
257484000,0.0020408165,0.01415726,0.0,0.1,392
257502000,4.3532624,4.18614,0.0,10.4,659
257509000,14.082963,0.61712474,10.0,15.1,945
257530000,0.0,0.0,0.0,0.0,439
257532000,1.907488,3.8731854,0.0,13.0,414
257575000,4.316302,4.5859423,0.0,15.5,822
257615000,14.559538,2.6221073,5.5,16.7,173
257652780,0.044382025,0.055125058,0.0,0.2,356
257682000,0.021463415,0.04110699,0.0,0.1,410
257714000,7.2198496,4.488969,0.0,15.0,1063
257724000,0.79,1.608029,0.0,6.5,380
257818000,5.86911,6.594454,0.0,14.0,573
257842000,11.1,0.0,11.1,11.1,2
257928000,0.32674825,1.8699449,0.0,12.7,1144
258005000,10.883694,1.5666622,9.3,15.2,693
258018280,0.21496063,0.14667797,0.0,0.9,254
258019210,5.679382,1.8206534,0.0,8.0,97
258169740,0.3,,0.3,0.3,1
258251000,12.25,0.2139373,12.0,12.7,14
258285850,2.024737,2.9641721,0.0,8.5,190
258628000,15.057693,0.37860066,14.3,15.8,26
258640000,4.46847,4.8155026,0.0,15.1,647
258669000,2.3498933,4.3404903,0.0,15.1,469
258692000,13.861749,0.35855296,11.8,14.6,366
258707000,0.9002512,0.63731563,0.0,4.0,398
258733000,0.14159292,0.6500862,0.0,5.5,452
258775000,0.047247708,0.05962907,0.0,0.3,436
258795000,2.4858675,3.7466013,0.0,12.0,559
258929000,16.708675,0.2940761,16.2,17.5,634
259005000,0.0,0.0,0.0,0.0,1155
259099000,12.587939,0.4495287,11.3,13.8,199
259135000,0.08411215,0.11164917,0.0,0.5,321
259645000,0.0005102041,0.007133717,0.0,0.1,392
259709000,10.085683,5.152627,0.0,14.7,908
259890000,0.060880195,0.062506534,0.0,0.3,409
259924000,6.084833,7.20283,0.0,16.1,600
261000770,0.14324325,0.14870448,0.0,0.9,111
261084080,0.0,0.0,0.0,0.0,38
262006000,10.848242,0.27263117,10.3,11.5,199
265651540,2.9580646,2.8927236,0.0,6.6,31
265694870,0.23054187,0.48701987,0.0,4.6,406
265703100,4.490698,3.5050857,0.0,8.5,43
265758850,0.052083332,0.050485235,0.0,0.1,48
265816730,0.0016835016,0.012887016,0.0,0.1,297
267188530,0.0050993953,0.02200805,0.0,0.1,1157
269110620,0.003478261,0.018362839,0.0,0.1,230
269110740,3.3066666,2.5466588,0.0,6.7,30
269111410,4.345454,2.008745,0.3,6.2,33
269112020,0.014102564,0.035579517,0.0,0.2,390
269576000,3.1977272,0.9105376,0.0,4.1,132
271043022,1.1880531,3.2769015,0.0,11.3,452
271043241,13.012987,0.2483369,12.6,13.4,77
271044090,13.556708,1.8391469,2.5,15.0,395
271045704,6.561905,4.8505054,0.0,11.6,735
271049229,10.438461,0.123913065,10.1,11.0,52
275508000,1.3342466,1.1215341,0.0,5.0,73
294430000,15.033577,16.149372,0.0,41.3,137
300000000,0.022481753,0.058661748,0.0,0.6,685
300100542,0.0,0.0,0.0,0.0,4
303031000,14.731818,0.34122124,13.6,15.4,154
303071000,0.0,0.0,0.0,0.0,362
303072000,0.0,0.0,0.0,0.0,427
303099000,0.0014117648,0.013663143,0.0,0.2,425
303104000,0.0,0.0,0.0,0.0,396
303117000,0.062380955,0.048500646,0.0,0.1,420
303155000,0.0,0.0,0.0,0.0,275
303195000,0.0,0.0,0.0,0.0,14
303197000,0.0,0.0,0.0,0.0,255
303198000,0.007764706,0.027659336,0.0,0.2,425
303200000,1.173545,2.4899278,0.0,9.3,1134
303205000,5.597917,2.540086,0.0,8.0,192
303250000,2.375,4.483389,0.0,16.6,508
303275000,7.80967,0.25977567,6.8,8.4,455
303304000,4.496988,2.5695992,0.0,9.1,166
303323000,7.15,0.4242641,6.5,8.1,32
303324000,0.30049506,0.26179332,0.0,2.0,404
303327000,0.04746377,0.05285399,0.0,0.2,276
303334000,0.0028753995,0.016738193,0.0,0.1,313
303340000,0.00906801,0.028751599,0.0,0.1,397
303348100,0.050892856,0.067371875,0.0,0.5,1120
303350200,0.0,0.0,0.0,0.0,421
303366000,14.957325,10.571311,0.7,27.1,314
303390000,0.056790125,0.049598068,0.0,0.1,405
303398000,2.8063717,3.0314026,0.0,8.7,1130
303408000,0.05167464,0.20674379,0.0,3.7,418
303411000,0.0017608898,0.017407436,0.0,0.3,1079
303422000,0.00025974028,0.005096472,0.0,0.1,385
303428000,8.777381,3.5318916,0.0,14.8,588
303431000,0.0034482758,0.018569535,0.0,0.1,29
303436000,0.0,0.0,0.0,0.0,429
303455000,0.0,0.0,0.0,0.0,234
303457000,0.0,0.0,0.0,0.0,419
303461000,2.9426358,3.593507,0.0,9.3,1032
303465000,0.0007556675,0.0086709345,0.0,0.1,397
303466000,0.22270916,1.1156353,0.0,7.5,251
303471000,0.06943128,0.059604067,0.0,0.3,422
303476000,3.573715,6.43004,0.0,19.1,681
303505000,0.011480362,0.031926744,0.0,0.1,331
303514000,0.13787375,0.56198525,0.0,4.2,301
303517000,6.082579,3.6770203,0.0,10.3,729
303520000,6.917263,4.697941,0.0,13.1,782
303532000,0.007868021,0.02695813,0.0,0.1,394
303533000,0.20989583,0.934014,0.0,7.6,384
303544000,0.0,0.0,0.0,0.0,397
303547000,1.1258621,2.334002,0.0,9.5,58
303558000,0.028220858,0.04514613,0.0,0.1,163
303584000,8.879218,6.213558,0.0,19.8,818
303585000,0.0,0.0,0.0,0.0,413
303589000,1.252485,3.1357577,0.0,10.9,503
303612000,0.00028248588,0.00531118,0.0,0.1,708
303615000,0.0097186705,0.041233204,0.0,0.3,391
303628000,0.0023696683,0.0152464155,0.0,0.1,211
303636000,0.0,0.0,0.0,0.0,1146
303656000,12.969145,0.31672102,12.2,13.8,1076
303658000,1.8881534,2.9707901,0.0,10.0,287
303668000,10.498059,2.4624639,0.2,14.1,979
303679000,0.017417418,0.13861382,0.0,1.5,333
303682000,0.010123119,0.058110535,0.0,0.6,731
303849000,0.0,0.0,0.0,0.0,367
303867000,0.18024133,0.67482924,0.0,4.2,663
303868000,0.025355449,0.04355619,0.0,0.1,422
303870000,6.1612597,6.722467,0.0,22.1,937
303879000,0.0,0.0,0.0,0.0,371
303882000,11.9804125,5.58478,0.1,21.1,194
303889000,0.0,0.0,0.0,0.0,1028
303924000,0.0,0.0,0.0,0.0,442
303925000,0.00014164306,0.0037635497,0.0,0.1,706
303940000,0.0,0.0,0.0,0.0,380
303999000,4.8,2.8565264,0.0,9.9,1015
304010618,6.5411024,6.2556496,0.0,15.0,635
304010792,0.47940505,1.7698771,0.0,11.5,437
304010937,2.529798,3.164375,0.0,12.4,198
304010983,12.287115,0.8059314,9.6,14.4,520
304067000,0.0,0.0,0.0,0.0,414
304080796,0.19311927,0.104159005,0.0,0.6,436
304221000,8.620346,3.41736,0.0,10.9,924
304304000,0.23626943,1.0132784,0.0,6.2,386
304483000,0.025,0.05,0.0,0.1,4
304598000,3.8179348,5.298644,0.0,13.1,552
304798000,0.0039800997,0.026122283,0.0,0.2,402
304941000,9.678294,4.5095263,0.0,13.9,903
305066000,9.35,5.6544642,0.0,14.7,800
305134000,15.24184,0.3392105,14.2,16.2,576
305140000,0.007862408,0.031185143,0.0,0.2,407
305146000,0.28194445,0.2644827,0.0,2.0,72
305164000,17.9,0.0,17.9,17.9,2
305200000,11.942014,1.1134617,8.2,13.9,576
305276000,11.405015,0.49002317,9.5,12.5,339
305291000,14.840243,5.932109,0.0,19.0,574
305350000,0.0,0.0,0.0,0.0,405
305459000,11.043155,1.5148783,8.3,14.1,672
305514000,11.706667,0.33273336,10.8,12.3,120
305529000,8.801496,4.871166,0.0,13.3,802
305682000,0.51496744,1.5487349,0.0,6.0,461
305703000,9.723473,2.5615325,5.9,13.7,1146
305723000,12.16553,0.36185166,11.7,13.2,264
305756000,0.00095465395,0.009735514,0.0,0.1,419
305767000,0.0,0.0,0.0,0.0,424
305792000,0.0,0.0,0.0,0.0,428
305856000,13.892547,2.1046915,9.3,16.4,322
306812000,0.05,0.054772258,0.0,0.1,6
306931000,3.3632557,0.7570841,0.6,4.7,215
306981000,0.2013889,0.10642711,0.0,0.5,144
308017000,13.164407,2.1426508,0.0,19.9,59
308045000,8.324501,5.6091843,0.0,16.4,751
308077000,0.06610577,0.100505844,0.0,0.5,416
308126000,0.0,0.0,0.0,0.0,419
308136000,13.90489,2.0740638,5.6,16.2,409
308311000,4.6252174,3.300816,0.0,14.3,690
308371000,0.019950125,0.050999977,0.0,0.6,401
308457000,4.096927,3.6188686,0.0,9.3,358
308511000,16.45,0.07071095,16.4,16.5,2
308808000,18.2,0.23452066,17.9,18.4,5
308865000,12.345945,5.4638505,0.0,21.3,37
308976000,0.22428572,0.15195918,0.0,0.8,210
309168000,0.4,0.14142135,0.3,0.5,2
309281000,14.546,0.43387678,13.7,15.2,50
309374000,8.110332,2.4003954,4.3,12.2,784
309403000,19.780539,0.55648917,12.4,20.4,334
309518000,7.141115,4.688619,0.0,11.2,771
309653000,12.229237,1.7888601,9.4,15.6,1074
309764000,10.738713,1.540932,5.1,13.5,793
309785000,0.0012019231,0.010910262,0.0,0.1,416
309813000,1.8671945,3.3185163,0.0,9.2,442
309822000,12.033491,0.4205177,10.6,13.1,212
309942000,18.91111,0.24720648,18.6,19.3,9
309951000,20.517204,1.3331227,18.0,21.8,186
309955000,10.340267,1.4004989,6.1,12.8,673
310000000,1.0673268,5.749081,0.0,67.8,404
310056176,0.0,0.0,0.0,0.0,5
310376000,5.456,1.8214189,0.6,7.5,25
310380000,0.0,0.0,0.0,0.0,159
310380030,2.7544117,2.4206471,0.0,11.9,68
310384000,4.387152,4.9983187,0.0,13.2,755
310500000,1.2428572,1.1087897,0.3,9.1,567
310515000,2.9394927,2.514432,0.0,12.5,828
310563000,0.0019390582,0.013808478,0.0,0.1,361
310627000,15.316162,2.3224156,12.2,18.4,99
310661000,0.092307694,0.58374935,0.0,5.2,390
310764000,5.9988704,4.928154,0.0,14.1,708
310779000,0.56875,2.0373502,0.0,10.4,480
310791000,20.617392,0.16235003,20.4,21.0,46
310795000,14.598592,0.22645912,14.3,15.0,71
310799000,0.0,0.0,0.0,0.0,381
310806000,0.12033899,0.10715956,0.0,0.5,354
310828000,0.0010989011,0.010482849,0.0,0.1,91
310829000,0.0,0.0,0.0,0.0,415
310996191,0.0016997168,0.012944393,0.0,0.1,353
311000084,4.2841897,0.5182864,3.1,5.3,506
311000106,0.00084033614,0.009141199,0.0,0.1,357
311000111,3.013182,3.6728623,0.0,8.8,220
311000112,6.868493,2.0096595,3.2,11.4,876
311000115,0.61211824,0.28388843,0.0,1.8,1015
311000143,0.20446429,0.082077086,0.1,0.5,112
311000153,0.016504854,0.046996582,0.0,0.3,412
311000221,2.7035089,2.5683708,0.0,10.9,741
311000222,0.0,0.0,0.0,0.0,354
311000225,5.8,4.9393997,0.0,11.6,662
311000240,0.12113145,0.10329271,0.0,0.6,601
311000247,11.91557,7.4545364,0.0,19.8,867
311000251,12.304762,0.17104714,12.0,12.9,126
311000274,11.439535,5.5075765,2.5,19.3,43
311000297,11.444755,0.1612794,11.1,11.7,143
311000327,0.0050228313,0.05037502,0.0,0.6,438
311000341,0.0,0.0,0.0,0.0,433
311000346,13.538182,0.80717367,12.0,17.5,660
311000365,13.171848,1.0750643,11.8,15.4,579
311000368,3.2036755,3.8592758,0.0,12.2,789
311000379,13.153658,0.14679503,12.8,13.5,41
311000384,0.0,0.0,0.0,0.0,408
311000396,10.011932,7.6147337,0.0,23.1,771
311000421,12.235617,0.20907862,11.9,12.7,73
311000436,0.0013586957,0.0260643,0.0,0.5,368
311000442,0.114285715,0.12468606,0.0,0.7,427
311000452,11.33134,0.8670488,5.8,12.7,1053
311000458,3.7131097,5.5099225,0.0,15.9,328
311000465,3.7693548,4.969655,0.0,12.5,310
311000467,8.97831,2.493265,5.5,12.9,710
311000579,16.809376,0.21456538,16.5,17.2,32
311000580,8.473536,5.1191955,0.0,15.3,922
311000584,7.299904,3.5015535,0.0,10.5,1039
311000600,6.1727276,4.61976,0.1,10.0,11
311000616,0.10000001,0.05773503,0.0,0.2,7
311000617,0.22222222,0.52642584,0.0,2.3,18
311000618,0.061904766,0.07400129,0.0,0.3,21
311000637,0.27990076,0.17960152,0.0,1.0,403
311000641,0.09392524,0.11897499,0.0,0.7,428
311000660,19.43386,0.28289106,19.0,20.4,443
311000712,0.0,0.0,0.0,0.0,369
311000720,5.963928,3.885954,0.0,9.1,779
311000723,4.7940035,2.418677,0.3,9.8,567
311000743,1.6863637,2.3753111,0.6,13.2,132
311000746,8.669642,0.7677405,8.1,11.3,56
311000756,0.005059524,0.037112128,0.0,0.6,336
311000767,10.7,0.0,10.7,10.7,4
311000769,14.309337,0.43369338,13.5,15.2,407
311000779,11.682525,0.16593602,11.4,12.1,103
311000795,0.0,0.0,0.0,0.0,369
311000803,6.540928,5.1067686,0.0,12.9,733
311000804,0.013317191,0.039925765,0.0,0.2,413
311000807,10.951559,6.044405,0.1,20.1,1154
311000808,12.3,0.4535574,12.0,13.3,8
311000813,0.0,0.0,0.0,0.0,392
311000834,5.630156,7.170931,0.0,18.4,577
311000857,11.88965,1.2865734,7.3,15.8,860
311000876,11.68312,8.1435795,0.0,19.5,859
311000877,0.37554482,1.1872123,0.0,6.5,413
311000879,15.549133,5.9825907,1.0,23.0,692
311000898,12.657947,0.35371396,11.2,13.4,906
311000902,2.0122094,4.0405354,0.0,13.7,516
311000923,3.2295856,1.7546756,1.1,7.2,676
311000933,0.0,0.0,0.0,0.0,434
311000938,0.0076190475,0.026657509,0.0,0.1,105
311000954,5.736189,2.6804032,0.0,11.5,677
311000957,0.3285714,0.12535663,0.2,0.5,7
311000963,12.823611,0.19822663,12.4,13.2,72
311000966,17.293596,0.3772448,16.6,18.6,328
311000969,6.4679055,4.379121,0.0,13.7,592
311000980,0.029256593,0.047105383,0.0,0.2,417
311001003,10.7699585,5.6502557,0.0,16.9,719
311001005,9.2324295,6.673768,0.0,16.0,811
311001033,20.868254,3.6871269,0.0,23.5,378
311001057,0.102072544,0.08087736,0.0,0.7,386
311001058,5.543013,4.070571,0.0,9.8,458
311001077,4.661538,4.4522114,0.0,14.0,208
311001094,9.75,0.2121315,9.6,9.9,2
311001095,9.101991,6.0070677,0.0,18.5,854
311001096,0.04819079,0.06642197,0.0,0.9,608
311001104,0.0013559322,0.014221,0.0,0.2,295
311001115,7.1431346,3.719903,1.1,10.7,721
311003200,15.634622,0.674756,13.6,17.2,569
311003600,4.296959,3.592621,0.1,10.2,559
311003900,11.436654,1.0960077,8.4,13.2,1064
311007500,0.0,0.0,0.0,0.0,424
311011500,0.101388894,0.048912268,0.0,0.2,72
311017100,3.314879,3.0367284,0.4,12.1,578
311018700,0.0006896552,0.008285391,0.0,0.1,435
311020600,10.023776,0.71748364,8.0,10.9,143
311024500,0.0,0.0,0.0,0.0,7
311037600,11.170335,2.319162,0.7,12.8,627
311040600,4.404014,5.827815,0.0,15.5,573
311042900,8.682504,4.398923,0.3,15.5,823
311048300,16.795977,0.73029876,15.6,17.8,174
311050300,0.01764706,0.038165204,0.0,0.1,442
311050400,0.0,0.0,0.0,0.0,5
311057300,0.08483412,0.115774155,0.0,0.8,422
311060500,0.41489363,0.2864068,0.0,1.2,423
311061800,10.805385,1.1274112,6.6,12.2,130
311062000,0.057602864,0.0748378,0.0,0.5,559
311069200,3.3879902,2.4194193,0.1,7.7,408
311263000,19.676043,0.56950575,18.7,20.6,288
311353000,2.9078674,5.503373,0.0,14.9,483
311478000,19.383133,0.51647264,17.1,20.4,166
311492000,1.0666667,0.05773504,1.0,1.1,3
311493000,7.2334256,7.9008613,0.0,19.0,724
311536000,0.4,,0.4,0.4,1
311594000,15.2625,0.17700213,14.9,15.7,48
311603000,0.07451457,0.09694108,0.0,0.6,412
311646000,1.665055,3.6460752,0.0,12.8,455
311698000,12.448816,4.1901903,4.1,18.1,1141
311702000,0.11759036,0.12239154,0.0,0.6,415
311727000,4.224818,2.631788,0.6,11.0,1100
311728000,8.32647,5.500466,0.0,15.2,816
311733000,16.163637,0.06741986,16.1,16.3,11
311816000,12.27608,6.379399,0.0,19.4,602
311831000,0.0009153318,0.011695081,0.0,0.2,437
311923000,11.735907,0.9964199,6.1,13.2,894
311929000,0.11772152,0.07295853,0.0,0.3,79
311963000,0.0,0.0,0.0,0.0,93
312283000,5.275,0.05000019,5.2,5.3,4
312407000,6.129491,0.6014222,4.8,7.6,373
312666000,0.00035971223,0.0059976014,0.0,0.1,278
314296000,12.662499,0.28864384,12.3,13.3,24
314444000,4.049892,5.6001925,0.0,14.4,463
314447000,10.135452,1.3997166,3.3,13.9,818
314450000,13.037499,3.397033,0.3,14.0,16
316001002,0.0,0.0,0.0,0.0,1110
316001005,0.0012738854,0.01125042,0.0,0.1,157
316001022,0.0,0.0,0.0,0.0,5
316001028,0.0,0.0,0.0,0.0,202
316001068,3.8589237,4.660107,0.0,13.0,1059
316001096,0.00035938906,0.0059868144,0.0,0.1,1113
316001152,0.9142857,0.6890297,0.2,2.0,7
316001193,0.012598426,0.035523437,0.0,0.2,381
316001221,1.8973223,3.3693411,0.0,14.1,1083
316001222,0.000862069,0.00924909,0.0,0.1,1044
316001223,5.641393,1.5578864,2.4,9.5,1005
316001232,0.0016000001,0.012564274,0.0,0.1,375
316001235,3.4524012,3.8920958,0.0,8.5,708
316001236,5.495455,3.2258594,0.0,9.3,22
316001238,6.9544134,6.4156585,0.0,16.2,963
316001244,7.104255,2.327058,2.9,11.7,47
316001245,14.041482,8.475092,0.0,20.3,945
316001247,4.386509,5.260875,0.0,12.4,845
316001249,8.562175,8.986917,0.0,21.0,846
316001251,8.389017,9.369068,0.0,20.3,956
316001252,7.3915167,5.8838024,0.0,15.9,778
316001255,0.0,0.0,0.0,0.0,390
316001257,14.422968,7.9984603,0.0,20.8,775
316001262,0.00027322405,0.005227084,0.0,0.1,366
316001265,4.366106,4.0859504,0.0,10.0,773
316001266,4.1668415,4.5383162,0.0,11.0,763
316001267,3.60097,5.4087267,0.0,14.3,1134
316001268,10.579824,9.342385,0.0,21.7,907
316001269,10.354399,9.317927,0.0,21.7,932
316001271,12.5,0.0,12.5,12.5,2
316001416,7.151807,8.917691,0.0,41.0,83
316001434,5.35764,4.8264914,0.0,12.0,661
316001449,0.006779661,0.025246862,0.0,0.1,118
316001451,0.0,0.0,0.0,0.0,30
316001453,0.0,0.0,0.0,0.0,7
316001454,0.0,0.0,0.0,0.0,3
316001476,1.1304855,4.682166,0.0,25.7,1112
316001481,0.027435897,0.04692158,0.0,0.2,390
316001514,0.06666667,0.05773503,0.0,0.1,3
316001538,0.008668731,0.028181288,0.0,0.1,323
316001572,0.06931217,0.074448705,0.0,0.4,189
316001616,0.0,0.0,0.0,0.0,4
316001635,5.7680545,4.800383,0.0,11.4,1105
316001637,10.979026,0.9197142,8.3,12.1,267
316001649,0.0019047619,0.013734799,0.0,0.1,105
316001655,0.95000005,0.9192388,0.3,1.6,2
316001659,0.019123508,0.03940595,0.0,0.1,251
316001696,0.0,0.0,0.0,0.0,397
316001698,0.0015151516,0.01415027,0.0,0.2,396
316001701,8.523301,3.1888874,0.0,10.4,927
316001717,0.0068557924,0.025300011,0.0,0.1,423
316001731,6.788075,2.1488137,0.1,9.4,587
316001749,0.0,0.0,0.0,0.0,50
316001759,0.007894737,0.028608667,0.0,0.2,228
316001828,0.0,0.0,0.0,0.0,55
316001836,2.2645333,4.124901,0.0,10.6,375
316001890,1.862729,2.9818199,0.0,13.2,1092
316001892,0.0,0.0,0.0,0.0,27
316001940,0.008514494,0.027922373,0.0,0.1,1104
316001941,6.4106164,2.9586365,0.0,11.5,292
316001978,0.0,0.0,0.0,0.0,413
316002054,0.0031941035,0.020198746,0.0,0.3,814
316002059,0.0031496063,0.017534582,0.0,0.1,127
316002063,0.0,0.0,0.0,0.0,1121
316002065,0.029263915,0.057077654,0.0,0.3,1114
316002160,1.5077121,2.9152892,0.0,7.9,778
316002184,0.02,0.04472136,0.0,0.1,5
316002238,0.002274642,0.014915684,0.0,0.1,1187
316002280,0.13195165,0.7069954,0.0,8.0,1158
316002294,0.02988506,0.049541116,0.0,0.2,174
316002306,0.0,0.0,0.0,0.0,38
316002310,0.0,0.0,0.0,0.0,93
316002501,3.0068896,4.1661015,0.0,14.3,987
316002595,10.2,,10.2,10.2,1
316002718,0.0043373494,0.020394228,0.0,0.1,415
316002729,6.0750003,2.4424953,0.0,7.6,68
316002834,0.0,,0.0,0.0,1
316002873,8.282693,3.394111,0.0,11.9,416
316002912,0.0012232416,0.011009018,0.0,0.1,327
316002950,0.00041322314,0.0064282436,0.0,0.1,242
316002956,0.0022686026,0.028659556,0.0,0.5,1102
316002974,2.6664188,3.5262933,0.0,8.3,941
316002976,5.625,3.6706948,0.0,9.9,16
316003008,0.005033557,0.021900423,0.0,0.1,298
316003123,0.00052083336,0.007207451,0.0,0.1,384
316003124,0.0015625,0.015259199,0.0,0.2,256
316003176,0.034782607,0.05024658,0.0,0.2,322
316003250,10.818037,3.2286344,0.0,13.4,1070
316003289,0.00024420026,0.0049386406,0.0,0.1,819
316003331,0.5341743,2.0535655,0.0,9.4,872
316003351,0.00028328612,0.00531743,0.0,0.1,1059
316003446,0.0051423325,0.0616203,0.0,1.8,1089
316003447,0.0021719458,0.014583199,0.0,0.1,1105
316003448,0.0045714285,0.020916378,0.0,0.1,350
316003503,0.0,0.0,0.0,0.0,80
316003527,0.00801105,0.027158925,0.0,0.1,1086
316003544,9.578947,5.574404,1.1,18.0,19
316003558,6.3123074,3.3648899,0.0,9.6,130
316003600,0.23393178,0.8951388,0.0,5.6,1114
316003616,0.14389588,0.9695098,0.0,10.5,1114
316003638,16.22857,9.792806,0.0,25.1,7
316003659,5.948319,0.67139983,4.8,7.7,238
316003663,3.697496,3.0084803,0.0,10.2,1198
316003667,1.6743891,3.0535517,0.0,12.5,1023
316003669,1.8865869,2.3602803,0.0,6.8,835
316003677,4.0021677,3.1223361,0.0,10.0,1107
316003702,0.00050251256,0.010025094,0.0,0.2,398
316003703,0.002658112,0.016092949,0.0,0.1,1091
316003760,0.000456621,0.006757374,0.0,0.1,219
316003806,1.3428571,2.520927,0.0,9.1,364
316003807,0.032890365,0.22748177,0.0,2.4,301
316003871,2.3545344,3.1142583,0.0,10.9,816
316003878,0.004140414,0.022075916,0.0,0.2,1111
316003880,0.0,0.0,0.0,0.0,11
316003895,0.00034246576,0.0058520576,0.0,0.1,292
316003900,8.153198,5.063136,0.0,15.1,891
316003982,0.0017408124,0.013084969,0.0,0.1,1034
316004038,0.0,0.0,0.0,0.0,122
316004052,0.0011340206,0.01059395,0.0,0.1,970
316004055,0.08245614,0.11358258,0.0,0.8,57
316004106,5.62226,9.44002,0.0,26.9,292
316004319,2.6080167,1.2681476,0.0,9.1,237
316004370,0.0,0.0,0.0,0.0,403
316004410,0.0,0.0,0.0,0.0,330
316004448,19.4625,13.895349,0.3,33.0,24
316004449,0.2652174,0.36161205,0.0,1.5,46
316004457,21.365385,14.327259,0.2,34.6,26
316004458,20.219845,13.049307,0.0,36.7,257
316004535,6.3951807,2.0789833,0.5,8.7,83
316004536,9.935955,8.665977,0.0,23.5,89
316004579,0.1,,0.1,0.1,1
316004658,5.4043436,2.9117422,0.0,11.3,1013
316004659,4.2052383,2.979724,0.0,9.1,1069
316004661,6.4088182,2.6920824,0.0,11.3,567
316004787,0.003955842,0.03555648,0.0,0.8,1087
316004831,0.0,0.0,0.0,0.0,131
316004832,5.928814,4.062756,0.0,13.6,413
316004908,0.0014995314,0.012159076,0.0,0.1,1067
316004910,2.4858675,3.891245,0.0,12.3,1118
316004932,2.9894645,3.2570126,0.0,10.3,1139
316004946,0.01904762,0.051176634,0.0,0.2,21
316004950,0.0,0.0,0.0,0.0,410
316004969,2.0007353,2.5761237,0.0,11.1,952
316004971,9.7,12.404377,0.0,25.2,8
316005043,0.002057613,0.01688209,0.0,0.2,243
316005064,0.1,0.1,0.0,0.2,3
316005159,0.0,0.0,0.0,0.0,11
316005175,0.9133019,3.6017416,0.0,19.5,1060
316005204,0.0,0.0,0.0,0.0,88
316005337,0.025238097,0.13583408,0.0,1.9,210
316005360,0.0,0.0,0.0,0.0,1102
316005376,0.05257732,0.06393874,0.0,0.3,291
316005379,0.0021276595,0.0145078655,0.0,0.1,94
316005382,0.001977401,0.01394199,0.0,0.1,354
316005397,3.3,,3.3,3.3,1
316005416,0.0,0.0,0.0,0.0,1021
316005417,6.1837664,0.88342094,0.1,8.9,1078
316005444,9.416196e-05,0.0030685822,0.0,0.1,1062
316005496,4.492693,3.4328423,0.0,12.8,999
316005498,3.953862,3.0207074,0.0,8.8,971
316005551,0.6783251,2.4009776,0.0,10.4,609
316005563,6.016279,1.0325489,1.6,6.8,43
316005605,0.0001003009,0.0031670318,0.0,0.1,997
316005607,1.7803109,3.4648027,0.0,10.8,386
316005609,0.26787987,1.3621798,0.0,10.7,1099
316005611,0.038629595,0.049120586,0.0,0.2,1007
316005616,3.8774257,3.1036386,0.0,10.5,1010
316005621,0.0,0.0,0.0,0.0,4
316005623,0.44128856,1.5054764,0.0,9.3,1102
316005636,5.113492,2.0973842,0.0,8.6,252
316005649,0.15426008,0.7635475,0.0,8.0,1115
316005651,0.16494949,1.0118878,0.0,10.5,990
316005667,0.0,0.0,0.0,0.0,1025
316005671,0.0066326535,0.024948929,0.0,0.1,196
316005713,1.3639323,2.3795826,0.0,9.7,768
316005715,2.8015912,3.6426241,0.0,12.3,817
316005716,3.0517387,3.4781733,0.0,10.9,949
316005717,4.2880516,3.3253853,0.0,11.0,929
316005721,0.5350097,1.6366957,0.0,12.7,1034
316005724,0.7490029,2.1125848,0.0,10.8,1053
316005725,2.8428257,3.6259112,0.0,11.4,453
316005728,1.1291305,2.652984,0.0,12.5,920
316005768,0.0017924528,0.013273983,0.0,0.1,1060
316005772,0.0012605042,0.011179745,0.0,0.1,238
316005774,0.0009803922,0.009877058,0.0,0.1,204
316005813,0.0030651342,0.023000661,0.0,0.3,261
316005819,0.50705886,1.8074074,0.0,10.1,255
316005832,0.001904762,0.013690988,0.0,0.1,315
316005882,6.6,,6.6,6.6,1
316005893,0.0,0.0,0.0,0.0,3
316005952,0.0007905138,0.008873426,0.0,0.1,253
316005954,0.034408603,0.04776442,0.0,0.1,93
316005965,0.0,0.0,0.0,0.0,423
316005971,0.0,0.0,0.0,0.0,1118
316005998,0.0036264732,0.019182336,0.0,0.2,1103
316006075,2.4342303,2.7999406,0.0,9.3,929
316006155,0.00032154343,0.00567048,0.0,0.1,311
316006163,0.0036363637,0.021055581,0.0,0.2,220
316006264,9.8,,9.8,9.8,1
316006356,1.5255319,2.7072806,0.0,11.7,470
316006428,4.529703,1.3429478,0.1,6.4,101
316006593,0.0074626864,0.026477166,0.0,0.1,67
316006651,0.05,0.05773503,0.0,0.1,4
316006789,0.05,0.1,0.0,0.2,4
316006859,0.15,0.10000001,0.1,0.3,4
316006868,9.455467,3.2973328,0.0,11.6,1006
316006894,0.9630219,3.189341,0.0,17.8,503
316007017,0.0004587156,0.006772855,0.0,0.1,218
316007107,0.0,0.0,0.0,0.0,14
316007168,0.0,0.0,0.0,0.0,26
316007188,0.0,0.0,0.0,0.0,103
316007236,3.7872262,5.750071,0.0,25.5,274
316007504,2.0035713,0.8135346,0.2,3.2,28
316007566,0.5212401,2.0844674,0.0,11.3,758
316007571,2.2166667,1.2967324,0.0,3.6,12
316007636,0.0017857143,0.013302732,0.0,0.1,112
316007649,3.1434426,3.2877681,0.0,7.6,122
316007654,4.85184,3.1885982,0.0,11.2,924
316007656,0.00043290044,0.006579517,0.0,0.1,231
316007876,6.957143,0.31061795,6.4,7.8,14
316007928,0.0012135922,0.010962578,0.0,0.1,412
316007956,4.5533338,1.7266262,0.9,6.2,15
316008190,0.0,0.0,0.0,0.0,242
316008277,4.05,2.8991377,2.0,6.1,2
316008278,9.87963,9.024336,0.0,29.7,54
316008357,3.6349998,1.1046671,1.8,5.6,20
316008380,0.012727273,0.034464333,0.0,0.2,275
316008511,0.04409938,0.05276731,0.0,0.2,322
316008516,0.09051724,0.08338329,0.0,0.4,116
316008556,0.008108108,0.029956484,0.0,0.4,925
316008627,0.033333335,0.05163978,0.0,0.1,6
316008779,0.018604651,0.0418567,0.0,0.3,344
316008900,0.00021978022,0.004685493,0.0,0.1,910
316009004,0.0,0.0,0.0,0.0,213
316009014,2.8988764,2.9366608,0.0,7.6,89
316009063,4.9,3.6386812,0.7,7.1,3
316009090,0.0,0.0,0.0,0.0,392
316009165,0.0016620499,0.012790373,0.0,0.1,1083
316009168,0.0,0.0,0.0,0.0,3
316009175,16.430508,10.884151,0.0,29.0,177
316009219,0.55481243,1.6379777,0.0,9.8,613
316009316,0.0,0.0,0.0,0.0,3
316009423,1.2184211,2.6911247,0.0,8.6,342
316009457,0.0,0.0,0.0,0.0,413
316009547,4.525614,4.075067,0.0,9.4,855
316009560,6.9191494,4.698714,0.4,12.9,94
316009747,8.176723,1.8603019,0.5,17.4,1147
316009842,0.0,0.0,0.0,0.0,3
316009843,2.9458373,3.3277285,0.0,10.6,1069
316009844,0.010589411,0.030785585,0.0,0.1,1001
316009853,0.0165234,0.141097,0.0,2.9,1047
316009868,0.0,0.0,0.0,0.0,6
316010192,1.3945813,2.6254504,0.0,7.3,203
316010312,0.0075630257,0.026496282,0.0,0.1,238
316010415,7.789984,5.238978,0.0,20.2,639
316010495,12.200001,7.3647814,7.6,23.2,4
316010543,0.0,0.0,0.0,0.0,27
316010556,0.027142858,0.07434839,0.0,0.6,210
316010779,7.030519,7.264475,0.0,29.0,154
316010973,2.4636364,4.767866,0.0,14.6,11
316011116,0.09,0.03077935,0.0,0.1,20
316011299,0.011552347,0.033135235,0.0,0.2,277
316011319,0.0010238908,0.018461587,0.0,0.4,586
316011407,7.640127,9.248736,0.0,21.5,471
316011408,13.797309,8.55042,0.0,21.0,929
316011409,0.0,0.0,0.0,0.0,213
316011427,0.026923077,0.045234434,0.0,0.1,26
316011441,0.0029126215,0.01682624,0.0,0.1,824
316011461,9.1,,9.1,9.1,1
316011497,0.062337663,0.07786453,0.0,0.3,77
316011504,3.4104564,4.562181,0.0,10.5,1052
316011550,2.5347826,4.481163,0.0,12.7,483
316011582,0.0,,0.0,0.0,1
316011649,3.9353917,5.005663,0.0,13.0,1085
316011710,12.227817,1.852818,7.2,14.2,1136
316011730,2.6329694,2.1543362,0.0,9.7,458
316011736,4.253505,2.8763494,0.0,21.2,271
316011746,0.008096741,0.0421483,0.0,0.6,951
316011771,0.025333334,0.05199588,0.0,0.3,225
316011878,0.0,0.0,0.0,0.0,6
316011905,0.00025,0.005,0.0,0.1,400
316011912,9.530666,9.42283,0.0,30.9,75
316011934,0.28392857,0.25307208,0.0,1.3,224
316011981,0.001719457,0.01300547,0.0,0.1,1105
316011982,4.8118787,7.6098313,0.0,23.2,463
316012046,0.0,0.0,0.0,0.0,1083
316012074,0.12857142,0.34016803,0.0,0.9,7
316012198,9.35514,8.867944,0.0,25.3,107
316012251,0.0,0.0,0.0,0.0,3
316012342,3.155014,2.8948166,0.0,10.7,1067
316012406,0.24299999,0.66939634,0.0,4.2,200
316012453,0.118769236,0.16058831,0.0,1.3,325
316012470,4.3875,1.4991933,0.8,5.7,32
316012480,5.2999997,0.65574396,4.7,6.0,3
316012774,8.7038765,6.2994347,0.0,15.2,129
316012950,15.033334,1.0172794,13.3,17.2,36
316013007,5.2792826,4.547664,0.0,10.1,251
316013040,15.157143,0.29920512,14.6,15.5,7
316013073,0.0,0.0,0.0,0.0,286
316013092,0.16296296,0.77675354,0.0,6.6,378
316013198,0.003371869,0.018059114,0.0,0.1,1038
316013209,0.010501194,0.03069353,0.0,0.1,419
316013215,0.21690822,0.158547,0.0,0.8,414
316013411,8.7054205,1.9504105,0.9,11.7,904
316013412,8.150416,1.6119124,1.1,12.3,1081
316013431,2.8521366,6.2062535,0.0,21.3,819
316013506,0.02,0.04472136,0.0,0.1,5
316013512,0.039153438,0.099206015,0.0,0.6,189
316013544,0.015853658,0.0365988,0.0,0.1,246
316013688,0.0066604996,0.024945207,0.0,0.1,1081
316013711,0.14441559,0.30426866,0.0,3.1,385
316013809,0.023175966,0.04228647,0.0,0.1,233
316013825,0.0,0.0,0.0,0.0,214
316013835,0.0,0.0,0.0,0.0,34
316013843,0.003508772,0.018563716,0.0,0.1,57
316013866,4.093671,2.9995475,0.0,7.7,158
316013941,4.2914286,4.209833,0.0,9.9,420
316013966,0.50066835,1.6169926,0.0,9.6,1197
316013972,0.0,0.0,0.0,0.0,82
316013980,0.0,0.0,0.0,0.0,439
316014054,0.0,0.0,0.0,0.0,1051
316014060,0.10273738,0.50698143,0.0,7.5,1169
316014107,0.0,0.0,0.0,0.0,1062
316014160,0.0044619422,0.020673826,0.0,0.1,381
316014170,1.9947941,2.7309732,0.0,8.2,826
316014214,0.002327837,0.037318014,0.0,1.1,1031
316014621,0.0009646303,0.009789825,0.0,0.1,311
316014646,7.1156893,2.4990585,0.0,12.5,631
316014750,,,,,0
316014836,3.9352777,3.6606894,0.0,11.1,1063
316014840,0.0,0.0,0.0,0.0,222
316014850,0.0,0.0,0.0,0.0,190
316014858,0.002843602,0.016661024,0.0,0.1,211
316014860,0.0,0.0,0.0,0.0,329
316014995,0.8648855,2.088915,0.0,11.3,655
316015116,2.1000001,1.6953719,0.1,4.1,8
316015121,3.1286898,3.8594866,0.0,11.5,603
316015187,28.0,,28.0,28.0,1
316015269,0.9061728,1.927933,0.0,6.9,1134
316015284,0.0,0.0,0.0,0.0,259
316015562,0.0060509555,0.023880906,0.0,0.1,314
316015616,3.8169231,2.299631,0.0,7.0,65
316015632,2.1817598,3.4757094,0.0,10.0,1091
316015688,0.0,0.0,0.0,0.0,286
316015747,0.9700454,0.7051831,0.0,4.0,661
316016013,1.1565297,3.2724504,0.0,11.9,1095
316016060,0.005,0.02236068,0.0,0.1,20
316016066,1.0581633,1.9624791,0.0,8.2,98
316016122,2.84,2.871933,0.0,6.2,5
316016131,0.020848377,0.041302226,0.0,0.2,1108
316016171,6.8442307,3.2765605,0.3,9.7,52
316016281,0.0014251783,0.01186681,0.0,0.1,421
316016328,0.008974359,0.041423474,0.0,0.2,1092
316016342,0.0,0.0,0.0,0.0,97
316016351,0.027906979,0.04538503,0.0,0.1,43
316016385,0.003954802,0.022262847,0.0,0.2,177
316016415,0.0008510638,0.009205579,0.0,0.1,235
316016566,6.507407,1.3789421,0.0,7.5,27
316016654,5.0733333,2.2644668,0.1,7.7,15
316016864,6.5653844,1.9442105,0.0,7.7,52
316017005,0.0015075378,0.012216015,0.0,0.1,199
316017034,0.0,,0.0,0.0,1
316017058,0.0,0.0,0.0,0.0,346
316017089,0.0024475525,0.015479099,0.0,0.1,286
316017162,1.847185,5.669042,0.0,22.3,1119
316017707,21.6,16.534332,0.0,40.7,25
316017732,0.0,0.0,0.0,0.0,11
316017885,7.1606064,3.8962274,0.0,10.4,33
316018038,0.6610715,1.9615165,0.0,8.4,280
316018102,0.36521742,0.2690196,0.0,1.1,23
316018117,0.005135952,0.022106415,0.0,0.1,331
316018224,0.2,0.25071326,0.0,0.8,15
316018365,3.3657143,1.5889218,1.4,6.8,35
316018379,1.1259494,3.2487955,0.0,15.1,158
316018469,5.312712,3.189715,0.0,11.4,118
316018477,0.0,0.0,0.0,0.0,317
316018513,7.5504346,8.299687,0.0,25.7,115
316018526,3.0370371,3.1799664,0.0,7.3,54
316018604,1.7487805,2.6350331,0.0,11.3,492
316018605,0.021942446,0.07150146,0.0,1.0,278
316018619,3.8618662,3.5481024,0.0,11.4,493
316018634,2.4078157,2.5921335,0.0,10.3,499
316018697,1.0,,1.0,1.0,1
316018772,0.0026315788,0.016037444,0.0,0.1,266
316018816,0.0021978023,0.014688095,0.0,0.1,273
316018825,0.05,0.06593805,0.0,0.2,24
316018929,0.09132948,0.12614578,0.0,1.0,173
316019268,0.9076923,1.3400631,0.0,4.0,13
316019447,0.001826484,0.013396875,0.0,0.1,1095
316019735,0.0045454544,0.02089785,0.0,0.1,154
316019802,0.0018237083,0.013401149,0.0,0.1,329
316020067,0.13403477,1.0736752,0.0,12.6,1093
316020139,4.9347825,4.505008,0.5,14.1,23
316020651,1.3977565,2.0164824,0.0,5.6,312
316020711,9.147892,10.378945,0.0,28.2,332
316020742,0.003614458,0.047143884,0.0,0.7,332
316020762,3.3333333,2.0607443,2.2,7.5,6
316020789,0.027731093,0.048580475,0.0,0.2,119
316020868,0.97420526,2.2531366,0.0,11.9,1101
316020869,0.6032427,1.7376761,0.0,10.5,956
316020871,3.345059,4.1679606,0.0,11.0,1103
316020878,4.7933035,3.9960995,0.0,13.4,1120
316020998,2.9382775,4.5377836,0.0,11.6,418
316021061,0.0,0.0,0.0,0.0,4
316021184,0.0,0.0,0.0,0.0,374
316021192,0.0004950495,0.0070359753,0.0,0.1,202
316021215,0.017056856,0.03767621,0.0,0.1,299
316021247,0.595,0.42025402,0.0,2.3,120
316021259,0.2,0.12649111,0.0,0.3,6
316021279,0.07325066,0.25252655,0.0,2.0,1129
316021301,3.2794118,3.265768,0.0,8.8,68
316021315,0.0029900332,0.051875137,0.0,0.9,301
316021351,0.00083333335,0.009103246,0.0,0.1,360
316021382,0.0017676768,0.014990514,0.0,0.2,396
316021385,0.5011527,0.4771045,0.0,3.8,347
316021448,7.2288136,3.4662437,0.0,10.3,59
316021522,0.0006872852,0.008275961,0.0,0.1,291
316021542,1.3,,1.3,1.3,1
316021584,0.0,0.0,0.0,0.0,235
316021592,0.0009852217,0.009901234,0.0,0.1,203
316021617,0.016666668,0.03806935,0.0,0.1,24
316021624,0.041428573,0.09852956,0.0,0.7,70
316021742,4.7656565,2.5445485,0.0,8.1,99
316021796,0.0,,0.0,0.0,1
316021813,0.049404763,0.078033306,0.0,0.7,336
316021821,0.24444444,0.2068279,0.0,0.7,9
316021988,0.0013736264,0.01164474,0.0,0.1,1092
316021991,3.6473405,3.050201,0.0,11.4,376
316022014,0.0061855675,0.02415165,0.0,0.1,194
316022028,3.2388706,7.88523,0.0,27.1,301
316022036,0.002786378,0.016471,0.0,0.1,646
316022038,2.9844382,3.7550411,0.0,11.4,1041
316022149,0.014298562,0.03603495,0.0,0.3,1112
316022195,4.1694117,2.854488,0.2,9.8,85
316022229,0.0,0.0,0.0,0.0,323
316022287,0.00057803467,0.0076028593,0.0,0.1,173
316022391,0.7312336,1.8694602,0.0,8.5,1143
316022498,0.1973708,0.728872,0.0,4.9,1103
316022518,0.0,0.0,0.0,0.0,2
316022594,0.0,0.0,0.0,0.0,193
316022604,0.22475247,1.1717768,0.0,16.1,303
316022832,6.6028037,2.3256059,0.0,10.7,214
316022999,0.00034965036,0.005913124,0.0,0.1,286
316023226,0.0,0.0,0.0,0.0,160
316023267,16.333334,9.845338,7.7,28.7,6
316023273,11.109524,6.9921317,3.9,24.3,21
316023307,0.0042168675,0.020158192,0.0,0.1,166
316023339,9.779156,3.3271685,0.0,12.7,1113
316023397,0.33135134,0.5007503,0.0,3.3,185
316023437,0.018565401,0.04228491,0.0,0.3,948
316023452,0.003010949,0.01709666,0.0,0.1,1096
316023466,5.257143,2.4841099,0.0,9.2,42
316023544,0.55360824,0.9306205,0.0,5.2,97
316023605,0.0,0.0,0.0,0.0,1059
316023608,0.3663618,1.7333826,0.0,12.7,984
316023644,0.08023953,0.083044134,0.0,0.4,167
316023662,0.0,0.0,0.0,0.0,3
316023683,0.0,0.0,0.0,0.0,11
316023761,0.0,0.0,0.0,0.0,228
316023763,0.0018518519,0.013523489,0.0,0.1,162
316023819,0.008,0.027688747,0.0,0.1,25
316023833,0.0,,0.0,0.0,1
316023892,0.017991632,0.039568894,0.0,0.2,239
316023945,0.041176468,0.07122871,0.0,0.2,17
316023959,0.43834242,1.7014488,0.0,10.6,1098
316023967,8.4,,8.4,8.4,1
316024041,0.0,0.0,0.0,0.0,17
316024114,0.07660378,0.12843674,0.0,1.0,265
316024197,0.0013333333,0.011508192,0.0,0.1,150
316024204,0.3,0.42426407,0.0,0.6,2
316024235,1.8892167,1.8438828,0.0,9.5,983
316024256,0.70517397,1.8901412,0.0,6.9,1121
316024446,3.9238806,5.60633,0.0,19.3,67
316024578,1.1921532,4.583169,0.0,32.0,1045
316024713,0.3,0.20615529,0.0,0.7,9
316024728,0.0,0.0,0.0,0.0,224
316024776,2.42375,2.387268,0.0,6.9,80
316024809,0.0019047619,0.016835554,0.0,0.2,210
316024998,3.6335368,6.1295853,0.0,24.3,164
316025097,0.0041095894,0.019919537,0.0,0.1,146
316025141,0.0,0.0,0.0,0.0,234
316025623,0.0,0.0,0.0,0.0,7
316025789,0.012121213,0.033143397,0.0,0.1,33
316025807,0.008982036,0.028635323,0.0,0.1,334
316025866,4.624291,1.6633036,0.3,7.7,1128
316025881,0.0036290323,0.020100743,0.0,0.2,744
316025921,0.0,0.0,0.0,0.0,110
316025939,0.043220337,0.057703655,0.0,0.2,118
316026048,0.006694561,0.02504523,0.0,0.1,239
316026058,0.025358852,0.048812736,0.0,0.3,209
316026125,0.016546762,0.040996857,0.0,0.2,139
316026137,0.0,0.0,0.0,0.0,293
316026173,0.0047413795,0.021298181,0.0,0.1,232
316026204,3.918894,2.9764295,0.0,7.8,217
316026257,0.0012048193,0.010932077,0.0,0.1,249
316026293,11.238462,9.687667,0.3,25.8,13
316026363,0.0,0.0,0.0,0.0,415
316026448,0.85999995,1.8676187,0.0,4.2,5
316026464,2.3842106,2.603158,0.0,10.8,1140
316026466,4.161538,1.1376426,2.4,5.8,13
316026483,0.0006433823,0.007998944,0.0,0.1,1088
316026565,0.053089246,0.3608995,0.0,3.4,437
316026648,0.062650606,0.06384212,0.0,0.2,83
316026694,0.0,0.0,0.0,0.0,345
316026824,0.0,0.0,0.0,0.0,88
316026903,6.9800005,8.257239,0.1,20.4,5
316026989,3.822444,4.7053742,0.0,10.6,401
316027000,0.0061032865,0.023995453,0.0,0.1,213
316027036,0.002688172,0.016217427,0.0,0.1,186
316027199,0.08095238,0.10779169,0.0,0.3,21
316027208,0.04411765,0.06601734,0.0,0.3,34
316027369,10.06,1.9122096,1.6,11.5,45
316027405,3.891892,1.7851826,0.2,6.4,37
316027411,0.29649124,0.30703938,0.0,1.4,57
316027548,0.50617975,4.500937,0.0,42.6,178
316027563,0.07795919,0.10204828,0.0,0.5,245
316027654,0.0,0.0,0.0,0.0,49
316027731,0.008333334,0.027871782,0.0,0.1,60
316027733,0.05515152,0.15152986,0.0,3.0,990
316027734,1.2738951,3.601311,0.0,25.3,973
316027744,2.9789145,3.7484326,0.0,12.9,479
316027782,0.0,0.0,0.0,0.0,6
316027803,0.018205129,0.03863825,0.0,0.1,390
316027855,0.0060606063,0.02398206,0.0,0.1,99
316028068,0.0,0.0,0.0,0.0,2
316028199,0.0,0.0,0.0,0.0,313
316028254,3.6079469,4.1555552,0.0,15.3,302
316028312,7.6000004,0.424264,7.3,7.9,2
316028326,15.70482,0.848658,11.2,16.6,83
316028327,0.0041958042,0.020084474,0.0,0.1,286
316028342,0.0,0.0,0.0,0.0,6
316028368,3.6255815,5.6207986,0.0,18.5,43
316028373,0.0,0.0,0.0,0.0,153
316028449,9.280001,0.08366598,9.2,9.4,5
316028504,0.4390639,1.5906836,0.0,10.3,1111
316028513,3.1889656,3.2613077,0.0,7.7,145
316028554,6.4645896,5.227474,0.0,13.8,963
316028561,0.030409358,0.04739517,0.0,0.2,171
316028563,0.17137809,0.14064394,0.0,1.1,283
316028569,0.0060606063,0.024230585,0.0,0.1,33
316028574,0.016666668,0.041355733,0.0,0.2,192
316028581,0.05770751,0.065992735,0.0,0.4,253
316028652,0.0006504065,0.008045052,0.0,0.1,615
316028702,2.823801,3.2475362,0.0,13.7,1126
316028703,15.217857,6.7198787,0.0,19.9,56
316028711,0.031343285,0.06873498,0.0,0.5,134
316028722,12.157433,12.13255,0.0,35.8,148
316028723,15.735802,11.883343,0.0,27.9,81
316028783,0.17730062,0.18701707,0.0,1.3,163
316028825,0.68655914,2.156163,0.0,9.6,1116
316028848,0.6,1.033292,0.0,2.7,14
316028852,0.026936026,0.16007295,0.0,2.0,297
316028897,0.005479452,0.022915369,0.0,0.1,73
316028909,1.5974919,2.6883836,0.0,10.5,917
316028973,0.0022988506,0.015073553,0.0,0.1,87
316029000,3.4049087,4.58004,0.0,12.4,876
316029024,1.1857144,2.2180576,0.0,6.2,14
316029172,0.0,,0.0,0.0,1
316029182,14.70625,11.05365,0.0,26.3,32
316029343,0.0015479876,0.012364295,0.0,0.1,323
316029379,0.00042016807,0.0064820372,0.0,0.1,238
316029537,0.0,0.0,0.0,0.0,55
316029551,0.017197452,0.037856586,0.0,0.1,157
316029592,0.0009925559,0.009925466,0.0,0.1,403
316029654,0.0,,0.0,0.0,1
316029725,0.0,0.0,0.0,0.0,113
316029864,0.0048507466,0.02476058,0.0,0.2,268
316029984,7.435,6.460428,0.0,22.8,20
316030053,0.009411765,0.029372523,0.0,0.1,85
316030117,6.4800005,0.5750362,5.2,7.2,10
316030138,0.0023809525,0.024353635,0.0,0.3,168
316030165,0.04526316,0.057922218,0.0,0.2,95
316030283,0.041666668,0.07755316,0.0,0.3,24
316030298,1.1,1.0488088,0.0,2.6,5
316030322,0.0,0.0,0.0,0.0,171
316030383,0.0,0.0,0.0,0.0,46
316030409,0.00018709074,0.004323373,0.0,0.1,1069
316030416,11.149864,10.139591,0.0,24.6,367
316030441,0.5335714,0.6158151,0.0,6.8,420
316030482,0.0,0.0,0.0,0.0,9
316030507,0.011290322,0.031711444,0.0,0.1,248
316030541,0.0022727274,0.014960044,0.0,0.1,132
316030567,0.05,0.05270463,0.0,0.1,10
316030626,3.8637595,5.8100033,0.0,17.8,516
316030627,13.358537,0.9203194,11.7,14.5,41
316030628,0.0010230179,0.010075458,0.0,0.1,391
316030636,5.256383,1.5495932,0.1,9.9,376
316030644,2.3512197,2.715723,0.0,6.8,164
316030658,0.021518989,0.041357994,0.0,0.1,79
316030796,1.6032966,3.4749124,0.0,16.8,182
316030839,3.332569,6.88876,0.0,27.0,218
316030917,2.0814815,0.1981395,1.8,2.5,27
316030924,6.5,,6.5,6.5,1
316030941,0.32977906,0.39166415,0.0,4.0,1041
316030957,4.9416666,1.9306881,0.0,7.5,60
316031146,0.45,0.070710674,0.4,0.5,2
316031205,0.0007434944,0.00860651,0.0,0.1,269
316031352,5.653955,2.7994206,0.0,36.7,1062
316031354,3.6122806,5.3215175,0.0,12.3,285
316031355,6.5199995,1.6335374,4.8,9.3,10
316031388,0.004964539,0.023337966,0.0,0.2,282
316031481,4.052856,2.7606232,0.0,9.0,1033
316031573,5.331388,2.353228,0.0,8.9,497
316031686,7.3,,7.3,7.3,1
316031782,0.0,0.0,0.0,0.0,165
316031939,0.024444444,0.050416492,0.0,0.3,90
316031979,0.0,0.0,0.0,0.0,74
316032000,0.0,0.0,0.0,0.0,316
316032093,3.1265512,2.8254344,0.0,9.8,693
316032213,0.00023364487,0.0048336824,0.0,0.1,428
316032237,0.03447099,0.054327868,0.0,0.3,293
316032244,5.3589044,2.6340103,0.0,7.6,73
316032408,0.0,,0.0,0.0,1
316032409,0.000591716,0.0076923077,0.0,0.1,169
316032411,8.49091,6.82983,0.0,24.2,22
316032491,0.0060773483,0.029144298,0.0,0.3,362
316032594,0.3160284,1.1340976,0.0,6.4,705
316032599,0.24285714,0.13125125,0.0,0.5,35
316032638,0.016666668,0.05372317,0.0,0.3,42
316032671,0.0,0.0,0.0,0.0,5
316032784,0.066095896,0.06822112,0.0,0.4,292
316032839,0.0,0.0,0.0,0.0,3
316032844,0.0,,0.0,0.0,1
316032851,0.02111437,0.040871985,0.0,0.1,341
316032852,0.031972792,0.08191743,0.0,0.8,147
316033071,5.7327127,4.791066,0.0,11.6,376
316033093,0.057894737,0.056528654,0.0,0.2,57
316033161,0.0,0.0,0.0,0.0,5
316033236,0.0027303754,0.016324587,0.0,0.1,293
316033381,0.0013793104,0.011703555,0.0,0.1,145
316033399,1.4636966,3.2604756,0.0,10.6,1055
316033401,0.0,0.0,0.0,0.0,21
316033419,8.536035,6.631579,0.0,18.7,802
316033461,0.0,0.0,0.0,0.0,268
316033488,0.02,0.04472136,0.0,0.1,5
316033618,0.09390863,0.07466559,0.0,0.3,197
316033629,0.0,0.0,0.0,0.0,4
316033651,0.13333334,0.05773503,0.1,0.2,3
316033701,0.03661972,0.05389624,0.0,0.2,142
316033712,2.1882353,2.2375264,0.0,6.3,34
316033778,0.117142856,0.3944361,0.0,1.8,35
316033783,7.0678935,1.2158931,2.0,11.0,788
316033814,8.805357,6.623851,0.0,18.1,784
316033829,0.245679,0.29066187,0.0,1.4,162
316033841,0.0,0.0,0.0,0.0,2
316033877,0.14195403,0.15662141,0.0,1.1,174
316033905,0.10567376,0.445096,0.0,4.4,141
316033909,0.05166667,0.074768946,0.0,0.3,60
316033926,0.0020689657,0.014283662,0.0,0.1,145
316033966,0.024472574,0.049491443,0.0,0.3,237
316034012,0.007826087,0.026916744,0.0,0.1,230
316034055,0.0016666667,0.012909945,0.0,0.1,60
316034073,0.0,0.0,0.0,0.0,2
316034138,0.1,,0.1,0.1,1
316034254,0.003614458,0.018693155,0.0,0.1,332
316034284,0.06923077,0.07510676,0.0,0.2,13
316034452,0.023611112,0.04276716,0.0,0.1,72
316034591,0.031782944,0.048387267,0.0,0.2,129
316034673,0.026517572,0.04564018,0.0,0.2,313
316034693,8.206195,2.484354,0.0,11.3,113
316034744,3.1517005,2.6244204,0.0,8.4,147
316034763,2.8700001,2.5161223,0.0,7.1,40
316034815,4.352381,1.7150997,0.0,5.7,63
316034846,0.0008287293,0.011739483,0.0,0.2,362
316034963,5.1019945,2.7752202,0.0,11.4,752
316035088,0.383871,0.40843847,0.0,2.7,217
316035204,5.546154,2.8736913,0.3,9.5,78
316035409,0.00057803467,0.0076028593,0.0,0.1,173
316035442,0.03968254,0.051535908,0.0,0.2,315
316035479,0.1,,0.1,0.1,1
316035583,0.1,,0.1,0.1,1
316035633,0.10330188,0.10975341,0.0,0.6,424
316035714,0.021666668,0.041545022,0.0,0.1,60
316035819,0.25,0.35355338,0.0,0.5,2
316035831,6.8333335,0.40414506,6.4,7.2,3
316035869,0.0,0.0,0.0,0.0,4
316035878,0.0,0.0,0.0,0.0,82
316035905,8.3133745,3.7272098,0.0,12.1,815
316035906,0.0,0.0,0.0,0.0,313
316035914,0.0,0.0,0.0,0.0,119
316035988,0.0016393444,0.012733144,0.0,0.1,183
316036064,6.133333,2.1171916,2.5,7.8,9
316036085,3.0839999,3.5613446,0.0,8.2,100
316036089,0.028881988,0.15886472,0.0,1.5,322
316036101,2.3106668,2.2631307,0.0,6.7,225
316036153,5.27,0.13374946,5.1,5.4,10
316036182,6.6703706,6.633355,0.1,21.1,27
316036192,2.460972,2.4136217,0.0,10.9,679
316036194,0.0,0.0,0.0,0.0,5
316036214,0.000921659,0.0095780585,0.0,0.1,217
316036215,3.5,,3.5,3.5,1
316036274,2.5228374,3.4713657,0.0,10.4,289
316036324,0.0,0.0,0.0,0.0,23
316036399,0.0028182704,0.0165575,0.0,0.1,1029
316036412,0.0018518519,0.013544537,0.0,0.1,108
316036419,10.071,1.6263572,0.0,11.3,700
316036453,0.0,0.0,0.0,0.0,256
316036553,0.0054455446,0.022747796,0.0,0.1,202
316036588,0.030612245,0.04618247,0.0,0.1,245
316036598,0.022222223,0.042779263,0.0,0.1,18
316036627,0.0,,0.0,0.0,1
316036663,4.790769,3.7269592,0.0,8.7,65
316036671,14.860317,15.833708,0.1,39.2,63
316036696,5.2493334,2.3669636,0.0,7.8,150
316036763,0.0,0.0,0.0,0.0,36
316036809,20.715544,11.542713,0.2,34.9,193
316037111,3.6131866,3.7320595,0.0,9.9,91
316037117,3.4464192,6.842253,0.0,19.2,377
316037255,0.02310606,0.046515588,0.0,0.3,264
316037287,0.0,0.0,0.0,0.0,54
316037326,0.1,,0.1,0.1,1
316037418,0.0051912568,0.022215422,0.0,0.1,366
316037423,0.0,,0.0,0.0,1
316037465,0.0021978023,0.014701614,0.0,0.1,182
316037524,1.4530864,3.0724618,0.0,8.7,81
316037659,0.0011904762,0.010878178,0.0,0.1,168
316037705,0.009655172,0.029637013,0.0,0.1,145
316037746,7.1458797,5.6799936,0.0,12.7,898
316037785,0.026108375,0.26280686,0.0,2.8,203
316037846,0.0,0.0,0.0,0.0,128
316037865,1.4796721,3.8305032,0.0,12.0,610
316037887,0.00037453184,0.006119901,0.0,0.1,267
316037889,0.0,0.0,0.0,0.0,120
316037994,0.002880288,0.016732745,0.0,0.1,1111
316038022,0.60807693,2.090679,0.0,8.8,260
316038089,0.41324154,1.4930111,0.0,8.8,944
316038126,0.0,0.0,0.0,0.0,284
316038244,0.026501767,0.044212446,0.0,0.1,283
316038266,0.0010273973,0.010101169,0.0,0.1,292
316038333,1.8593608,2.743078,0.0,8.1,438
316038447,1.9285715,2.312248,0.0,6.9,343
316038564,4.5923076,2.8889046,0.0,6.7,13
316038603,11.863275,9.740776,0.0,24.6,629
316038617,0.0017094017,0.013017932,0.0,0.1,117
316038648,0.01,0.03162278,0.0,0.1,10
316038707,0.0028125,0.016558886,0.0,0.1,320
316038777,1.1302632,0.78737617,0.0,4.0,456
316038798,3.6809525,3.3084164,0.0,10.9,21
316038826,4.125,1.8364367,0.2,6.3,20
316038834,6.4424014,1.3432963,2.1,9.0,941
316038839,10.483334,12.840521,0.0,30.7,42
316038841,0.2044,0.21137492,0.0,1.3,250
316038854,1.3164705,3.0142906,0.0,12.7,255
316038985,0.18227017,0.80258673,0.0,8.6,1066
316039000,2.6731708,4.0511127,0.0,12.2,41
316039002,0.0,0.0,0.0,0.0,2
316039018,0.57177204,1.9698926,0.0,12.0,1123
316039082,10.428572,11.364332,0.0,30.3,28
316039126,0.007142857,0.03779645,0.0,0.2,28
316039127,17.007692,10.473813,0.6,26.9,13
316039153,0.54551226,1.9690886,0.0,10.0,1103
316039171,0.00041493776,0.006441566,0.0,0.1,241
316039185,0.004379562,0.029377395,0.0,0.3,137
316039202,1.311111,2.3067534,0.0,7.1,9
316039229,0.30076337,0.5395862,0.0,3.2,131
316039242,2.6317074,1.3707314,0.0,7.3,123
316039247,5.031429,2.1461005,0.0,7.8,35
316039252,0.0021515435,0.030980414,0.0,0.6,1069
316039267,0.0031007752,0.01740144,0.0,0.1,129
316039275,0.002962963,0.017019482,0.0,0.1,135
316039288,0.0,0.0,0.0,0.0,412
316039361,0.23010755,0.22985058,0.0,1.4,279
316039405,2.2875,1.9467463,0.0,4.4,8
316039439,0.057142857,0.078679584,0.0,0.2,7
316039457,0.035655737,0.05442536,0.0,0.2,244
316039606,0.004864865,0.021571623,0.0,0.1,185
316039659,2.5571427,2.0373237,0.2,6.6,28
316039728,2.9619048,0.96045625,1.5,4.9,21
316039737,0.0,0.0,0.0,0.0,207
316039787,3.4782608,2.8383665,0.0,7.4,23
316039864,6.177852,5.2475457,0.0,12.7,149
316039964,5.5058823,2.7857833,0.0,12.1,17
316040057,0.0029520295,0.016957287,0.0,0.1,271
316040059,0.07852564,0.09362513,0.0,0.7,312
316040103,0.0,0.0,0.0,0.0,1043
316040167,14.307693,8.54868,0.0,24.5,26
316040219,0.0,0.0,0.0,0.0,183
316040241,0.14782609,0.12745611,0.0,0.5,23
316040257,11.81132,0.1728275,11.6,12.4,53
316040287,0.012271541,0.032853942,0.0,0.1,383
316040291,0.0011811024,0.010824813,0.0,0.1,254
316040366,5.55,6.058778,0.0,28.8,30
316040486,0.0,0.0,0.0,0.0,151
316040584,0.0,0.0,0.0,0.0,302
316040645,5.225,3.0291638,0.9,7.6,4
316041032,11.630515,1.2738887,8.3,12.7,272
316041044,3.6,3.9036114,0.0,9.2,23
316041077,0.00074626866,0.008638685,0.0,0.1,134
316041123,4.3975806,3.0219378,0.7,10.3,124
316041207,0.012435233,0.033084128,0.0,0.1,193
316041223,4.141667,2.424668,0.0,6.9,12
316041231,0.08912387,0.10240807,0.0,0.8,331
316041247,0.83095884,0.88718,0.0,6.7,365
316041306,17.927273,7.033221,0.0,25.0,220
316041354,0.13913044,0.14597645,0.0,0.6,92
316041364,0.0,,0.0,0.0,1
316041384,5.530252,0.6413115,4.0,7.8,119
316041391,0.072928175,0.13244177,0.0,0.6,181
316041547,0.0046296297,0.021110564,0.0,0.1,108
316041549,8.676596,7.7999644,0.0,22.6,94
316041616,0.05,0.05773503,0.0,0.1,4
316041622,4.8594594,2.3835616,0.0,10.1,37
316041691,0.21461537,0.942903,0.0,9.0,390
316041693,17.911474,12.011236,0.0,33.7,122
316041699,5.5333333,1.1378342,3.4,6.4,6
316041703,13.849999,9.92789,0.3,24.0,6
316041709,3.8339286,3.9767175,0.0,9.0,56
316041723,0.0,0.0,0.0,0.0,334
316041726,0.0034810128,0.018358933,0.0,0.1,316
316041808,0.01775701,0.039511297,0.0,0.2,214
316041901,0.0,0.0,0.0,0.0,210
316041902,0.0,0.0,0.0,0.0,4
316042019,2.09625,3.6063921,0.0,10.5,720
316042022,0.561875,1.7190522,0.0,9.3,1120
316042032,0.0,0.0,0.0,0.0,47
316042039,0.0,0.0,0.0,0.0,364
316042041,5.4,,5.4,5.4,1
316042097,0.015000001,0.035835356,0.0,0.1,140
316042098,0.0,0.0,0.0,0.0,4
316042106,0.0,0.0,0.0,0.0,14
316042119,15.967501,9.533816,0.0,30.2,160
316042152,0.51361114,0.386266,0.0,2.7,360
316042159,0.0,0.0,0.0,0.0,59
316042208,0.047524754,0.28561333,0.0,3.4,303
316042256,0.18055555,0.15642332,0.0,0.8,36
316042365,2.2346222,4.336876,0.0,14.2,1112
316042393,0.01,0.03162278,0.0,0.1,10
316042408,0.040377356,0.060238235,0.0,0.3,265
316042477,4.769149,1.8970281,0.0,7.6,94
316042478,0.00041152263,0.006415003,0.0,0.1,243
316042515,4.6,1.049579,0.3,6.2,100
316042538,0.0024922118,0.019203372,0.0,0.2,321
316042938,0.4,0.42426407,0.1,0.7,2
316042942,3.1271605,3.1320925,0.0,7.7,81
316042956,0.0,0.0,0.0,0.0,356
316042969,0.042857144,0.06462062,0.0,0.2,14
316042989,0.0,0.0,0.0,0.0,43
316042999,0.0025454545,0.01577883,0.0,0.1,275
316043105,0.0,0.0,0.0,0.0,292
316043153,7.2428575,0.17182502,7.0,7.4,7
316043222,3.2334993,3.7773588,0.0,10.0,803
316043224,0.051245555,0.072261035,0.0,0.6,281
316043248,0.0,0.0,0.0,0.0,322
316043514,0.0017857144,0.013262963,0.0,0.1,336
316043528,0.018502204,0.06592738,0.0,0.4,227
316043558,0.0,0.0,0.0,0.0,77
316043612,0.0018518519,0.013544537,0.0,0.1,108
316043659,6.468,4.2599115,0.0,11.8,100
316043744,0.00057803467,0.007591833,0.0,0.1,346
316043859,0.0025270758,0.017879533,0.0,0.2,277
316043882,0.0020997375,0.014356386,0.0,0.1,381
316043929,0.0037037039,0.019002924,0.0,0.1,81
316043948,0.0,0.0,0.0,0.0,292
316043959,0.2611111,0.21999703,0.0,0.7,18
316043988,0.75,0.8619745,0.1,2.0,6
316044016,0.0,0.0,0.0,0.0,423
316044056,7.3584905,11.009881,0.0,33.4,53
316044079,0.001775148,0.01322426,0.0,0.1,338
316044166,0.045666665,0.12623128,0.0,1.2,300
316044169,0.05,0.07071068,0.0,0.1,2
316044193,10.886567,7.569714,1.4,21.3,67
316044202,3.0747368,2.097261,0.0,7.0,95
316044229,2.4534883,2.5036495,0.0,10.4,43
316044237,0.00049261085,0.0070186243,0.0,0.1,203
316044278,0.015748031,0.03656956,0.0,0.1,127
316044312,0.12540542,0.106081255,0.0,0.5,185
316044313,0.0475,0.10571908,0.0,0.7,280
316044334,0.0016949152,0.012930024,0.0,0.1,295
316044345,0.006168831,0.02409801,0.0,0.1,308
316044371,3.5108202,5.2547493,0.0,12.5,1146
316044388,0.042857144,0.078679584,0.0,0.2,7
316044432,0.13333334,0.10730868,0.0,0.4,12
316044448,0.024695123,0.07562117,0.0,0.6,328
316044467,0.2,,0.2,0.2,1
316044525,0.014705882,0.037573457,0.0,0.2,136
316044568,1.2671233,0.79403895,0.1,5.0,146
316044577,0.15,0.05773503,0.1,0.2,4
316044605,1.937143,6.552291,0.0,28.8,70
316044614,0.0121739125,0.04006098,0.0,0.3,115
316044638,0.0,0.0,0.0,0.0,203
316044702,0.0010471204,0.010205926,0.0,0.1,191
316044719,0.0,0.0,0.0,0.0,229
316044798,0.0,0.0,0.0,0.0,254
316044885,0.26403847,0.29796198,0.0,2.5,520
316044918,5.926201,1.5964912,0.1,8.5,229
316044979,0.125,0.16256192,0.0,1.2,164
316045007,0.003773585,0.019100772,0.0,0.1,212
316045041,0.0,0.0,0.0,0.0,281
316045045,0.0026415093,0.01606697,0.0,0.1,265
316045066,1.7985656,3.0794902,0.0,8.4,976
316045067,0.024683544,0.054931004,0.0,0.3,158
316045077,0.09234972,0.116479725,0.0,0.8,183
316045089,1.6442007,3.334698,0.0,30.1,319
316045287,0.0,0.0,0.0,0.0,86
316045404,0.024761906,0.045533065,0.0,0.2,105
316045609,0.021186441,0.048556518,0.0,0.3,236
316045625,0.0,0.0,0.0,0.0,5
316045697,0.135,0.2174775,0.0,1.9,340
316045782,0.0,0.0,0.0,0.0,7
316045792,0.8077519,0.6181642,0.0,3.2,129
316045829,0.0,0.0,0.0,0.0,103
316045831,4.151426,3.0478165,0.0,10.2,1087
316045929,0.024081632,0.04471762,0.0,0.2,245
316046056,0.00080321287,0.008944127,0.0,0.1,249
316046073,0.1,0.1,0.0,0.2,3
316046128,1.0034211,2.2196577,0.0,12.3,1140
316046364,0.0,0.0,0.0,0.0,216
316046453,0.88318586,2.188603,0.0,6.6,113
316046556,0.4,0.56568545,0.0,0.8,2
316046639,0.0056179776,0.02464584,0.0,0.2,267
316046705,3.628788,3.6144907,0.0,9.4,66
316046759,0.015017065,0.061207175,0.0,0.6,293
316046813,0.053125,0.1288175,0.0,0.8,160
316046886,0.0004651163,0.0068199434,0.0,0.1,215
316046934,0.0010582011,0.010259495,0.0,0.1,189
316047033,1.662851,0.6174256,0.2,4.6,463
316047048,4.287599,4.141828,0.0,20.6,379
316047053,5.3776174,3.9552026,0.0,10.2,277
316047137,0.0,0.0,0.0,0.0,373
316047155,0.0025751074,0.015873278,0.0,0.1,233
316047156,21.804762,13.734572,0.7,35.9,21
316047168,0.4181818,0.19908883,0.1,0.7,11
316047178,0.057894737,0.07929275,0.0,0.4,38
316047246,0.047727276,0.06643282,0.0,0.3,44
316047264,0.1,,0.1,0.1,1
316047268,0.08568182,0.07174677,0.0,0.4,440
316047318,0.0075630257,0.026552359,0.0,0.1,119
316047351,0.00560472,0.023436401,0.0,0.2,1017
316047415,0.0,0.0,0.0,0.0,142
316047434,0.060447764,0.10351042,0.0,1.0,268
316047551,0.010135135,0.030281818,0.0,0.1,148
316047555,0.0,0.0,0.0,0.0,185
316047565,9.64115,7.143016,0.0,17.4,887
316047641,3.8723502,5.3705535,0.0,23.9,217
316047682,0.03381295,0.049625248,0.0,0.2,278
316047722,0.0020408165,0.020203052,0.0,0.2,98
316047734,0.028571429,0.046880722,0.0,0.1,14
316047761,0.0,0.0,0.0,0.0,114
316047772,,,,,0
316047778,0.0030042918,0.019464491,0.0,0.2,233
316047826,0.008370044,0.027755005,0.0,0.1,227
316047894,0.00065789477,0.008111071,0.0,0.1,152
316047896,0.04464286,0.050162077,0.0,0.1,56
316047926,0.00072992704,0.008527915,0.0,0.1,274
316047937,4.6625,0.33683446,3.9,5.2,48
316047943,0.0,0.0,0.0,0.0,344
316047946,0.0023255814,0.015249858,0.0,0.1,43
316048097,3.1375,2.2141993,0.0,5.2,8
316048106,3.6055555,1.2114514,0.9,5.5,18
316048139,6.381497,9.542662,0.0,27.9,481
316048144,4.17752,1.7891706,0.0,8.0,129
316048172,0.0,,0.0,0.0,1
316048198,5.0212393,0.65059996,3.3,6.4,226
316048235,0.07897196,0.08708567,0.0,0.7,214
316048259,6.5962963,0.97091615,4.7,7.9,27
316048266,5.7125,2.8851054,0.0,7.8,16
316048267,0.053097345,0.11957574,0.0,0.8,113
316048315,0.008,0.027688747,0.0,0.1,25
316051000,0.0016393444,0.012715689,0.0,0.1,366
316052000,0.0,0.0,0.0,0.0,287
316087000,0.5725581,0.798328,0.0,7.1,215
316088910,0.08564706,0.5496621,0.0,4.4,425
316097000,0.0,0.0,0.0,0.0,212
316114000,0.0,0.0,0.0,0.0,206
316115000,0.00029325514,0.0054153036,0.0,0.1,341
316117000,0.003125,0.0174906,0.0,0.1,96
316206000,2.9445508,4.5105906,0.0,11.6,523
316258000,0.0024475525,0.015479099,0.0,0.1,286
316285581,0.0,,0.0,0.0,1
316286000,0.9144681,2.4049625,0.0,12.7,1175
316304000,6.1,4.9752626,0.0,11.2,483
316361000,8.66279,0.6156774,7.0,9.7,43
316364000,0.104727276,0.10043436,0.0,0.6,275
319001100,0.00071942445,0.008466565,0.0,0.1,278
319001600,0.031034485,0.04708236,0.0,0.1,29
319002600,0.008219179,0.027497075,0.0,0.1,438
319003500,0.0,0.0,0.0,0.0,88
319003900,0.0,0.0,0.0,0.0,321
319006700,0.0,0.0,0.0,0.0,394
319008700,0.055555556,0.061569877,0.0,0.2,18
319008900,0.0,0.0,0.0,0.0,401
319009300,0.0,0.0,0.0,0.0,370
319009600,3.7023857,5.770884,0.0,13.9,503
319010700,0.0,0.0,0.0,0.0,367
319011600,0.012307692,0.032979637,0.0,0.1,130
319013100,0.030751174,0.04916143,0.0,0.2,426
319014200,1.9071429,3.5153432,0.0,11.0,14
319016600,0.0,0.0,0.0,0.0,389
319017100,0.0,0.0,0.0,0.0,1134
319017600,0.40308058,0.22241385,0.1,1.1,422
319024000,0.018571429,0.03894327,0.0,0.1,350
319025300,0.21409574,0.19442423,0.0,1.0,376
319026600,0.025309734,0.05117003,0.0,0.3,1130
319028100,,,,,0
319028600,0.052083332,0.050485235,0.0,0.1,48
319029100,4.413214,6.117828,0.0,15.4,280
319030600,0.0004587156,0.0067650652,0.0,0.1,436
319031900,0.057189543,0.053383335,0.0,0.3,306
319032700,0.0,0.0,0.0,0.0,426
319032800,0.0,0.0,0.0,0.0,303
319035600,0.0012820513,0.011264405,0.0,0.1,390
319036400,0.0,0.0,0.0,0.0,405
319039300,0.0,0.0,0.0,0.0,367
319041000,0.0007978724,0.008908519,0.0,0.1,376
319041200,0.029798422,0.04575731,0.0,0.1,1141
319043200,0.017391305,0.038181156,0.0,0.1,69
319048700,0.012765958,0.033415504,0.0,0.1,376
319048800,0.002072539,0.01426484,0.0,0.1,386
319051000,6.175,1.7173138,4.0,8.2,4
319055000,8.873115e-05,0.0029787773,0.0,0.1,1127
319055900,0.07021277,0.05116373,0.0,0.2,423
319060000,0.0,0.0,0.0,0.0,392
319060200,0.00018248176,0.0042717885,0.0,0.1,548
319060900,0.0,0.0,0.0,0.0,398
319063100,0.0,0.0,0.0,0.0,1114
319064400,8.932558,0.96602297,6.3,10.9,43
319068100,0.0,0.0,0.0,0.0,367
319071800,0.0014184398,0.011839061,0.0,0.1,423
319072000,0.03153409,0.046531294,0.0,0.1,352
319072300,0.000913242,0.009534426,0.0,0.1,219
319072900,0.0,0.0,0.0,0.0,210
319073200,0.001511335,0.012215779,0.0,0.1,397
319073800,1.8171717,2.199538,0.0,6.5,99
319074000,0.044213653,0.049737904,0.0,0.1,337
319076300,0.0005633803,0.0074952575,0.0,0.1,355
319079300,0.0032258066,0.017692266,0.0,0.1,372
319080500,0.01904762,0.039319716,0.0,0.1,378
319084700,0.0015974441,0.012557723,0.0,0.1,313
319088500,0.03459716,0.04762486,0.0,0.1,422
319093100,0.0,0.0,0.0,0.0,5
319093700,0.0013574661,0.011597955,0.0,0.1,221
319094000,0.00026385224,0.005136655,0.0,0.1,379
319094300,0.038271606,0.048665106,0.0,0.1,405
319095500,8.166667,7.0769577,0.0,12.5,3
319097600,0.044029854,0.051187195,0.0,0.2,402
319099400,10.78718,8.41971,0.0,19.1,78
319102700,0.023684211,0.04279695,0.0,0.1,76
319104300,0.0,0.0,0.0,0.0,219
319105700,0.030944625,0.04630201,0.0,0.1,307
319105900,0.06509434,0.057667874,0.0,0.3,212
319106300,0.020120898,0.04032263,0.0,0.2,1158
319107000,0.00035460995,0.0059549133,0.0,0.1,282
319107100,0.0,0.0,0.0,0.0,420
319107400,0.0,0.0,0.0,0.0,397
319108400,0.0,0.0,0.0,0.0,361
319112400,0.043804035,0.06438187,0.0,0.4,347
319121000,9.77415,2.8952093,0.0,13.2,882
319121300,0.022194516,0.041607358,0.0,0.1,401
319121400,0.019724771,0.045747105,0.0,0.3,436
319123300,0.0,0.0,0.0,0.0,424
319123900,0.00078328984,0.008827168,0.0,0.1,383
319125200,0.060232557,0.064594425,0.0,0.4,430
319127100,0.0,0.0,0.0,0.0,293
319128000,0.00072815537,0.008512415,0.0,0.1,412
319128100,0.075,0.18278153,0.0,1.5,100
319129300,0.0064655175,0.024644813,0.0,0.1,232
319129600,10.302284,0.8147918,8.8,11.8,569
319130200,0.0,0.0,0.0,0.0,406
319132100,4.2934666,3.4514983,0.0,10.6,750
319132200,0.028157894,0.046193082,0.0,0.2,380
319132500,0.0,0.0,0.0,0.0,433
319132600,0.008176101,0.02744321,0.0,0.1,318
319132700,0.04509804,0.05257209,0.0,0.2,357
319133200,0.023513513,0.04433894,0.0,0.2,370
319134400,0.62945205,0.38730592,0.0,2.9,584
319134900,0.033333335,0.047434166,0.0,0.1,81
319136300,4.79851,4.669798,0.0,11.6,604
319136500,0.0,0.0,0.0,0.0,336
319137700,10.198551,3.8038485,0.2,12.5,69
319143600,0.03514377,0.049140647,0.0,0.2,313
319143700,0.0038135594,0.019162508,0.0,0.1,944
319145400,0.0,0.0,0.0,0.0,401
319146700,0.054245282,0.0742553,0.0,0.5,424
319146900,0.15952381,0.11056292,0.0,0.4,42
319147800,0.0,0.0,0.0,0.0,307
319151400,0.1,,0.1,0.1,1
319151500,0.00033333333,0.005773503,0.0,0.1,300
319153100,0.019948186,0.04191516,0.0,0.2,386
319153900,0.008796297,0.029983487,0.0,0.2,216
319154100,0.0,0.0,0.0,0.0,416
319154400,0.0028571428,0.016719682,0.0,0.1,140
319155000,0.0,0.0,0.0,0.0,421
319155400,0.010209424,0.03281153,0.0,0.2,382
319156000,0.012211982,0.035486605,0.0,0.2,434
319156200,0.0,0.0,0.0,0.0,4
319156800,0.011197917,0.032391574,0.0,0.2,384
319159200,7.650515,6.761258,0.1,38.0,97
319159600,0.0,0.0,0.0,0.0,436
319161100,1.2297013,1.5435395,0.0,10.8,569
319161700,0.0032258064,0.017812705,0.0,0.1,62
319164000,0.0,0.0,0.0,0.0,404
319167500,0.0,0.0,0.0,0.0,412
319167900,0.01994135,0.040743057,0.0,0.2,341
319168900,0.0033033034,0.01789918,0.0,0.1,333
319170400,0.06171875,0.094844334,0.0,0.6,128
319172900,0.0,0.0,0.0,0.0,375
319174500,0.0,0.0,0.0,0.0,414
319175600,1.5296296,3.9568648,0.0,18.3,27
319175800,0.02,0.04009792,0.0,0.1,205
319176900,0.020499999,0.04164235,0.0,0.2,400
319177500,0.011731844,0.0322702,0.0,0.1,179
319178800,0.001713796,0.012984104,0.0,0.1,1167
319179400,0.0,0.0,0.0,0.0,440
319179500,0.0,0.0,0.0,0.0,440
319179800,0.0,0.0,0.0,0.0,3
319180300,0.5162095,1.3676665,0.0,5.2,401
319180800,0.006535948,0.024797078,0.0,0.1,153
319181000,0.0,0.0,0.0,0.0,399
319192100,13.563636,0.19891492,13.2,14.0,22
319194000,1.272093,3.5296826,0.0,12.2,430
319195600,0.0,0.0,0.0,0.0,405
319196300,0.15718158,0.6862062,0.0,8.5,369
319196400,0.0,0.0,0.0,0.0,437
319196700,0.78045976,1.7132533,0.0,7.2,348
319202600,0.0,0.0,0.0,0.0,353
319205400,0.0,0.0,0.0,0.0,390
319205900,0.08744395,0.124929585,0.0,0.7,223
319206400,0.0,0.0,0.0,0.0,18
319208100,0.016171617,0.036879934,0.0,0.1,303
319209400,0.0026415093,0.01606697,0.0,0.1,265
319210900,0.0,0.0,0.0,0.0,94
319211000,0.0,0.0,0.0,0.0,2
319211600,0.03076923,0.069142416,0.0,0.4,364
319212900,0.00024570024,0.004956816,0.0,0.1,407
319214600,0.0,0.0,0.0,0.0,389
319214900,0.08,0.083666004,0.0,0.2,5
319218400,0.0020069808,0.014030035,0.0,0.1,1146
319222800,0.00023752969,0.004873702,0.0,0.1,421
319226200,0.0,0.0,0.0,0.0,408
319226400,0.0012903226,0.01130396,0.0,0.1,310
319229100,2.296074,3.859147,0.0,11.3,433
319232300,0.010103627,0.030176789,0.0,0.1,386
319233100,0.035731412,0.20154214,0.0,2.5,417
319233300,0.0060046194,0.023784721,0.0,0.1,433
319235000,0.0,0.0,0.0,0.0,153
319237900,8.873115e-05,0.0029787773,0.0,0.1,1127
319238500,4.238889,3.694533,0.1,9.8,18
319250000,0.016897747,0.037489448,0.0,0.1,1154
319278000,0.0,0.0,0.0,0.0,425
319282000,6.6010976,3.8542953,0.0,12.4,820
319304000,0.0,0.0,0.0,0.0,399
319315000,0.0,0.0,0.0,0.0,401
319370000,0.0049844235,0.021796282,0.0,0.1,321
319403000,0.00062611804,0.007891482,0.0,0.1,1118
319409000,19.833334,0.17126969,19.5,20.1,21
319436000,0.020963855,0.040754195,0.0,0.1,415
319444000,0.0007159905,0.01465596,0.0,0.3,419
319448000,0.011380146,0.033287264,0.0,0.2,413
319451000,0.0,0.0,0.0,0.0,357
319457000,0.0,0.0,0.0,0.0,434
319466000,0.05011765,0.05145281,0.0,0.2,425
319468000,11.987458,0.3760861,10.6,12.5,295
319478000,3.3834436,4.5271273,0.0,14.0,604
319479000,0.0,0.0,0.0,0.0,410
319488000,10.52328,0.2423024,9.9,10.9,189
319498000,0.39934427,0.2302735,0.1,1.2,305
319515000,1.8000001,4.5151515,0.0,16.6,459
319563000,0.015757577,0.036489606,0.0,0.1,330
319567000,0.012707182,0.03335144,0.0,0.1,362
319573000,0.0,0.0,0.0,0.0,430
319581000,0.0,0.0,0.0,0.0,379
319589000,0.54085106,1.6920961,0.0,8.1,470
319597000,0.0,0.0,0.0,0.0,431
319627000,0.1342175,0.498051,0.0,2.5,377
319649000,0.0008571429,0.009231635,0.0,0.1,350
319654000,0.0,0.0,0.0,0.0,373
319661000,0.0037593986,0.020321593,0.0,0.2,399
319662000,0.0,0.0,0.0,0.0,343
319664000,0.010885609,0.032036882,0.0,0.2,1084
319669000,0.0015503877,0.030499715,0.0,0.6,387
319688000,0.0068421056,0.025279991,0.0,0.1,380
319704000,0.009898477,0.029902129,0.0,0.1,394
319715000,0.0064935065,0.024681225,0.0,0.1,308
319720000,,,,,0
319732000,0.03251834,0.15014295,0.0,2.4,409
319741310,0.0,0.0,0.0,0.0,405
319747000,0.0005479452,0.0073921573,0.0,0.1,365
319763000,0.012240185,0.03281285,0.0,0.1,433
319790000,0.0,0.0,0.0,0.0,421
319793000,0.0,0.0,0.0,0.0,300
319795000,0.007908164,0.02795158,0.0,0.2,392
319838000,0.060769234,0.053412333,0.0,0.2,390
319863000,0.046437345,0.06183432,0.0,0.3,407
319869000,0.014925373,0.035678245,0.0,0.1,402
319874000,7.1625,3.4482968,0.0,12.5,784
319891000,0.0005586592,0.007463875,0.0,0.1,358
319910000,0.03076923,0.046219733,0.0,0.1,351
319920000,0.01185567,0.032368354,0.0,0.1,388
319926000,0.007905139,0.05718911,0.0,0.7,253
319973000,0.008641976,0.02873178,0.0,0.2,1134
319982000,3.957647,4.8251953,0.0,12.4,340
319983000,0.0,0.0,0.0,0.0,396
319993000,0.0,0.0,0.0,0.0,391
319994000,10.625786,4.66338,0.1,13.6,159
319995000,12.328944,1.3200771,6.3,13.4,919
323143000,7.2,0.23452076,6.8,7.4,5
323151000,1.9272728,0.8591751,1.5,4.5,11
327801007,0.97083336,2.5461786,0.0,8.2,24
327801008,0.0,0.0,0.0,0.0,116
329006960,6.8,,6.8,6.8,1
329018360,0.062068965,0.057602506,0.0,0.2,377
329018420,0.07802197,0.06394246,0.0,0.4,364
329021390,1.6005102,2.1554344,0.0,6.0,196
329021940,0.16870028,0.14412856,0.0,0.8,377
329022560,0.7938272,1.3987253,0.0,5.8,324
329022850,0.08571429,0.03779645,0.0,0.1,7
329696389,77.7,,77.7,77.7,1
333333333,0.0005150215,0.0071610697,0.0,0.1,1165
338000083,0.013010204,0.038635552,0.0,0.2,392
338001729,0.0430605,0.058826864,0.0,0.3,281
338001841,0.0068403916,0.025284989,0.0,0.1,307
338002000,0.0,0.0,0.0,0.0,228
338002497,9.297143,10.801374,0.1,30.2,35
338003172,0.00745098,0.030471565,0.0,0.3,255
338003759,0.0,0.0,0.0,0.0,399
338004751,0.046666667,0.053572908,0.0,0.2,60
338004941,0.02,0.041888505,0.0,0.2,270
338012437,0.0,0.0,0.0,0.0,340
338012723,0.017328521,0.038861662,0.0,0.2,277
338013549,0.3,,0.3,0.3,1
338021074,0.022409638,0.041748915,0.0,0.1,415
338022000,0.05,0.1069045,0.0,0.3,8
338025179,0.025449872,0.044780284,0.0,0.2,389
338028795,0.00023094688,0.0048056934,0.0,0.1,433
338028832,0.0,0.0,0.0,0.0,7
338030833,0.23027296,0.13577372,0.0,0.8,403
338032000,0.0,0.0,0.0,0.0,318
338032241,0.0,0.0,0.0,0.0,290
338032925,0.002931596,0.01873112,0.0,0.2,307
338032969,0.019533528,0.043229476,0.0,0.2,343
338034319,0.022123894,0.05847623,0.0,0.4,226
338034921,0.026666667,0.04577377,0.0,0.1,15
338035000,0.4652174,1.1023806,0.0,4.9,69
338035036,0.809068,2.6517706,0.0,15.1,397
338036431,6.8299575,1.5924308,0.0,8.0,237
338037032,0.014965987,0.0376606,0.0,0.2,147
338038255,8.488889,5.4385085,0.0,23.0,45
338040707,0.0,0.0,0.0,0.0,223
338041163,0.007235142,0.02692061,0.0,0.2,387
338041617,0.009725686,0.029667737,0.0,0.1,401
338041811,0.02679558,0.056931775,0.0,0.3,362
338043094,0.0024390244,0.01547299,0.0,0.1,164
338044763,0.0121951215,0.0399695,0.0,0.2,41
338044878,0.0025641024,0.015835218,0.0,0.1,273
338046245,0.0014367816,0.011917296,0.0,0.1,348
338047000,0.019148936,0.14802502,0.0,3.5,611
338047023,0.0,0.0,0.0,0.0,373
338047344,0.0,0.0,0.0,0.0,388
338047897,0.0,0.0,0.0,0.0,97
338049016,0.00077120826,0.008759184,0.0,0.1,389
338049554,0.16033058,0.17733824,0.0,1.2,242
338051404,4.369925,1.9744575,0.0,7.1,133
338051528,0.024909748,0.083364986,0.0,0.6,277
338051706,0.0071808514,0.026863195,0.0,0.2,376
338052805,0.14263158,0.12733915,0.0,0.7,190
338053000,0.009686098,0.029590111,0.0,0.1,1115
338053678,0.45846155,0.28955582,0.0,1.6,130
338054351,1.0263158,2.3853354,0.0,7.8,19
338055000,0.0,0.0,0.0,0.0,375
338055535,0.0073394496,0.037690032,0.0,0.2,218
338055661,0.0077220076,0.026745716,0.0,0.1,259
338055959,0.042857144,0.11338934,0.0,0.3,7
338056000,0.0149532715,0.03699165,0.0,0.2,428
338056874,0.006624606,0.024910495,0.0,0.1,317
338057000,0.002247191,0.01827306,0.0,0.2,178
338057521,0.02575,0.049680054,0.0,0.3,400
338057864,0.06666667,0.05773503,0.0,0.1,3
338058124,0.0009803922,0.009864916,0.0,0.1,408
338059014,3.764706,6.017393,0.0,25.5,34
338059157,0.0,0.0,0.0,0.0,419
338059284,0.019491525,0.044737484,0.0,0.3,236
338059496,0.019218242,0.039465893,0.0,0.1,307
338059511,0.22694446,0.27811864,0.0,2.9,360
338060000,0.0,0.0,0.0,0.0,407
338060011,0.9718954,2.0866258,0.0,9.0,153
338060234,0.0028846154,0.016757553,0.0,0.1,416
338064000,5.7190557,3.7063165,0.0,9.2,593
338065194,0.0010025062,0.009974716,0.0,0.1,399
338065543,0.013571428,0.035339043,0.0,0.2,280
338065884,23.175,0.35000032,22.8,23.6,4
338065886,13.190526,8.534499,0.0,25.1,95
338065964,0.014285714,0.03525612,0.0,0.2,1148
338066000,5.5944676,2.5688026,0.0,9.9,958
338066263,0.011650486,0.035063624,0.0,0.2,206
338066502,0.065789476,0.07729299,0.0,0.6,152
338066598,0.0007575758,0.008703883,0.0,0.1,132
338067332,0.007458564,0.02630852,0.0,0.1,362
338067371,0.023239436,0.04231047,0.0,0.1,284
338067641,7.9627905,1.0623789,0.0,8.7,258
338067800,0.0,0.0,0.0,0.0,304
338068000,0.332,1.0684191,0.0,4.5,150
338068521,0.010903426,0.031216884,0.0,0.1,321
338068669,4.062745,3.0667548,0.0,7.9,153
338068956,0.04078624,0.0604366,0.0,0.3,407
338069102,0.0040880507,0.019832544,0.0,0.1,318
338069877,0.001506024,0.012197641,0.0,0.1,332
338069913,0.0,0.0,0.0,0.0,13
338069994,0.005590062,0.03579184,0.0,0.4,161
338070125,3.75,2.5119712,0.0,5.3,4
338070127,7.8601093,8.227266,0.0,21.5,183
338070255,0.0,0.0,0.0,0.0,406
338070466,0.22058824,0.16206329,0.0,0.9,442
338070653,0.0014527845,0.017004307,0.0,0.3,413
338070931,0.0,0.0,0.0,0.0,247
338071000,10.518864,3.2537115,5.9,16.4,1039
338071038,0.004253472,0.02018933,0.0,0.1,1152
338071811,0.053008597,0.062268905,0.0,0.3,349
338071941,0.03,0.046291005,0.0,0.1,50
338072085,0.018333333,0.04206885,0.0,0.2,300
338072235,0.0012626263,0.013252054,0.0,0.2,396
338072846,0.003,0.018943677,0.0,0.2,300
338072862,0.0,0.0,0.0,0.0,191
338073000,2.2880952,3.689268,0.0,14.2,714
338073736,0.039267015,0.058736585,0.0,0.2,191
338073787,0.05031056,0.062374096,0.0,0.3,161
338073847,0.0031746032,0.017673144,0.0,0.1,63
338073957,0.33208954,1.5976769,0.0,16.5,134
338075091,0.0008356546,0.009115844,0.0,0.1,359
338075252,0.00084033614,0.009147625,0.0,0.1,238
338075892,0.85131824,3.2889488,0.0,17.9,1062
338075893,6.1576924,4.0579944,0.0,12.2,104
338076155,0.0005076142,0.0071156346,0.0,0.1,394
338076437,0.01,0.03162278,0.0,0.1,10
338076896,0.014285714,0.035039965,0.0,0.1,371
338078000,17.959425,5.25062,0.0,21.0,626
338079954,0.0,0.0,0.0,0.0,23
338080722,1.0484848,1.4480852,0.0,3.8,33
338081345,2.7331326,3.9892035,0.0,26.3,166
338081579,0.0021943573,0.01467295,0.0,0.1,319
338082912,0.07435898,0.5098857,0.0,4.9,156
338084472,0.0033333334,0.017983884,0.0,0.1,270
338084479,0.0,0.0,0.0,0.0,4
338084669,0.0078192875,0.026859157,0.0,0.1,1151
338085017,0.011484593,0.03192834,0.0,0.1,357
338085738,0.00029411766,0.0054232613,0.0,0.1,340
338086091,0.0011363637,0.010619426,0.0,0.1,264
338086647,0.039141413,0.051393446,0.0,0.2,396
338086751,0.22,0.16431677,0.1,0.5,5
338087095,0.17500001,0.15,0.0,0.3,4
338087117,0.101538464,0.059541456,0.0,0.3,390
338087488,0.041666668,0.06861879,0.0,0.5,204
338087783,0.0,0.0,0.0,0.0,6
338088498,5.1405663,4.271215,0.0,9.8,212
338088867,0.42,1.0148891,0.0,4.1,25
338089000,2.5676923,2.5920866,0.0,8.2,715
338089115,8.358333,5.88611,0.2,14.5,12
338089481,5.049907,4.862732,0.0,11.8,537
338091307,0.010294118,0.03046296,0.0,0.1,204
338091785,0.075,0.05,0.0,0.1,4
338092107,0.0003144654,0.0056077214,0.0,0.1,318
338092145,4.206829,3.0145497,0.0,10.1,615
338092678,0.00028011206,0.0052925614,0.0,0.1,357
338092728,0.028661087,0.055998188,0.0,0.7,956
338093069,0.20416667,0.4683491,0.0,3.0,96
338093499,0.00061255746,0.007808578,0.0,0.1,653
338093777,0.38248646,1.7442597,0.0,9.8,925
338094329,1.4076922,1.8825786,0.0,4.2,13
338094485,2.126415,2.3978283,0.0,7.0,106
338094647,0.11686747,0.36918473,0.0,2.1,83
338094706,0.017391305,0.03875534,0.0,0.1,23
338094819,0.06253369,0.056214318,0.0,0.3,371
338094919,0.019702602,0.04256585,0.0,0.3,269
338095126,0.5335025,0.7032056,0.0,5.7,394
338095377,0.08309859,0.05851963,0.0,0.2,71
338095872,0.033333335,0.05773503,0.0,0.1,3
338095972,0.0,0.0,0.0,0.0,408
338096000,3.4748323,3.8226266,0.0,10.5,596
338096168,0.0015337423,0.012307988,0.0,0.1,326
338096421,0.0,0.0,0.0,0.0,525
338096456,0.0012285012,0.011029042,0.0,0.1,407
338096487,7.035714,7.8349743,0.0,19.1,28
338096801,0.006918239,0.027831994,0.0,0.2,159
338096862,0.0,0.0,0.0,0.0,309
338097168,0.0,0.0,0.0,0.0,235
338097196,0.0019093079,0.015348624,0.0,0.2,419
338097908,0.00072992704,0.008522714,0.0,0.1,411
338098058,0.031203931,0.052843064,0.0,0.2,407
338098059,0.2254902,0.39590058,0.0,1.6,51
338098154,0.5561475,1.2509104,0.0,6.2,244
338098191,0.0018735364,0.013574795,0.0,0.1,427
338098248,1.8201754,2.737746,0.0,7.9,114
338098461,,,,,0
338098612,1.8583332,2.2633276,0.0,5.5,12
338098765,0.001511335,0.012215779,0.0,0.1,397
338099013,0.01868132,0.041931394,0.0,0.2,91
338099677,0.004519774,0.020803163,0.0,0.1,354
338099721,1.1583691,3.001254,0.0,16.8,233
338099765,0.0025974025,0.01601008,0.0,0.1,77
338099886,0.00095011876,0.009712529,0.0,0.1,421
338099998,0.01184669,0.032372463,0.0,0.1,287
338100018,0.00057471264,0.010721126,0.0,0.2,348
338100071,0.013783784,0.03451965,0.0,0.1,370
338100112,0.03322034,0.047180384,0.0,0.1,295
338100408,0.022580646,0.042037852,0.0,0.1,93
338100519,0.039170507,0.13906185,0.0,1.6,217
338100538,0.13027027,1.5051528,0.0,27.5,1110
338100866,0.040689655,0.05464094,0.0,0.2,145
338101037,0.0,0.0,0.0,0.0,100
338101401,1.0153846,1.0652435,0.0,2.7,13
338101508,0.023919309,0.042720687,0.0,0.1,347
338101744,0.015692307,0.03642891,0.0,0.1,325
338101821,0.0,0.0,0.0,0.0,378
338101828,0.0,0.0,0.0,0.0,351
338101896,0.020347394,0.042118978,0.0,0.2,403
338102000,0.0011959522,0.010875372,0.0,0.1,1087
338102043,0.008108108,0.027337037,0.0,0.1,333
338102322,0.018246446,0.043304764,0.0,0.3,422
338102368,0.026976746,0.052218758,0.0,0.3,215
338102458,0.016666668,0.050469495,0.0,0.2,54
338102573,0.00033333333,0.005773503,0.0,0.1,300
338102704,0.0052380953,0.022332642,0.0,0.1,210
338102861,6.298148,9.980991,0.0,28.8,54
338102902,0.0022292994,0.020257093,0.0,0.2,314
338103006,0.0034324944,0.018227113,0.0,0.1,437
338103225,0.01563055,0.03633061,0.0,0.1,1126
338103616,0.009043927,0.028718134,0.0,0.1,387
338103693,0.011518325,0.031966165,0.0,0.1,382
338104000,0.0,0.0,0.0,0.0,7
338104037,0.21260945,0.271456,0.0,1.9,1142
338104306,0.0,0.0,0.0,0.0,42
338104711,0.11046512,0.10032587,0.0,0.5,172
338104753,9.134066,9.773379,0.0,23.9,91
338104822,3.1008716,6.077315,0.0,21.3,459
338104962,0.0023136248,0.015052977,0.0,0.1,389
338104997,0.0,0.0,0.0,0.0,412
338105181,0.4333333,0.51316017,0.0,1.0,3
338105469,0.0056666667,0.023159089,0.0,0.1,300
338105473,0.004651163,0.021086296,0.0,0.1,387
338105699,0.009819121,0.029795824,0.0,0.1,387
338106036,0.002341137,0.0151459575,0.0,0.1,299
338106421,3.2173913,1.6103789,0.1,5.7,23
338106744,0.23636363,0.6576819,0.0,2.2,11
338106827,0.0,0.0,0.0,0.0,8
338106996,0.066494845,0.055393856,0.0,0.2,194
338107002,0.01756757,0.047852825,0.0,0.3,74
338107003,0.0007058824,0.010836286,0.0,0.2,425
338107037,0.0,0.0,0.0,0.0,387
338107088,0.018891688,0.04108111,0.0,0.2,397
338107324,0.068098165,0.04733582,0.0,0.2,326
338107361,0.026900584,0.04704549,0.0,0.2,171
338107377,0.0,0.0,0.0,0.0,3
338107395,0.0004950495,0.0070272405,0.0,0.1,404
338107461,0.0026894866,0.01764586,0.0,0.2,409
338107575,0.01818182,0.038626138,0.0,0.1,341
338107648,8.714286,7.609595,0.3,17.5,14
338107856,0.0,0.0,0.0,0.0,2
338107868,0.022697369,0.041956607,0.0,0.1,304
338107888,0.32607204,0.2672823,0.0,1.9,1166
338107982,0.005882353,0.024253562,0.0,0.1,17
338108079,0.00048780488,0.0069843032,0.0,0.1,205
338108106,0.096621625,0.10887127,0.0,0.7,296
338108169,0.25142857,0.5137932,0.0,2.8,70
338108205,0.0019292606,0.013777313,0.0,0.1,311
338108269,0.0,0.0,0.0,0.0,2
338108395,0.01291866,0.033621166,0.0,0.1,209
338108428,0.011173184,0.031547718,0.0,0.1,358
338108493,0.028135594,0.04504248,0.0,0.1,295
338108513,0.014285714,0.036313653,0.0,0.1,14
338108757,1.1369748,1.6109196,0.0,5.1,119
338108787,0.010212766,0.030346248,0.0,0.1,235
338108994,2.2133079,6.6538124,0.0,48.2,263
338109287,0.0025906735,0.015906326,0.0,0.1,386
338109401,0.15152839,0.9456548,0.0,8.3,229
338109522,0.6167598,0.4020934,0.0,2.2,358
338109758,0.00038461538,0.0062017366,0.0,0.1,260
338109803,0.004531722,0.024814611,0.0,0.3,331
338109951,0.25,0.07071068,0.2,0.3,2
338109967,0.0,0.0,0.0,0.0,66
338110000,0.0,0.0,0.0,0.0,379
338110345,10.093103,6.489037,0.0,16.5,116
338111671,0.011111111,0.032338083,0.0,0.1,18
338112711,0.04201184,0.15352856,0.0,2.4,338
338113827,0.021708185,0.046964277,0.0,0.3,281
338113939,0.007792208,0.04803024,0.0,0.4,77
338115197,7.8238096,4.8133955,0.0,12.2,231
338115284,0.011111111,0.033333335,0.0,0.1,9
338115354,0.0041009467,0.019862564,0.0,0.1,317
338115691,0.008031089,0.02721266,0.0,0.1,386
338115796,0.009745763,0.029721025,0.0,0.1,236
338115883,0.0,0.0,0.0,0.0,351
338116159,0.0,0.0,0.0,0.0,75
338116274,0.001986755,0.014000947,0.0,0.1,151
338116454,0.0017241379,0.013039458,0.0,0.1,290
338116859,0.034375,0.059678372,0.0,0.3,64
338116899,8.9,,8.9,8.9,1
338116938,0.005769231,0.028915748,0.0,0.3,208
338117192,0.0020289856,0.017766224,0.0,0.2,345
338117512,0.0002793296,0.0052851643,0.0,0.1,358
338117666,0.5625,0.8450486,0.0,2.5,8
338117769,0.030666666,0.046421494,0.0,0.1,75
338117838,0.0,0.0,0.0,0.0,10
338117929,0.017391305,0.03794933,0.0,0.1,414
338117933,0.067098446,0.07511291,0.0,0.5,386
338118255,0.0,0.0,0.0,0.0,418
338118564,0.0076023396,0.026542388,0.0,0.1,342
338118674,0.30798787,1.8962052,0.0,21.7,989
338118737,0.0010781671,0.010341302,0.0,0.1,371
338119125,0.0,0.0,0.0,0.0,2
338119178,0.02713568,0.045084156,0.0,0.2,398
338119666,0.045945946,0.050522793,0.0,0.1,37
338120132,0.00023809524,0.0048795003,0.0,0.1,420
338120286,0.0009925559,0.009925466,0.0,0.1,403
338120363,0.0013888889,0.011719274,0.0,0.1,360
338120866,0.012903226,0.038342167,0.0,0.2,62
338122738,0.0052238805,0.022334317,0.0,0.1,134
338122969,0.1,0.0,0.1,0.1,2
338123208,0.0,,0.0,0.0,1
338123213,13.882927,12.738051,0.0,36.8,41
338123219,0.62,0.6457554,0.0,1.7,5
338123456,0.057029177,0.0779367,0.0,0.6,377
338123469,0.4440318,3.9479961,0.0,39.6,377
338123603,0.026111113,0.04461396,0.0,0.2,360
338123673,0.0,0.0,0.0,0.0,207
338123987,0.0007633588,0.008714723,0.0,0.1,393
338124129,0.0010989011,0.010439442,0.0,0.1,364
338124381,0.0074074077,0.034560736,0.0,0.2,81
338124433,0.0023474179,0.015158192,0.0,0.1,426
338124626,0.0,0.0,0.0,0.0,360
338124784,0.05081967,0.13801779,0.0,1.0,122
338124935,0.00065055763,0.008043175,0.0,0.1,1076
338125218,2.5488448,4.5544376,0.0,12.6,303
338125241,7.877778,0.13944341,7.6,8.1,9
338125526,13.716389,6.172533,0.0,20.3,299
338125642,0.03418079,0.048676897,0.0,0.2,354
338125915,0.30860367,0.18722445,0.0,1.2,709
338125982,0.5243543,0.43310025,0.0,2.6,542
338126515,0.04,0.054772258,0.0,0.1,5
338126698,7.491004,1.9868389,0.1,10.8,478
338126792,0.0007005254,0.008344026,0.0,0.1,1142
338126934,0.0,0.0,0.0,0.0,419
338126961,0.034545455,0.05170494,0.0,0.2,55
338127087,4.895288,1.7295965,0.0,8.3,191
338127175,0.0,0.0,0.0,0.0,346
338127501,0.0,0.0,0.0,0.0,325
338127553,0.01982143,0.039883256,0.0,0.1,1120
338127792,0.02691218,0.09991949,0.0,1.3,353
338127859,0.09650349,0.5895479,0.0,8.7,286
338127959,0.008483291,0.027899172,0.0,0.1,389
338127967,0.011583012,0.03206407,0.0,0.1,259
338128089,0.9062035,1.9067271,0.0,6.6,403
338128165,0.025679758,0.051982574,0.0,0.3,331
338128375,0.00031847134,0.005643327,0.0,0.1,314
338128529,0.0055555557,0.02852668,0.0,0.2,72
338128587,7.3938184,1.5035961,0.7,9.5,275
338128608,0.008064516,0.027284004,0.0,0.1,248
338128636,0.0,0.0,0.0,0.0,13
338128692,0.0,0.0,0.0,0.0,361
338128906,0.022727273,0.04198048,0.0,0.1,286
338129119,0.017672414,0.041484527,0.0,0.3,232
338129197,0.0003436426,0.005862104,0.0,0.1,291
338129877,0.06854839,0.059694104,0.0,0.3,372
338129978,0.0,0.0,0.0,0.0,2
338130079,0.0,0.0,0.0,0.0,281
338130192,0.036585364,0.050738696,0.0,0.2,246
338130533,0.01873016,0.03907742,0.0,0.1,315
338130904,0.055384617,0.07398266,0.0,0.4,195
338131000,2.0527344,3.3354046,0.0,8.2,512
338131333,6.9614286,3.8770688,0.1,16.8,210
338131469,0.0046454766,0.022205237,0.0,0.2,409
338131743,0.015165877,0.036567006,0.0,0.2,422
338132222,0.0,0.0,0.0,0.0,172
338132285,0.0,0.0,0.0,0.0,317
338132407,0.0,0.0,0.0,0.0,436
338132664,0.05975976,0.061133392,0.0,0.3,333
338132758,7.5259256,11.193528,0.1,33.8,27
338132851,0.017523365,0.03806117,0.0,0.1,428
338133003,0.0014705883,0.012066896,0.0,0.1,204
338133235,0.021843003,0.04138877,0.0,0.1,293
338133464,0.031496063,0.04663398,0.0,0.1,127
338133868,0.05,0.06019845,0.0,0.2,110
338133968,12.2,,12.2,12.2,1
338134000,12.498035,0.39547497,11.2,13.5,560
338134031,0.1420765,0.17234662,0.0,1.6,183
338134237,0.09812734,0.10312894,0.0,0.7,267
338134272,7.1605263,0.7390788,6.3,8.5,38
338134705,0.028571429,0.0755929,0.0,0.2,7
338134866,0.03698225,0.05628778,0.0,0.3,338
338134938,0.0,,0.0,0.0,1
338135301,0.002247191,0.014849076,0.0,0.1,267
338135307,0.047643982,0.057800446,0.0,0.3,382
338135705,0.0,0.0,0.0,0.0,4
338135844,0.0,0.0,0.0,0.0,264
338135872,0.0,0.0,0.0,0.0,322
338136263,0.046428572,0.050673902,0.0,0.2,280
338137048,0.0,0.0,0.0,0.0,421
338137334,0.0,0.0,0.0,0.0,361
338137783,0.0051597054,0.022148438,0.0,0.1,407
338138014,0.02027972,0.0408315,0.0,0.2,429
338138088,4.45625,2.8462768,0.0,7.8,16
338138147,0.005462185,0.022771953,0.0,0.1,238
338138391,1.6145756,2.3483644,0.0,13.6,542
338138688,0.027217127,0.056148566,0.0,0.4,327
338138724,0.0016000001,0.012598003,0.0,0.1,125
338138748,0.017924529,0.040024843,0.0,0.2,318
338139212,0.056818184,0.06446174,0.0,0.4,308
338139285,0.0031347962,0.017453011,0.0,0.1,319
338139461,0.0012623986,0.0111695435,0.0,0.1,1109
338139535,0.0036231885,0.018720608,0.0,0.1,276
338139612,0.011065574,0.031435017,0.0,0.1,244
338139658,0.001369863,0.011704115,0.0,0.1,73
338139678,0.27046263,0.16823496,0.0,0.8,281
338139705,0.034615386,0.048214573,0.0,0.2,364
338139992,5.99863,1.8350365,0.1,8.9,73
338140078,0.14583333,0.12503622,0.0,0.5,24
338140283,10.769492,9.980416,0.0,25.7,59
338140403,0.05647383,0.09507611,0.0,0.6,363
338140807,0.09254237,0.60806257,0.0,5.5,295
338140868,8.122812,1.4271157,0.2,16.7,377
338140925,0.0017142858,0.013017609,0.0,0.1,175
338141061,0.013924051,0.03466364,0.0,0.1,395
338141087,4.47353,3.726413,0.0,12.2,68
338141134,5.122376,3.1694303,0.0,10.4,362
338141142,0.013383839,0.034090932,0.0,0.1,396
338141166,0.005426357,0.024862558,0.0,0.2,387
338141372,0.00081300817,0.008992162,0.0,0.1,369
338141422,0.0015267176,0.012276988,0.0,0.1,393
338141496,6.6050634,1.2403764,0.0,9.2,237
338141808,0.0008196722,0.0090287365,0.0,0.1,366
338141819,0.008108108,0.027337037,0.0,0.1,333
338141846,0.0020920502,0.014341861,0.0,0.1,239
338141859,0.17603306,0.21807334,0.0,1.9,242
338142000,0.0021505377,0.014525707,0.0,0.1,372
338142436,7.461735,10.428635,0.0,31.6,196
338142437,11.535,9.614427,0.0,29.6,40
338142695,0.00657277,0.024838926,0.0,0.1,213
338142701,0.0125,0.03535534,0.0,0.1,8
338142839,0.008333334,0.028778002,0.0,0.2,324
338142951,0.049748745,0.064174175,0.0,0.3,398
338143015,0.046666667,0.16760655,0.0,0.9,30
338143032,0.03894081,0.05072105,0.0,0.2,321
338143066,0.08,0.083666004,0.0,0.2,5
338143158,0.0023893805,0.015278596,0.0,0.1,1130
338143176,0.071428575,0.0755929,0.0,0.2,7
338143254,0.02486911,0.04506465,0.0,0.2,382
338143353,0.012084258,0.03295107,0.0,0.2,902
338143481,0.61929417,1.1791644,0.0,12.0,425
338143506,6.2336955,1.9524162,0.0,7.4,92
338143653,0.0005847953,0.00763597,0.0,0.1,342
338143743,0.0004683841,0.006835822,0.0,0.1,427
338143803,0.0015151515,0.014507353,0.0,0.2,330
338143945,0.0,0.0,0.0,0.0,250
338144008,2.7261765,3.101107,0.0,9.9,340
338144123,0.41875002,0.9375278,0.0,2.9,16
338144207,0.43999997,0.9289779,0.0,2.1,5
338144356,0.10852458,0.9150026,0.0,13.9,305
338144542,0.00053333334,0.007293198,0.0,0.1,375
338144546,0.0025974025,0.015926475,0.0,0.1,385
338144848,0.0115,0.031942148,0.0,0.1,400
338144965,0.012236287,0.03532625,0.0,0.2,237
338145000,0.00010162602,0.0031878836,0.0,0.1,984
338145065,0.012405064,0.033005737,0.0,0.1,395
338145102,0.0,0.0,0.0,0.0,351
338145135,0.011148648,0.032584153,0.0,0.2,296
338145139,0.0,0.0,0.0,0.0,340
338145223,0.9,,0.9,0.9,1
338145264,0.2722513,0.26055595,0.0,1.9,382
338145389,0.02368421,0.048957847,0.0,0.2,38
338145429,0.004166667,0.020412415,0.0,0.1,24
338145465,0.02356021,0.04430739,0.0,0.2,382
338145466,0.00073529413,0.008559094,0.0,0.1,272
338145533,0.07619048,0.0972605,0.0,0.5,357
338145626,0.001072386,0.010313767,0.0,0.1,373
338145665,0.010153847,0.037535675,0.0,0.3,325
338145686,0.7100427,2.4871244,0.0,19.3,468
338145691,0.9844388,3.7954257,0.0,28.2,392
338145694,0.04501348,0.056908533,0.0,0.3,371
338145695,0.79753083,1.434658,0.0,5.7,81
338145697,14.986667,12.9919,0.1,28.2,30
338145698,0.005228758,0.022271035,0.0,0.1,1071
338146323,1.965185,5.3706403,0.0,26.8,135
338146627,5.959259,3.1407077,0.0,8.2,27
338146692,0.026301371,0.044087414,0.0,0.1,365
338146889,0.033333335,0.048507124,0.0,0.1,18
338146937,0.0,0.0,0.0,0.0,291
338147164,0.065625,0.23501457,0.0,1.3,32
338147342,0.04851852,0.050807875,0.0,0.2,270
338147731,0.00024390244,0.004938648,0.0,0.1,410
338147906,0.1,,0.1,0.1,1
338147939,0.0,0.0,0.0,0.0,9
338148035,0.017741935,0.038514182,0.0,0.1,62
338148104,0.0,0.0,0.0,0.0,4
338148844,0.004166667,0.020014733,0.0,0.1,312
338148862,0.022965116,0.13540325,0.0,1.9,344
338149213,3.6107142,2.924398,0.3,8.8,28
338149258,0.0,0.0,0.0,0.0,247
338149294,0.010218978,0.030400928,0.0,0.1,137
338149301,0.022222223,0.042779263,0.0,0.1,18
338149498,0.01706587,0.03767749,0.0,0.1,334
338150002,0.0,0.0,0.0,0.0,398
338151000,0.37974682,0.6334021,0.0,3.9,237
338151046,0.0012658228,0.011193623,0.0,0.1,395
338151638,3.9072382,7.117926,0.0,18.2,525
338152073,0.0,0.0,0.0,0.0,429
338152161,0.0,,0.0,0.0,1
338152221,4.564831,6.9871364,0.0,26.6,236
338152277,0.023544304,0.042481348,0.0,0.1,395
338152278,0.0,0.0,0.0,0.0,284
338152413,6.5375,10.362761,0.0,36.4,24
338152419,0.0,,0.0,0.0,1
338152638,0.013541668,0.03733149,0.0,0.2,96
338152844,0.004,0.02,0.0,0.1,25
338152894,0.73372096,0.6303545,0.0,3.9,602
338152903,0.0014492754,0.012038586,0.0,0.1,69
338153298,0.0021428573,0.014498081,0.0,0.1,420
338153611,0.0,,0.0,0.0,1
338153661,0.11647399,0.101526015,0.0,0.6,346
338153665,0.001369863,0.011639629,0.0,0.1,365
338153875,0.2777778,0.53198355,0.0,2.0,18
338153901,0.0,0.0,0.0,0.0,35
338154063,0.0018229168,0.020988867,0.0,0.3,384
338154065,0.30666667,0.5520703,0.0,2.7,30
338154183,0.0,0.0,0.0,0.0,10
338154378,0.00877193,0.028540084,0.0,0.1,57
338154609,0.96323115,1.6255422,0.0,6.4,359
338154611,0.061538465,0.536728,0.0,5.8,117
338154994,0.035103247,0.05080044,0.0,0.2,339
338155129,4.618919,1.0415901,2.1,6.1,37
338155473,0.017613636,0.0388875,0.0,0.2,352
338155529,0.012252965,0.032854646,0.0,0.1,253
338155684,0.025227964,0.048155233,0.0,0.3,329
338155734,0.0032000002,0.019080466,0.0,0.2,375
338156016,0.004117647,0.025176026,0.0,0.2,170
338156078,0.07272727,0.06466698,0.0,0.2,11
338156176,0.22658227,0.15989488,0.0,0.6,79
338156416,0.0083916085,0.047601104,0.0,0.5,429
338156728,0.0017621146,0.013186067,0.0,0.1,227
338156831,0.0061224494,0.024015041,0.0,0.1,294
338156864,0.012383901,0.033919178,0.0,0.2,323
338157241,0.0418239,0.052500326,0.0,0.2,318
338157287,0.011724139,0.03222638,0.0,0.1,290
338157294,0.05231214,0.05498749,0.0,0.3,346
338157307,0.014503817,0.035349112,0.0,0.1,131
338157943,0.03373494,0.04991413,0.0,0.2,166
338158000,12.458521,0.906562,11.1,15.2,311
338158011,0.0063101607,0.024763769,0.0,0.2,935
338158201,0.02851064,0.06598947,0.0,0.4,235
338158439,0.1,,0.1,0.1,1
338158451,0.04661017,0.054822203,0.0,0.3,354
338158602,0.0012618296,0.011179671,0.0,0.1,317
338159317,0.70297873,3.2344882,0.0,41.5,235
338159502,0.04067797,0.053678263,0.0,0.2,177
338159837,0.002366864,0.015223997,0.0,0.1,338
338159853,0.1,0.0,0.1,0.1,3
338159944,0.0,0.0,0.0,0.0,7
338160209,0.0027491408,0.018364199,0.0,0.2,291
338160457,0.015025907,0.03582545,0.0,0.1,193
338160804,0.0010695187,0.010300081,0.0,0.1,374
338160862,3.3000002,2.2045407,0.0,4.6,4
338160865,6.5672927,2.3257794,0.0,11.0,373
338160984,0.0015267176,0.012284825,0.0,0.1,262
338161132,0.06648045,0.06212316,0.0,0.3,358
338161257,0.0010362695,0.010153187,0.0,0.1,193
338161564,0.0009708738,0.009853293,0.0,0.1,103
338161743,2.3991642,5.042797,0.0,18.7,359
338161971,3.2727273,2.4314978,0.2,6.7,11
338161991,0.0,0.0,0.0,0.0,158
338162425,0.69124085,4.1558814,0.0,31.5,274
338162517,0.0,0.0,0.0,0.0,379
338162563,0.015269461,0.036847457,0.0,0.2,334
338162577,0.018548386,0.041057043,0.0,0.2,124
338162692,1.6138196,3.4996924,0.0,43.9,521
338162845,8.103896,6.811647,0.0,20.2,77
338162888,0.010984849,0.038908295,0.0,0.3,264
338163002,0.01920904,0.042284835,0.0,0.2,177
338163045,0.00072992704,0.008527915,0.0,0.1,274
338163065,0.033879783,0.05496979,0.0,0.3,183
338163091,0.0019900498,0.015665453,0.0,0.2,402
338163136,0.0,0.0,0.0,0.0,11
338163208,0.0,0.0,0.0,0.0,139
338163328,0.07,0.04830459,0.0,0.1,10
338163389,0.012132353,0.032710474,0.0,0.1,272
338163412,0.010344828,0.032937527,0.0,0.2,261
338163452,0.0,0.0,0.0,0.0,50
338164025,1.9148148,2.8223972,0.0,6.8,27
338164033,0.0,0.0,0.0,0.0,379
338164079,0.03279221,0.04770972,0.0,0.2,308
338164158,0.013659794,0.035129994,0.0,0.2,388
338164194,0.0015957447,0.0125645455,0.0,0.1,188
338164347,0.14602649,0.7445711,0.0,7.4,302
338164476,0.021294363,0.042708643,0.0,0.3,958
338164492,0.011602211,0.032113977,0.0,0.1,181
338164572,0.0,0.0,0.0,0.0,3
338165157,0.13113773,0.09811734,0.0,0.4,167
338165266,0.022222223,0.041646335,0.0,0.1,288
338165277,0.0006960557,0.008323571,0.0,0.1,431
338165279,0.017391305,0.03875534,0.0,0.1,23
338165414,4.21,2.2936175,0.0,7.7,180
338165486,0.67164177,3.8873966,0.0,38.9,268
338165497,0.0030303032,0.017407766,0.0,0.1,33
338165518,0.0317757,0.04924073,0.0,0.2,321
338165737,0.024615385,0.064384,0.0,0.4,325
338166141,0.0009852217,0.009889003,0.0,0.1,406
338166285,0.005882353,0.023883257,0.0,0.1,34
338166523,0.0046594986,0.02111485,0.0,0.1,279
338166723,0.005882353,0.024253562,0.0,0.1,17
338166816,0.045238096,0.06425308,0.0,0.4,378
338167006,0.024257427,0.05691657,0.0,0.5,202
338167019,0.034816753,0.058118742,0.0,0.3,382
338167228,0.0017021276,0.01296266,0.0,0.1,235
338167405,0.032989692,0.060097508,0.0,0.3,388
338167484,0.0,0.0,0.0,0.0,1092
338167545,0.2844737,1.4302411,0.0,21.2,380
338167589,5.8733335,6.0184736,0.0,15.8,30
338167606,0.74444443,7.2347198,0.0,89.5,153
338167753,0.9176201,1.3483887,0.0,18.7,437
338167861,0.011965812,0.03259573,0.0,0.1,117
338168189,1.4804195,2.7156017,0.0,8.5,286
338168229,3.055725,9.05999,0.0,36.9,131
338168325,0.05357143,0.05762036,0.0,0.2,28
338168478,0.0021390375,0.014487563,0.0,0.1,374
338168836,0.0040816325,0.019826952,0.0,0.1,245
338168848,0.0,0.0,0.0,0.0,348
338169044,0.008287293,0.027607163,0.0,0.1,362
338169074,0.0,0.0,0.0,0.0,2
338169322,3.8565216,2.5332024,0.0,6.5,23
338169339,1.0530043,2.0405781,0.0,6.8,466
338169558,0.05454546,0.08748301,0.0,0.3,44
338170062,0.07328767,0.062324643,0.0,0.3,438
338170261,0.019705882,0.041290775,0.0,0.2,340
338170444,0.016113745,0.05876561,0.0,0.6,211
338170578,0.041666668,0.090033665,0.0,0.3,12
338170771,2.8037038,2.9271502,0.0,8.8,513
338170774,0.009302326,0.02939026,0.0,0.1,43
338171065,0.000591716,0.010878566,0.0,0.2,338
338171068,0.0016949152,0.012935525,0.0,0.1,236
338171267,0.0038910506,0.019375902,0.0,0.1,257
338171363,0.03802817,0.05032717,0.0,0.3,355
338171402,0.0,,0.0,0.0,1
338171551,0.00033333333,0.005773503,0.0,0.1,300
338171974,1.1813953,1.5513828,0.0,3.7,43
338172029,0.009477125,0.029337848,0.0,0.1,306
338172253,0.0,0.0,0.0,0.0,16
338172386,0.04191781,0.05211614,0.0,0.3,365
338172574,0.05,0.07071068,0.0,0.1,2
338172899,9.987117,7.504099,0.0,21.1,163
338173000,4.4146066,3.5259929,0.0,10.3,89
338173004,0.00072639226,0.008502154,0.0,0.1,413
338173126,0.00075,0.008638522,0.0,0.1,400
338173269,10.458929,25.90838,0.0,102.2,112
338173467,1.9116666,2.4416647,0.0,6.8,60
338173738,0.05,0.07071068,0.0,0.1,2
338173854,0.00093750004,0.009652059,0.0,0.1,320
338174000,1.0056674,2.3168838,0.0,7.8,794
338174109,0.22538462,2.7422283,0.0,44.0,260
338174273,0.024590164,0.04341942,0.0,0.1,61
338174439,0.023588039,0.04330223,0.0,0.2,301
338174473,3.5153685,4.6694713,0.0,17.1,475
338174777,0.01490196,0.03568081,0.0,0.1,255
338174872,0.012322276,0.032908287,0.0,0.1,422
338175175,0.008547009,0.027997907,0.0,0.1,351
338175289,0.002366864,0.015223997,0.0,0.1,338
338175351,0.030769233,0.048957437,0.0,0.2,234
338175381,0.005471125,0.022776216,0.0,0.1,329
338175814,0.012389381,0.083346516,0.0,1.2,339
338175864,2.7035713,2.592651,0.0,9.5,28
338175928,3.2271266,3.5046906,0.0,8.9,435
338176247,0.10705883,0.09406176,0.0,0.5,255
338176511,0.9708098,0.91443104,0.0,6.0,531
338177403,0.02016129,0.040201597,0.0,0.1,248
338177476,0.00472103,0.031128688,0.0,0.3,233
338177481,0.0,0.0,0.0,0.0,223
338177821,0.0011070111,0.010482418,0.0,0.1,271
338177881,0.0,0.0,0.0,0.0,343
338177897,0.0,0.0,0.0,0.0,388
338178147,0.00030959753,0.005564149,0.0,0.1,323
338178271,0.011111111,0.03202563,0.0,0.1,27
338178317,0.031472083,0.04704354,0.0,0.2,394
338178609,0.0005319149,0.007283519,0.0,0.1,376
338178871,0.01,0.03583308,0.0,0.4,420
338179205,0.0063829785,0.03205401,0.0,0.3,235
338179266,4.2490563,1.0461694,0.0,4.9,53
338179321,0.18202248,0.1615501,0.0,1.0,356
338179584,0.0,,0.0,0.0,1
338179758,0.120000005,0.1410048,0.0,0.7,35
338179903,0.0017006802,0.012951691,0.0,0.1,294
338180022,0.041884817,0.08858531,0.0,0.7,382
338180096,0.0010204082,0.010062698,0.0,0.1,392
338180155,0.0016393443,0.012803689,0.0,0.1,61
338180293,0.0,0.0,0.0,0.0,2
338180307,0.0,0.0,0.0,0.0,419
338180596,0.0062350123,0.024208082,0.0,0.1,417
338180702,6.462963,7.1949315,0.3,31.4,27
338180905,0.0017699115,0.013244277,0.0,0.1,113
338180966,0.008064516,0.052161124,0.0,0.4,62
338181008,0.03478261,0.0575329,0.0,0.6,368
338181015,6.4333334,7.715445,0.0,20.4,15
338181063,0.0,0.0,0.0,0.0,377
338181104,0.0055718473,0.022971433,0.0,0.1,341
338181202,0.0,0.0,0.0,0.0,429
338181286,0.13267046,0.20208521,0.0,1.6,352
338181327,0.010817941,0.031101746,0.0,0.1,379
338181537,0.018936878,0.039245375,0.0,0.1,301
338181692,0.0029850747,0.01703875,0.0,0.1,402
338181757,0.05,0.054772258,0.0,0.1,6
338181762,0.019649122,0.039804317,0.0,0.1,285
338182073,3.142857,1.2874075,0.0,6.0,84
338182085,0.00025252526,0.0050251894,0.0,0.1,396
338182104,0.032894738,0.048442837,0.0,0.2,304
338182138,0.012565445,0.033971034,0.0,0.2,382
338182243,0.08,0.083666004,0.0,0.2,5
338182705,0.023237599,0.046421286,0.0,0.3,383
338182754,0.003550296,0.018532164,0.0,0.1,338
338182936,0.675,0.20615527,0.5,0.9,4
338183055,0.0934037,0.09530665,0.0,0.7,379
338183058,0.0,0.0,0.0,0.0,312
338183059,0.013920455,0.03466526,0.0,0.1,352
338183078,0.041860465,0.05303189,0.0,0.2,430
338183085,0.0,0.0,0.0,0.0,6
338183098,0.0,0.0,0.0,0.0,22
338183181,0.2759657,0.17227444,0.0,0.9,233
338183282,0.03504902,0.049289774,0.0,0.2,408
338183544,0.1,0.0,0.1,0.1,6
338183549,0.0014705883,0.0120550245,0.0,0.1,340
338183996,0.0,0.0,0.0,0.0,2
338184011,0.015873017,0.03730873,0.0,0.2,378
338184016,0.009210526,0.039044093,0.0,0.4,380
338184024,0.021666666,0.04126619,0.0,0.1,300
338184034,0.84285706,0.71652395,0.3,2.6,14
338184049,5.840964,3.5377457,0.0,27.7,166
338184064,0.0016393443,0.012719175,0.0,0.1,305
338184205,0.043093923,0.058872152,0.0,0.4,181
338184269,0.0023333333,0.015121212,0.0,0.1,300
338184857,1.1296296,1.0266912,0.0,6.2,216
338184935,0.032,0.04712121,0.0,0.1,50
338185000,0.0019742488,0.013917381,0.0,0.1,1165
338185134,0.0,0.0,0.0,0.0,17
338185302,0.01120332,0.03289827,0.0,0.2,241
338185308,0.05,0.07071068,0.0,0.1,2
338185321,0.04034335,0.05003329,0.0,0.2,233
338185711,0.0,0.0,0.0,0.0,407
338185756,0.0013812155,0.026279416,0.0,0.5,362
338186056,0.0069047622,0.025383746,0.0,0.1,420
338186093,0.18435208,0.21178429,0.0,1.5,409
338186129,0.01604278,0.03679876,0.0,0.1,187
338186132,0.0,,0.0,0.0,1
338186376,0.001843318,0.013482272,0.0,0.1,217
338186777,0.0025044722,0.015633088,0.0,0.1,1118
338186779,0.25862068,2.3687782,0.0,30.5,174
338186788,0.0,0.0,0.0,0.0,386
338186925,0.53033704,4.7313123,0.0,44.6,89
338186931,0.06666667,0.05773503,0.0,0.1,3
338186995,0.23823531,0.90219086,0.0,5.0,34
338187088,0.00028328612,0.005322463,0.0,0.1,353
338187745,0.31428573,0.74705774,0.0,2.0,7
338187796,1.2163266,3.7361805,0.0,21.4,147
338187822,0.13654971,0.0865285,0.0,0.5,342
338188000,11.003153,4.159756,0.0,15.2,920
338188541,0.0014705883,0.014294079,0.0,0.2,340
338188639,0.0,0.0,0.0,0.0,2
338188721,0.0,0.0,0.0,0.0,260
338188863,0.009594096,0.0991642,0.0,1.5,271
338188875,0.44451475,1.373173,0.0,9.1,474
338188894,0.004373178,0.020479646,0.0,0.1,343
338188947,0.0,0.0,0.0,0.0,39
338188962,0.037499998,0.12790112,0.0,0.5,24
338189000,6.03871,4.304128,0.0,10.6,961
338189257,0.0043126685,0.04857704,0.0,0.9,371
338189586,2.8989944,0.5297514,1.1,4.7,895
338189587,0.056756757,0.06468794,0.0,0.3,407
338189927,0.002295082,0.018882727,0.0,0.2,305
338189952,0.0068720384,0.027138734,0.0,0.2,422
338190057,0.0011560693,0.010705217,0.0,0.1,346
338190229,0.015403423,0.13533689,0.0,2.6,409
338190276,3.2588654,1.7394198,0.0,7.0,141
338190278,6.660396,8.859687,0.0,38.4,303
338190316,0.003537736,0.018494993,0.0,0.1,424
338190366,0.046341464,0.06379231,0.0,0.4,369
338190423,0.06955381,0.33821055,0.0,3.2,381
338190648,0.041666668,0.05574568,0.0,0.3,300
338190787,5.2896104,3.350671,0.0,8.9,77
338190801,0.01171875,0.03229074,0.0,0.1,128
338190888,0.72,0.35697138,0.2,1.5,15
338190965,0.01,0.030045558,0.0,0.1,330
338191512,0.2004662,0.51997465,0.0,7.4,429
338191585,0.042786073,0.057967223,0.0,0.3,201
338191619,0.0052478136,0.02360456,0.0,0.2,343
338191636,0.0,0.0,0.0,0.0,418
338191842,0.004761905,0.021554027,0.0,0.1,42
338191908,0.008142494,0.027383521,0.0,0.1,393
338192032,0.00047619047,0.006892416,0.0,0.1,420
338192181,0.0005464481,0.0073820795,0.0,0.1,366
338192263,0.01891892,0.039254393,0.0,0.1,222
338192559,0.0010050251,0.009987145,0.0,0.1,398
338192735,0.050289016,0.0501443,0.0,0.1,173
338192758,9.302083,5.990293,0.0,17.9,48
338192797,0.0007633588,0.008714723,0.0,0.1,393
338192878,0.025,0.04472136,0.0,0.1,16
338192884,0.0,0.0,0.0,0.0,10
338192944,0.20771514,0.1874003,0.0,1.3,337
338193179,0.009183674,0.02895349,0.0,0.1,196
338193276,0.12938145,0.069137014,0.0,0.3,194
338193319,0.00754717,0.026667876,0.0,0.1,53
338193493,0.037048195,0.05369454,0.0,0.2,332
338193507,0.0013227513,0.011439917,0.0,0.1,378
338193601,0.003981265,0.019574815,0.0,0.1,427
338193652,0.0,0.0,0.0,0.0,2
338193875,0.04832215,0.060418326,0.0,0.3,298
338194000,0.0005,0.0070622014,0.0,0.1,400
338194028,0.0006389776,0.007980787,0.0,0.1,313
338194088,0.03848039,0.06661079,0.0,0.4,408
338194145,0.093600005,0.10032887,0.0,0.9,375
338194303,0.093636364,0.08702765,0.0,0.5,110
338194593,0.0040920717,0.019836038,0.0,0.1,391
338194649,5.713158,4.6713223,0.0,18.6,380
338194894,0.0008849558,0.009379336,0.0,0.1,339
338195000,16.527514,4.5577517,0.0,19.1,338
338196000,0.5745946,1.1099613,0.0,4.2,185
338196024,0.0,0.0,0.0,0.0,13
338196033,0.001242236,0.01361499,0.0,0.2,322
338196375,4.074699,1.3792754,0.0,6.3,83
338197000,0.0,0.0,0.0,0.0,316
338197181,0.0020100502,0.015742894,0.0,0.2,398
338197212,0.18333334,0.22557117,0.0,0.9,18
338197303,0.04778068,0.06856062,0.0,0.4,383
338197593,0.033333335,0.05773503,0.0,0.1,3
338197796,0.10487805,0.07184077,0.0,0.3,82
338198206,0.122772284,0.10161012,0.0,0.6,202
338198348,0.019461079,0.12902385,0.0,2.1,334
338198401,1.5871965,2.8823946,0.0,8.0,453
338198796,0.0,0.0,0.0,0.0,2
338198805,0.0,0.0,0.0,0.0,115
338199061,0.00058139535,0.007607155,0.0,0.1,860
338199216,0.0004830918,0.006942061,0.0,0.1,414
338199276,0.024695123,0.08183614,0.0,1.0,328
338199521,0.0006993007,0.008342859,0.0,0.1,429
338199554,5.5747576,1.9622775,0.0,10.4,103
338199622,0.03419023,0.048568953,0.0,0.2,389
338199737,0.0,,0.0,0.0,1
338199803,0.004385965,0.02982948,0.0,0.3,342
338199855,0.6925633,3.6114612,0.0,31.2,1264
338199886,0.12801932,0.386375,0.0,4.6,414
338200158,0.005357143,0.022557318,0.0,0.1,280
338200324,0.0059649125,0.023725221,0.0,0.1,285
338200411,0.03809524,0.048639357,0.0,0.1,315
338200813,0.0,0.0,0.0,0.0,270
338201023,0.13586956,0.1654707,0.0,0.9,92
338201217,0.0,0.0,0.0,0.0,2
338201245,1.0596491,4.482864,0.0,38.7,171
338201604,0.028571429,0.046880722,0.0,0.1,14
338201659,0.0,0.0,0.0,0.0,422
338201722,0.011538462,0.032260254,0.0,0.1,52
338201838,0.0022727272,0.0169699,0.0,0.2,308
338202074,0.046010636,0.21966045,0.0,2.9,376
338202093,0.01,0.03162278,0.0,0.1,10
338202238,7.6766667,11.372959,0.0,32.9,60
338202306,0.00056179776,0.0074847527,0.0,0.1,356
338202326,0.041666668,0.102959014,0.0,0.9,180
338202665,0.00975,0.19500001,0.0,3.9,400
338203000,2.3440633,3.148586,0.0,8.4,1137
338203331,0.07041565,0.10304232,0.0,0.9,409
338203365,0.12448979,0.59670293,0.0,4.1,49
338203383,0.39129215,1.0505841,0.0,8.0,356
338203701,8.181848,2.1271608,0.0,11.0,314
338203708,0.035384614,0.17978352,0.0,1.4,65
338204361,0.017708333,0.03961805,0.0,0.2,192
338204396,0.0034883723,0.01838419,0.0,0.1,258
338204407,1.537156,6.819175,0.0,60.8,218
338204619,6.013362,1.1236316,0.0,7.2,232
338204706,0.0021505377,0.016826417,0.0,0.2,279
338204924,0.0063253017,0.02437849,0.0,0.1,332
338204978,0.012352942,0.034697074,0.0,0.2,340
338205061,0.34098363,0.32113189,0.0,1.2,61
338205064,0.0,0.0,0.0,0.0,28
338205068,0.019873818,0.041521497,0.0,0.2,317
338205201,0.0,0.0,0.0,0.0,7
338205376,0.00047393364,0.006876103,0.0,0.1,422
338205428,3.648359,3.020955,0.0,9.2,579
338205601,5.8419847,2.052951,0.0,7.4,131
338205644,0.003618421,0.02039379,0.0,0.2,304
338205715,0.00625,0.024593469,0.0,0.1,32
338205828,0.9637317,1.1362648,0.0,9.7,477
338206233,0.12260063,0.73006636,0.0,10.2,323
338206398,0.01865285,0.046370886,0.0,0.3,193
338206408,0.0073891627,0.09555339,0.0,1.9,406
338206512,0.031313132,0.046494287,0.0,0.1,198
338206557,0.032026146,0.06933274,0.0,0.4,306
338206665,0.003932584,0.019491732,0.0,0.1,178
338206764,0.00023640662,0.0048621665,0.0,0.1,423
338207175,0.26838908,3.2588675,0.0,50.3,329
338207261,0.00089820364,0.009448857,0.0,0.1,334
338207465,0.06861539,0.20547955,0.0,3.0,325
338207479,0.07890625,0.21154128,0.0,2.0,384
338207534,0.09222521,0.10835343,0.0,0.9,373
338207777,0.008290156,0.03436445,0.0,0.3,193
338207837,0.01923077,0.03979586,0.0,0.1,52
338207912,0.014414415,0.036849204,0.0,0.2,333
338207928,7.292308,11.082754,0.0,27.3,13
338208033,0.002631579,0.016113631,0.0,0.1,76
338208108,0.012790698,0.03344727,0.0,0.1,344
338208166,1.6279265,3.4612968,0.0,39.6,598
338208173,0.061851855,0.049423218,0.0,0.2,270
338208181,1.4888889,1.2439058,0.0,4.2,36
338208221,0.9095847,5.64063,0.0,46.3,313
338208224,0.0025547445,0.02625681,0.0,0.4,274
338208292,0.3417143,0.51754,0.0,4.4,175
338208423,0.0,0.0,0.0,0.0,390
338208483,0.7090909,2.045094,0.0,9.1,330
338208499,0.000456621,0.006749638,0.0,0.1,438
338208559,0.014339622,0.03511396,0.0,0.1,265
338208626,6.9928575,7.0958185,0.0,21.4,448
338208631,0.0,0.0,0.0,0.0,371
338208634,5.39863,5.1641793,0.0,27.0,73
338208696,0.017803032,0.040261775,0.0,0.2,264
338208704,0.5869565,0.94258076,0.0,3.3,23
338208708,0.00487106,0.021557141,0.0,0.1,349
338208967,0.020454546,0.04120088,0.0,0.2,308
338209016,4.9,,4.9,4.9,1
338209202,0.0,0.0,0.0,0.0,346
338209286,0.013131314,0.0345575,0.0,0.2,396
338209606,1.8033519,7.8567004,0.0,48.5,179
338209675,0.0037234041,0.06722672,0.0,1.3,376
338210083,0.045519713,0.05973261,0.0,0.4,279
338210086,0.019553073,0.046299238,0.0,0.3,179
338210164,0.006084656,0.02393655,0.0,0.1,378
338210279,0.08214285,0.17649586,0.0,0.9,28
338210347,0.0059602647,0.058002055,0.0,0.7,151
338210432,0.0942029,0.5453824,0.0,4.4,207
338210502,0.015289256,0.03606298,0.0,0.1,242
338210799,6.5948453,9.342682,0.0,38.4,97
338210835,0.019343067,0.03957104,0.0,0.1,274
338210844,0.76,1.5883954,0.0,3.6,5
338210856,0.0022222223,0.014758787,0.0,0.1,405
338210969,0.2128788,0.16338445,0.0,0.9,396
338211221,0.033039648,0.06176614,0.0,0.6,227
338211434,0.6162162,0.60438836,0.0,2.7,37
338211477,2.2211766,2.4625816,0.0,8.1,85
338211588,0.51285344,3.2998266,0.0,35.7,389
338211776,3.706422,2.9316685,0.0,9.6,109
338212094,0.0,0.0,0.0,0.0,8
338212122,0.47368422,0.42666942,0.1,1.6,19
338212484,0.001242236,0.01109336,0.0,0.1,322
338212583,0.042045455,0.059250563,0.0,0.3,264
338212734,0.31026393,1.7033306,0.0,21.3,341
338212759,0.0,0.0,0.0,0.0,20
338212878,0.027697843,0.044831276,0.0,0.1,278
338213453,0.002848101,0.020113701,0.0,0.2,316
338213723,0.0013245033,0.011451211,0.0,0.1,302
338213744,0.0015197569,0.012252442,0.0,0.1,329
338213838,0.023809524,0.051269595,0.0,0.2,126
338214018,1.6742858,2.9665618,0.0,9.2,70
338214232,0.02923077,0.045836248,0.0,0.1,65
338214493,0.0002898551,0.005383819,0.0,0.1,345
338214613,0.042168673,0.14406316,0.0,2.0,332
338214987,0.2,0.33466402,0.0,0.8,6
338215000,1.3141304,3.2326689,0.0,10.5,460
338215073,18.923077,7.9141045,0.1,24.0,26
338215125,0.01908832,0.04147661,0.0,0.2,351
338215609,0.010196079,0.030319182,0.0,0.1,255
338215875,0.0028645834,0.016702665,0.0,0.1,384
338216139,0.017171718,0.0645805,0.0,0.5,198
338216165,0.0018691589,0.013607076,0.0,0.1,107
338216331,0.38846153,3.388913,0.0,39.8,260
338216333,0.0008287293,0.011739483,0.0,0.2,362
338216539,0.00024213076,0.004920678,0.0,0.1,413
338216593,0.0005540166,0.0074328845,0.0,0.1,361
338216726,0.038736265,0.09096693,0.0,0.8,364
338217000,15.266316,0.395079,14.9,16.0,95
338217105,0.003319502,0.017951833,0.0,0.1,241
338217307,0.0,0.0,0.0,0.0,34
338217326,0.017318437,0.042095855,0.0,0.3,358
338217656,0.0016901409,0.012908404,0.0,0.1,355
338217715,0.21972604,0.13565038,0.0,0.6,365
338217857,3.9444444,3.127955,0.0,8.5,27
338217952,0.21439207,0.17517956,0.0,1.1,403
338217981,7.9402986,1.8579934,0.5,17.3,67
338218374,0.35,1.2595025,0.0,8.2,402
338218665,0.0037037039,0.018924236,0.0,0.1,243
338218673,0.0018461539,0.013482076,0.0,0.1,325
338218857,0.0,0.0,0.0,0.0,408
338218868,0.00882353,0.028468536,0.0,0.1,136
338219167,0.0,0.0,0.0,0.0,408
338219251,0.06042155,0.06429692,0.0,0.4,427
338219285,0.0006060606,0.0077731493,0.0,0.1,330
338219372,0.0015,0.012185749,0.0,0.1,200
338219386,0.0035143772,0.018443799,0.0,0.1,313
338219524,0.04488189,0.049934343,0.0,0.1,127
338219658,0.072452836,0.49139917,0.0,4.3,265
338219846,0.006203474,0.025160743,0.0,0.2,403
338221000,14.046962,0.6530594,6.4,15.2,362
338222121,0.0010695187,0.010300081,0.0,0.1,374
338222414,0.00054495916,0.007372043,0.0,0.1,367
338223080,0.0,0.0,0.0,0.0,392
338223365,0.0,0.0,0.0,0.0,207
338223442,0.030000001,0.04830459,0.0,0.1,10
338223507,4.6816964,4.1378355,0.0,16.5,224
338223617,0.18321168,0.18408747,0.0,0.7,411
338223624,0.0,0.0,0.0,0.0,278
338223955,0.02982456,0.0612562,0.0,0.4,171
338224000,6.5388565,11.480947,0.0,30.2,682
338224107,0.15379061,1.2883093,0.0,16.0,277
338224286,0.014692378,0.05819688,0.0,1.0,1089
338224334,0.0,0.0,0.0,0.0,1158
338224619,0.0027472528,0.017972488,0.0,0.2,364
338224622,14.763333,16.152285,0.0,43.1,120
338224673,0.0004651163,0.0068199434,0.0,0.1,215
338224747,14.832968,6.82183,0.0,28.0,182
338224785,0.011654136,0.032147784,0.0,0.1,266
338224802,3.7937024,3.1466482,0.0,8.5,524
338225000,0.8428571,0.31022847,0.0,1.7,819
338225023,0.02038835,0.0411504,0.0,0.2,309
338225025,0.0055555557,0.022964207,0.0,0.1,198
338225099,0.008163266,0.04151472,0.0,0.4,392
338225303,0.0041474653,0.024177898,0.0,0.2,217
338225409,0.026648352,0.046695516,0.0,0.2,364
338225441,0.00086206896,0.009264648,0.0,0.1,232
338225719,0.02980392,0.04582963,0.0,0.1,255
338225733,0.03948718,0.11410677,0.0,0.9,195
338225878,0.0,,0.0,0.0,1
338226144,0.09205298,0.14024891,0.0,1.1,151
338226163,0.095820904,0.06994757,0.0,0.4,335
338226227,0.0013245033,0.011451211,0.0,0.1,302
338226244,0.035686277,0.05117728,0.0,0.2,255
338226285,1.0287426,1.5224625,0.0,21.9,501
338226426,0.05352697,0.053986963,0.0,0.2,241
338226455,0.01197183,0.032501355,0.0,0.1,426
338226488,0.07102041,0.08258738,0.0,0.7,245
338226543,0.0,0.0,0.0,0.0,2
338226654,1.9100001,2.4956594,0.0,6.5,20
338226699,10.609434,9.088376,0.0,27.5,265
338226793,0.045639537,0.06373824,0.0,0.3,344
338226823,2.7541666,1.9635769,0.1,5.4,24
338226858,0.04155844,0.05130391,0.0,0.2,308
338226898,0.028316328,0.046231065,0.0,0.2,392
338226906,0.6217391,4.7724986,0.0,50.8,299
338226967,3.9024174,3.3463333,0.0,8.2,455
338227000,10.100276,3.6746523,0.0,13.9,724
338227018,0.25437883,0.51073796,0.0,4.3,491
338227114,0.009210526,0.031571135,0.0,0.2,380
338227155,0.0023972602,0.017421588,0.0,0.2,292
338227269,0.026440678,0.044176623,0.0,0.1,295
338227318,0.004918033,0.021654038,0.0,0.1,366
338227387,1.6588342,2.181939,0.0,9.1,549
338227465,0.003963415,0.02104659,0.0,0.2,328
338227472,0.0,,0.0,0.0,1
338227496,0.014893617,0.058898304,0.0,0.3,47
338227577,4.3943396,2.840735,0.0,8.2,53
338227584,0.103539824,0.1295109,0.0,0.6,113
338227723,0.0,0.0,0.0,0.0,17
338227743,0.0020100502,0.014052077,0.0,0.1,398
338228002,0.0,0.0,0.0,0.0,8
338228071,6.2814946,1.1565709,0.0,8.1,281
338228091,0.039463602,0.0602407,0.0,0.3,261
338228202,5.1,0.76157725,4.0,5.7,4
338228393,0.0006968641,0.008333232,0.0,0.1,287
338228432,0.0022222223,0.01490712,0.0,0.1,45
338228435,0.0,,0.0,0.0,1
338228436,0.005882353,0.023763541,0.0,0.1,51
338228458,2.95,3.2557642,0.0,9.6,16
338228516,0.0046357615,0.021060737,0.0,0.1,302
338228692,0.00034246576,0.0058520576,0.0,0.1,292
338228732,0.00076923077,0.008753632,0.0,0.1,260
338228895,0.13939394,0.32494172,0.0,1.3,33
338228903,0.20967741,0.36149025,0.0,5.0,248
338229042,0.025358852,0.04410572,0.0,0.2,418
338229164,0.009124087,0.028847825,0.0,0.1,274
338229191,0.004519774,0.020803163,0.0,0.1,354
338229192,0.04153226,0.06800267,0.0,0.4,248
338229338,2.9340527,4.522613,0.0,11.4,417
338229343,0.012876713,0.13995172,0.0,2.2,365
338229401,0.01826923,0.038828533,0.0,0.1,104
338229525,6.7898207,2.8530397,0.0,9.8,167
338229689,0.0,0.0,0.0,0.0,354
338229693,0.039762612,0.08569014,0.0,0.9,337
338229709,0.076615386,0.06531682,0.0,0.4,325
338229715,0.8720588,1.6712245,0.0,7.6,136
338229739,0.0,0.0,0.0,0.0,4
338229881,0.0060367454,0.023847956,0.0,0.1,381
338229899,0.10952381,0.3448257,0.0,1.6,21
338230035,0.0,0.0,0.0,0.0,220
338230257,5.7713404,5.8105655,0.0,20.4,485
338230284,2.4819047,4.3546343,0.0,22.3,105
338230327,7.2588463,2.0262845,0.0,10.0,260
338230503,0.05328084,0.05252566,0.0,0.2,381
338230535,0.05263158,0.077232845,0.0,0.3,19
338230551,11.700001,8.028876,0.5,26.1,36
338230729,6.7791667,5.971852,0.0,41.6,456
338230858,0.0036553524,0.018790837,0.0,0.1,383
338230859,0.003794038,0.019131152,0.0,0.1,369
338231072,0.11659751,0.11168426,0.0,0.7,241
338231219,0.0024221453,0.017510364,0.0,0.2,289
338231269,0.016627634,0.0385154,0.0,0.2,427
338231786,0.16508727,0.99660826,0.0,12.9,401
338231803,0.0033613446,0.018061185,0.0,0.1,238
338232047,0.2883721,0.42105296,0.0,2.6,129
338232506,0.3801498,2.7151377,0.0,24.3,267
338232593,0.019098144,0.03935968,0.0,0.1,377
338232644,3.7157893,5.603497,0.0,20.1,19
338232900,6.397059,0.8543951,4.4,7.7,34
338232942,0.023173803,0.07763553,0.0,1.1,397
338233113,6.151152,6.538958,0.0,29.2,217
338233213,5.1583333,3.5625472,0.0,9.3,12
338233531,0.0045673074,0.038065325,0.0,0.6,416
338233568,0.0,0.0,0.0,0.0,2
338233741,0.23469388,1.0212164,0.0,9.6,588
338233779,0.013960115,0.03470675,0.0,0.1,351
338233818,14.25,7.424621,9.0,19.5,2
338233823,0.015686275,0.0510241,0.0,0.5,408
338234027,0.024250682,0.061718754,0.0,0.9,367
338234085,0.0,0.0,0.0,0.0,37
338234181,0.021965317,0.041521344,0.0,0.1,173
338234208,0.044036698,0.06913713,0.0,0.5,218
338234348,0.77982956,1.7877765,0.0,7.5,352
338234365,0.046153847,0.05817745,0.0,0.2,26
338234391,0.003508772,0.02953871,0.0,0.3,114
338234505,0.0,0.0,0.0,0.0,13
338234539,0.014973261,0.037199188,0.0,0.2,374
338234542,10.332075,5.249917,0.0,19.3,106
338234563,0.0073170736,0.10854942,0.0,1.7,246
338234735,0.15756881,0.16319387,0.0,1.0,436
338234992,0.0,0.0,0.0,0.0,15
338235322,0.0,0.0,0.0,0.0,5
338235324,0.1,,0.1,0.1,1
338235462,0.09058824,0.08230917,0.0,0.4,170
338235517,0.00048780488,0.0069757598,0.0,0.1,410
338235551,0.05,0.07071068,0.0,0.1,2
338235931,0.00025,0.005,0.0,0.1,400
338236069,0.009794989,0.0297586,0.0,0.1,439
338236078,0.075303644,0.07961677,0.0,0.4,247
338236133,0.013010204,0.034435455,0.0,0.2,392
338236311,0.0,0.0,0.0,0.0,329
338236414,0.0,,0.0,0.0,1
338236435,0.011221122,0.03161483,0.0,0.1,303
338236539,6.2,,6.2,6.2,1
338236591,0.048857145,0.24701393,0.0,2.9,350
338236599,1.1033332,3.1334531,0.0,16.7,90
338236607,0.0062111802,0.024211157,0.0,0.1,161
338236795,0.0,0.0,0.0,0.0,351
338236842,0.29148936,0.5159102,0.0,2.7,94
338236847,0.05348837,0.064247474,0.0,0.4,344
338236902,0.009375,0.02919371,0.0,0.1,320
338237068,0.0,0.0,0.0,0.0,403
338237102,7.530133,2.8926048,0.0,9.9,302
338237143,1.147836,2.3586407,0.0,8.8,439
338237232,0.0,0.0,0.0,0.0,60
338237258,0.015,0.03891978,0.0,0.2,340
338237342,0.0,,0.0,0.0,1
338237356,0.00025773197,0.005076731,0.0,0.1,388
338237373,0.0052341595,0.022302236,0.0,0.1,363
338237419,0.010199005,0.031904787,0.0,0.2,402
338237515,0.0,,0.0,0.0,1
338237693,0.0013623978,0.013762109,0.0,0.2,367
338237725,0.03314917,0.051088158,0.0,0.2,362
338237738,0.0035598706,0.027093163,0.0,0.4,309
338237796,0.025,0.05,0.0,0.1,4
338237814,0.0002610966,0.0051097614,0.0,0.1,383
338237815,0.0012690355,0.011207672,0.0,0.1,394
338237829,3.1094096,3.5482316,0.0,9.6,542
338237928,0.0,0.0,0.0,0.0,147
338238014,0.9209581,1.2737305,0.0,3.9,167
338238015,0.002915452,0.01684853,0.0,0.1,343
338238041,0.0002754821,0.005248639,0.0,0.1,363
338238052,0.14044666,0.43523517,0.0,4.0,403
338238144,0.00377907,0.019096747,0.0,0.1,344
338238209,0.0,,0.0,0.0,1
338238296,0.008,0.02717465,0.0,0.1,300
338238441,0.005263158,0.10760552,0.0,2.2,418
338238507,0.011294118,0.032425106,0.0,0.2,425
338238542,0.0013289037,0.0114700245,0.0,0.1,301
338238646,0.115948275,0.11972175,0.0,0.7,232
338238828,0.09010417,0.08018249,0.0,0.4,384
338238922,0.0,,0.0,0.0,1
338239318,0.006703911,0.027189068,0.0,0.2,358
338239321,0.033426967,0.04841776,0.0,0.2,356
338239395,0.0022988506,0.016468177,0.0,0.2,435
338239419,0.0028735632,0.01673031,0.0,0.1,348
338239429,0.011953353,0.03248892,0.0,0.1,343
338239613,1.016,3.479944,0.0,30.4,225
338239883,0.18684211,0.16183324,0.0,0.9,342
338239917,0.04368421,0.05799741,0.0,0.3,380
338240138,0.13856813,0.12933154,0.0,1.0,433
338240311,0.024999999,0.056800526,0.0,0.6,328
338240384,1.4957983,1.7900571,0.0,10.2,119
338240395,0.004901961,0.021626264,0.0,0.1,306
338240403,0.048447207,0.053074438,0.0,0.2,322
338240456,0.00443038,0.028430128,0.0,0.2,158
338240533,0.0,,0.0,0.0,1
338240611,0.00047169812,0.006859905,0.0,0.1,424
338240708,0.02242268,0.041761063,0.0,0.1,388
338240821,0.053746775,0.26575762,0.0,3.9,387
338241331,0.019730942,0.04417328,0.0,0.3,223
338241559,0.00033898305,0.005822225,0.0,0.1,295
338241769,0.041489363,0.053700835,0.0,0.2,94
338241932,0.118181825,0.1867934,0.0,0.7,22
338242367,,,,,0
338242658,0.014285715,0.035097323,0.0,0.1,168
338242702,0.006557377,0.024958983,0.0,0.1,61
338242985,0.7472779,7.862352,0.0,102.2,349
338243222,0.22113402,0.19874738,0.0,1.5,388
338243523,0.014652957,0.035409175,0.0,0.1,389
338243697,0.00051413884,0.0071611013,0.0,0.1,389
338243826,0.0,0.0,0.0,0.0,5
338244048,5.3029847,3.2806582,0.0,9.8,67
338244265,0.044387754,0.10496198,0.0,0.6,392
338244338,0.0,0.0,0.0,0.0,432
338245332,0.0053380784,0.024052983,0.0,0.2,281
338245604,0.002295082,0.014999282,0.0,0.1,305
338245618,2.2,3.0663042,0.0,8.5,10
338245712,4.838983,3.161188,0.0,8.4,59
338245991,0.0032876714,0.017855864,0.0,0.1,365
338246049,0.0,0.0,0.0,0.0,225
338246081,0.0,0.0,0.0,0.0,282
338246396,3.7972548,1.9483974,0.0,7.2,255
338246766,2.1666667,1.5011108,1.3,3.9,3
338246829,0.010294117,0.03799284,0.0,0.3,272
338246879,0.0,0.0,0.0,0.0,219
338246966,0.018562876,0.039702732,0.0,0.2,334
338247227,0.05172414,0.06336228,0.0,0.2,29
338247363,0.66848487,1.6096709,0.0,28.5,330
338247491,0.0020408162,0.014159847,0.0,0.1,343
338247504,0.0019305019,0.013786122,0.0,0.1,259
338247603,0.013684211,0.078388155,0.0,0.8,380
338247628,0.0,0.0,0.0,0.0,10
338247645,0.20660661,0.121306464,0.0,0.8,333
338247653,0.0,0.0,0.0,0.0,285
338247729,0.0041353386,0.021757768,0.0,0.2,266
338247775,1.2495238,2.1173978,0.0,7.2,210
338247851,0.0011560693,0.010705217,0.0,0.1,346
338247984,0.0033846155,0.01811119,0.0,0.1,325
338248055,0.19357798,0.92108315,0.0,7.2,327
338248271,0.0014492754,0.012038586,0.0,0.1,69
338248272,0.0,0.0,0.0,0.0,367
338248304,0.00023474179,0.0048450157,0.0,0.1,426
338248437,8.054826,2.0871732,0.0,10.7,518
338248555,6.7265954,9.698744,0.0,27.5,94
338248577,0.105439335,0.11957433,0.0,1.0,239
338248599,0.58210784,0.69653296,0.0,4.5,408
338248921,0.18571429,0.13315815,0.0,0.6,35
338249077,0.1,,0.1,0.1,1
338249086,0.022305766,0.041681934,0.0,0.1,399
338249095,0.00029069767,0.0053916387,0.0,0.1,344
338249327,0.0005376344,0.0073224674,0.0,0.1,372
338249329,0.010991957,0.03216778,0.0,0.2,373
338249576,2.5111113,1.3678857,0.8,4.9,9
338249719,0.023764707,0.049763035,0.0,0.4,425
338249908,0.05,0.07071068,0.0,0.1,2
338249957,,,,,0
338250001,0.04071661,0.068146385,0.0,0.6,307
338250033,0.8306238,1.6169344,0.0,6.7,529
338250099,0.014211887,0.04354245,0.0,0.4,387
338250173,1.7289473,5.269606,0.0,28.2,76
338250521,8.921429,13.351053,0.0,34.8,28
338250658,0.2263158,0.38128746,0.0,1.5,19
338250683,0.0043478264,0.020851443,0.0,0.1,23
338251177,4.678014,1.4632201,0.2,7.6,141
338251272,0.008401085,0.029670136,0.0,0.2,369
338251533,0.006024096,0.032438766,0.0,0.4,249
338251882,0.0195,0.042173963,0.0,0.2,200
338251906,12.049999,13.788582,2.3,21.8,2
338252414,0.004605263,0.0210292,0.0,0.1,152
338252549,0.0,0.0,0.0,0.0,3
338252773,0.001183432,0.010846141,0.0,0.1,169
338252786,0.0019093079,0.013701583,0.0,0.1,419
338252832,0.09836512,0.42232448,0.0,6.1,367
338252838,0.0028169015,0.016663313,0.0,0.1,71
338252852,0.0018348624,0.013482852,0.0,0.1,109
338252922,0.0037500001,0.032430295,0.0,0.5,320
338253000,0.0088524595,0.029585868,0.0,0.2,305
338253257,2.0,,2.0,2.0,1
338253325,0.060317464,0.20925884,0.0,1.9,189
338253346,0.0040201005,0.023193842,0.0,0.3,398
338253674,0.04398496,0.052678302,0.0,0.2,266
338253733,0.02,0.041039135,0.0,0.1,20
338253868,2.8438356,6.256219,0.0,18.1,73
338254084,0.40393698,2.1854448,0.0,35.4,381
338254199,0.0,0.0,0.0,0.0,4
338254222,0.009160305,0.028901689,0.0,0.1,262
338254261,0.00080645166,0.008956027,0.0,0.1,372
338254272,0.060000002,0.107496776,0.0,0.3,10
338254288,0.0,0.0,0.0,0.0,398
338254905,0.0,0.0,0.0,0.0,2
338254933,0.0,0.0,0.0,0.0,303
338255000,0.0,0.0,0.0,0.0,362
338257000,0.0061662197,0.024086408,0.0,0.1,373
338263000,5.227451,3.834179,0.0,9.8,714
338265000,1.0454545,2.7665517,0.0,12.3,176
338269000,6.3714285,2.548015,0.6,7.5,7
338272000,6.175,0.37735263,5.3,7.2,1120
338281000,0.10594796,0.5048662,0.0,3.4,269
338293000,0.0,0.0,0.0,0.0,260
338295000,2.036194,3.6075926,0.0,9.8,536
338297000,0.6890476,1.5673474,0.0,5.9,210
338300061,0.00625,0.024240604,0.0,0.1,352
338300157,0.30881226,0.32171255,0.0,2.7,261
338300347,0.0021276597,0.014447577,0.0,0.1,423
338300496,0.01148825,0.035795074,0.0,0.2,383
338300516,0.0060606063,0.024043472,0.0,0.1,66
338300637,0.1,0.05773503,0.0,0.2,7
338300786,0.0077120825,0.026712663,0.0,0.1,389
338300891,0.0010169492,0.01005003,0.0,0.1,295
338301189,0.6824428,0.67840093,0.0,3.3,131
338301303,5.458621,3.69661,0.0,19.7,58
338301337,0.018518519,0.06224664,0.0,0.3,27
338301366,0.010294118,0.030432992,0.0,0.1,340
338301498,0.011278195,0.031692237,0.0,0.1,266
338301504,0.17017545,0.43699452,0.0,4.0,513
338301547,0.01632653,0.03779645,0.0,0.2,343
338301642,0.034759358,0.13206516,0.0,1.5,187
338301716,0.0,0.0,0.0,0.0,10
338301734,0.045205478,0.050114024,0.0,0.1,73
338302000,0.032054793,0.047317,0.0,0.2,365
338302002,4.1695237,8.091678,0.0,37.5,315
338302009,0.42698413,0.21191148,0.0,1.1,315
338302029,0.0381877,0.049980033,0.0,0.2,309
338302064,0.055172414,0.050612018,0.0,0.1,29
338302153,0.05,0.05107539,0.0,0.1,24
338302166,0.0016393444,0.012733144,0.0,0.1,183
338302249,0.0025839794,0.015886256,0.0,0.1,387
338302402,1.020915,5.601018,0.0,44.7,153
338302428,0.0005464481,0.0073820795,0.0,0.1,366
338302435,3.609091,3.6424384,0.0,7.6,44
338302465,0.1375,0.3338437,0.0,1.6,32
338302496,0.0025641026,0.015828755,0.0,0.1,351
338302588,0.011280488,0.032634676,0.0,0.2,328
338302691,4.0846524,3.6604702,0.0,8.0,417
338302742,8.557377,1.7240691,0.0,9.9,244
338302745,10.824561,8.918079,0.0,22.2,114
338302783,2.4827197,2.8143022,0.0,9.4,706
338302785,0.0707124,0.063097045,0.0,0.3,379
338303073,0.04935065,0.057636283,0.0,0.2,77
338303186,0.014285715,0.041739196,0.0,0.2,42
338303448,0.0068965517,0.07514354,0.0,0.9,145
338303461,6.6285715,8.682647,0.3,25.9,14
338303483,0.15390071,0.1309792,0.0,0.9,282
338303563,3.8239436,3.1554246,0.0,8.1,71
338303582,0.23079097,0.21125805,0.0,2.5,354
338303696,0.0038327526,0.01923211,0.0,0.1,287
338303737,0.030748663,0.05895403,0.0,0.3,374
338303778,0.007142857,0.026726125,0.0,0.1,14
338303854,0.029144386,0.046667103,0.0,0.2,374
338303881,0.0802381,0.06528762,0.0,0.4,420
338303904,0.0,0.0,0.0,0.0,343
338303918,0.0,0.0,0.0,0.0,15
338303934,0.89790475,0.8622796,0.1,8.7,525
338304000,0.6373334,2.0485168,0.0,9.2,450
338304048,0.003021148,0.018827677,0.0,0.2,331
338304066,0.046289753,0.052036684,0.0,0.2,283
338304093,0.00933735,0.033027235,0.0,0.2,332
338304308,0.003179191,0.017569976,0.0,0.1,346
338304374,0.7525735,0.85010713,0.0,9.9,544
338304692,0.030057805,0.045917343,0.0,0.1,346
338304694,0.043734018,0.05551965,0.0,0.3,391
338304847,0.00025510206,0.005050763,0.0,0.1,392
338304875,0.08249337,0.12907667,0.0,0.8,377
338304901,2.392437,2.668973,0.0,15.9,119
338304968,0.010967743,0.033303045,0.0,0.2,310
338304973,0.009148265,0.028875006,0.0,0.1,317
338305000,0.74429965,1.938581,0.0,6.9,307
338305459,0.0027100272,0.01625961,0.0,0.1,369
338305462,0.033608817,0.051763713,0.0,0.2,363
338305827,0.008146068,0.0385065,0.0,0.4,356
338306203,15.34238,17.930212,0.0,47.4,269
338306518,0.0006535948,0.008071257,0.0,0.1,306
338306578,0.0,,0.0,0.0,1
338306739,0.0005076142,0.0071247052,0.0,0.1,197
338306834,0.0,0.0,0.0,0.0,30
338306841,0.015517242,0.041935913,0.0,0.3,406
338306884,0.17834821,0.2141524,0.0,1.7,448
338306925,0.08571429,0.069006555,0.0,0.2,7
338306927,0.0016393443,0.012724408,0.0,0.1,244
338306941,0.9880952,1.5033624,0.0,5.9,42
338306963,0.06554217,0.07185017,0.0,0.4,415
338307005,0.0,0.0,0.0,0.0,313
338307197,0.20539217,0.20659173,0.0,1.6,204
338307259,0.005357143,0.022720778,0.0,0.1,56
338307271,0.0,0.0,0.0,0.0,4
338307324,0.00051546394,0.0071795816,0.0,0.1,194
338307451,0.48999998,1.4150163,0.0,5.4,60
338307615,0.0088524595,0.028452313,0.0,0.1,305
338307759,0.0,0.0,0.0,0.0,18
338307771,0.0003717472,0.0060971077,0.0,0.1,269
338307941,0.00777027,0.026815653,0.0,0.1,296
338308017,0.70983213,1.7119136,0.0,7.2,417
338308018,0.6325069,1.4292682,0.0,6.3,363
338308075,0.022850124,0.05199218,0.0,0.3,407
338308131,0.1,0.109544516,0.0,0.3,6
338308422,0.0,,0.0,0.0,1
338308452,0.019463088,0.04369754,0.0,0.2,298
338308619,0.009043927,0.037345406,0.0,0.5,387
338308639,0.0,0.0,0.0,0.0,248
338308963,0.0,0.0,0.0,0.0,342
338308984,0.50714284,1.1655324,0.0,3.8,28
338309005,1.2772152,1.4324937,0.0,4.9,79
338309106,0.0,0.0,0.0,0.0,63
338309553,0.0006896552,0.008304548,0.0,0.1,145
338309989,0.0021739132,0.014609543,0.0,0.1,276
338310082,0.016,0.03670652,0.0,0.1,400
338310088,0.0007371008,0.008564285,0.0,0.1,407
338310228,0.0002739726,0.005234239,0.0,0.1,365
338310272,0.034931507,0.07088115,0.0,0.4,438
338310281,0.0,0.0,0.0,0.0,382
338310323,0.0,0.0,0.0,0.0,369
338310354,0.005026455,0.02628399,0.0,0.3,378
338310414,0.001234568,0.011059391,0.0,0.1,324
338310483,0.054285716,0.08597425,0.0,0.4,140
338310494,3.0135136,1.5748302,0.0,6.6,37
338310562,0.011501598,0.03294295,0.0,0.2,313
338310667,0.003030303,0.017194165,0.0,0.1,165
338310677,0.03076923,0.07510676,0.0,0.2,13
338310725,0.016422287,0.03710221,0.0,0.1,341
338310827,0.0025641026,0.015908496,0.0,0.1,78
338310878,0.011575563,0.03303605,0.0,0.2,311
338310941,0.0022222223,0.01490712,0.0,0.1,45
338311105,0.003003003,0.017092679,0.0,0.1,333
338311146,0.0,0.0,0.0,0.0,321
338311215,0.00955414,0.0335035,0.0,0.3,314
338311264,0.21428572,0.80178374,0.0,3.0,14
338311351,0.016216217,0.037966322,0.0,0.2,259
338311357,0.007311321,0.026062977,0.0,0.1,424
338311391,0.03787879,0.06153325,0.0,0.3,198
338311572,0.0,,0.0,0.0,1
338311576,0.0015873016,0.016230358,0.0,0.2,189
338311581,0.11195652,0.088755,0.0,0.3,92
338311624,0.005757576,0.02332932,0.0,0.1,330
338311634,0.035714287,0.05213395,0.0,0.2,196
338311664,0.02359155,0.06038559,0.0,0.4,284
338311712,0.0,,0.0,0.0,1
338311787,0.187538,0.24913819,0.0,2.5,329
338311884,0.009642857,0.030758878,0.0,0.2,280
338311925,3.826087,3.3737175,0.0,13.5,46
338311935,0.012846347,0.03350274,0.0,0.1,397
338311973,3.961905,1.3727623,0.6,5.3,21
338311986,4.292354,7.7200813,0.0,29.2,497
338311991,0.009536083,0.04966858,0.0,0.8,388
338312000,0.04962406,0.060343746,0.0,0.3,266
338312056,0.26749998,0.2900762,0.0,2.6,320
338312202,0.025210084,0.053346157,0.0,0.3,357
338312232,5.2348313,2.2298136,0.1,7.2,89
338312357,0.0004987531,0.0070534125,0.0,0.1,401
338312588,4.7739253,3.665697,0.0,11.1,349
338312756,0.0,0.0,0.0,0.0,107
338312794,0.031466667,0.050364804,0.0,0.2,375
338312854,0.034862388,0.08093911,0.0,0.5,109
338312915,0.002479339,0.015570956,0.0,0.1,363
338313036,0.002013423,0.014093312,0.0,0.1,149
338313063,0.027356323,0.05311625,0.0,0.2,435
338313066,0.0,0.0,0.0,0.0,133
338313076,0.24339081,0.2780894,0.0,3.0,348
338313091,0.03118971,0.047091532,0.0,0.2,311
338313197,0.0,0.0,0.0,0.0,24
338313407,0.0102459015,0.045559406,0.0,0.5,244
338313435,0.013368984,0.034077466,0.0,0.1,374
338313469,0.0005509642,0.007412437,0.0,0.1,363
338313473,6.2285714,0.62099135,5.0,7.3,35
338313733,0.019003116,0.04723879,0.0,0.2,321
338313847,4.77,1.5649282,1.4,6.8,10
338313983,0.30627063,0.30240804,0.0,2.5,303
338314236,7.807143,0.6671823,6.4,9.5,28
338314251,0.0019417476,0.017913477,0.0,0.2,309
338314276,0.0013477089,0.011546165,0.0,0.1,371
338314342,0.0,0.0,0.0,0.0,3
338314355,0.05,0.07071068,0.0,0.1,2
338314379,0.01163435,0.03296192,0.0,0.2,361
338314419,1.4777777,1.5262517,0.0,4.2,9
338314489,0.014285714,0.036313653,0.0,0.1,14
338314711,7.6572495,9.199383,0.0,20.5,269
338314744,0.0,0.0,0.0,0.0,106
338314804,0.024324324,0.046008162,0.0,0.2,370
338314844,0.033962265,0.047432754,0.0,0.1,318
338314871,0.014414415,0.045318075,0.0,0.4,222
338314984,0.0002631579,0.005129892,0.0,0.1,380
338316023,0.0,0.0,0.0,0.0,4
338316076,0.0023529413,0.015247721,0.0,0.1,85
338316385,0.03125,0.049484055,0.0,0.2,208
338316428,2.1170454,4.09542,0.0,18.7,88
338316496,0.002027027,0.014140186,0.0,0.1,148
338316504,0.000456621,0.006749638,0.0,0.1,438
338316524,0.0,0.0,0.0,0.0,2
338316621,0.010830325,0.032275368,0.0,0.2,277
338316808,0.055631403,0.06472302,0.0,0.3,293
338316866,0.0,0.0,0.0,0.0,25
338316876,0.0002793296,0.0052851643,0.0,0.1,358
338316896,0.0018518519,0.013523489,0.0,0.1,162
338316926,0.025633805,0.04623486,0.0,0.3,355
338316929,0.03247863,0.047030915,0.0,0.1,117
338316979,0.0,0.0,0.0,0.0,343
338316985,0.040816326,0.0496587,0.0,0.1,49
338317207,0.016618077,0.037278663,0.0,0.1,343
338317214,0.0044444446,0.020840907,0.0,0.1,45
338317464,0.009090909,0.030151134,0.0,0.1,11
338317514,0.0004819277,0.009817614,0.0,0.2,415
338317803,0.002195122,0.02831988,0.0,0.4,410
338317826,0.0033333334,0.020180497,0.0,0.2,240
338318369,0.007615894,0.026569251,0.0,0.1,302
338318385,0.57058823,1.9178396,0.0,8.4,187
338318433,0.00065789477,0.008097676,0.0,0.1,304
338318643,0.0050531914,0.021933168,0.0,0.1,376
338318725,0.0,,0.0,0.0,1
338318773,0.023529412,0.046406243,0.0,0.2,119
338319112,0.29129595,0.52223957,0.0,6.6,517
338319137,0.025,0.04472136,0.0,0.1,16
338319509,0.049430527,0.059628945,0.0,0.5,439
338319585,0.02170088,0.041987866,0.0,0.2,341
338319661,0.004509284,0.02202116,0.0,0.2,377
338319871,0.0,0.0,0.0,0.0,2
338320053,0.0,0.0,0.0,0.0,397
338320514,0.44090396,0.4839731,0.0,4.8,885
338320694,0.040304184,0.049144424,0.0,0.1,263
338320752,0.0039393944,0.019482577,0.0,0.1,330
338320955,0.0026570049,0.017541187,0.0,0.2,414
338320958,2.5609481,2.6481338,0.0,8.1,443
338321098,0.00025706942,0.005070201,0.0,0.1,389
338321229,0.011633664,0.032102574,0.0,0.1,404
338321456,1.581203,2.9813855,0.1,30.2,133
338321715,0.0018315018,0.013433421,0.0,0.1,273
338321789,0.0,0.0,0.0,0.0,350
338322094,0.030177515,0.045970876,0.0,0.1,338
338322145,1.1337423,2.6124754,0.0,7.9,489
338322209,0.0046321526,0.021046745,0.0,0.1,367
338322276,0.005392157,0.022614017,0.0,0.1,408
338322293,0.0,0.0,0.0,0.0,325
338322334,0.033608817,0.08159278,0.0,0.6,363
338322535,0.0013071896,0.011376871,0.0,0.1,306
338322597,0.07025641,0.13330624,0.0,1.3,195
338322928,,,,,0
338322986,0.0,0.0,0.0,0.0,407
338323002,0.039119806,0.051783938,0.0,0.2,409
338323033,0.00790378,0.039471567,0.0,0.4,291
338323045,0.043772243,0.2602993,0.0,3.3,281
338323111,0.0030470914,0.017211769,0.0,0.1,361
338323181,3.8147058,2.662436,0.0,7.5,34
338323386,0.00979021,0.030528106,0.0,0.2,429
338323532,0.15294118,0.5799975,0.0,2.4,17
338323556,0.0,,0.0,0.0,1
338323728,0.017928287,0.043327715,0.0,0.2,251
338323974,0.0088383835,0.029298363,0.0,0.2,396
338323998,0.0,0.0,0.0,0.0,431
338324023,0.00040160643,0.0063372427,0.0,0.1,249
338324111,0.01469534,0.036469616,0.0,0.2,279
338324141,0.119760476,0.14152335,0.0,0.8,167
338324182,0.0,0.0,0.0,0.0,263
338324193,0.0026011562,0.01594001,0.0,0.1,346
338324589,0.008232445,0.027519176,0.0,0.1,413
338324845,0.035215054,0.06419065,0.0,0.4,372
338324914,8.275394,7.2807856,0.0,20.0,317
338325116,0.000952381,0.012582757,0.0,0.2,315
338325326,0.007168459,0.02584285,0.0,0.1,279
338325344,0.014670659,0.043083612,0.0,0.3,334
338325347,0.0,0.0,0.0,0.0,238
338325605,0.0007142857,0.008451543,0.0,0.1,140
338325676,0.0,0.0,0.0,0.0,427
338325903,0.0,0.0,0.0,0.0,233
338325988,0.0,0.0,0.0,0.0,130
338326316,0.046560846,0.05548267,0.0,0.3,378
338326319,0.0071428576,0.038620446,0.0,0.5,364
338326528,0.82026666,0.8481593,0.0,7.0,375
338326542,0.025806451,0.06307531,0.0,0.3,31
338326628,0.008479533,0.027898505,0.0,0.1,342
338326639,0.004347826,0.020424852,0.0,0.1,322
338326672,11.045691,8.235832,0.0,20.4,116
338326771,0.048,0.09183318,0.0,0.3,25
338326777,0.036040608,0.053579822,0.0,0.3,394
338327097,0.0007246377,0.008497074,0.0,0.1,276
338327129,0.001431981,0.011894755,0.0,0.1,419
338327288,0.0,0.0,0.0,0.0,26
338327314,0.0,0.0,0.0,0.0,258
338327349,0.0016666667,0.0128232995,0.0,0.1,300
338327364,0.00072398194,0.008481694,0.0,0.1,1105
338327385,0.023976607,0.05203743,0.0,0.3,342
338327396,0.020502092,0.044416845,0.0,0.2,239
338327402,0.0013071896,0.011376871,0.0,0.1,306
338327436,0.0015037594,0.012185516,0.0,0.1,399
338327553,0.0008522728,0.009205523,0.0,0.1,352
338327578,0.039333332,0.09616587,0.0,0.9,150
338327705,0.0,0.0,0.0,0.0,416
338327886,0.2,,0.2,0.2,1
338328095,0.0,,0.0,0.0,1
338328149,9.9125,10.566157,0.0,24.5,40
338328243,0.0023809525,0.015430335,0.0,0.1,42
338328278,0.011764706,0.032458525,0.0,0.1,68
338328291,0.024596773,0.04761348,0.0,0.2,248
338328344,0.0007194245,0.008461475,0.0,0.1,417
338328406,3.601217,7.4249086,0.0,30.1,493
338328494,0.00029069767,0.0053916387,0.0,0.1,344
338328653,0.005223881,0.022278551,0.0,0.1,402
338328681,0.15,0.07071068,0.1,0.2,2
338328696,0.0,0.0,0.0,0.0,209
338328708,0.0143631445,0.037368443,0.0,0.2,369
338328732,0.012068966,0.032623533,0.0,0.1,348
338328735,0.0069767446,0.025512578,0.0,0.1,344
338328741,0.0,0.0,0.0,0.0,2
338328935,0.03668639,0.05829142,0.0,0.4,338
338328994,0.022682928,0.04420028,0.0,0.3,410
338329002,0.0018041236,0.013327238,0.0,0.1,388
338329098,5.175758,7.1014853,0.0,28.0,66
338329117,0.00960452,0.033125423,0.0,0.2,354
338329217,0.046991404,0.13885142,0.0,1.2,349
338329269,0.0063013695,0.025436133,0.0,0.2,365
338329338,0.18333334,0.40207794,0.0,1.0,6
338329372,0.0,0.0,0.0,0.0,334
338329381,0.00024449878,0.0049446817,0.0,0.1,409
338329445,0.30322582,0.30159706,0.0,1.6,279
338329483,3.9768,1.2209948,0.7,6.3,125
338329531,0.04449878,0.06474161,0.0,0.5,409
338329686,0.02132353,0.044568863,0.0,0.2,136
338329770,0.26475197,0.3025812,0.0,2.6,383
338329884,0.31936276,0.32023117,0.0,2.1,408
338329896,0.1125,0.31819806,0.0,0.9,8
338330025,0.5509138,3.5211096,0.0,37.3,383
338330158,0.00025906737,0.005089866,0.0,0.1,386
338330189,0.04361702,0.050787408,0.0,0.2,188
338330257,5.4,,5.4,5.4,1
338330273,0.003125,0.01767767,0.0,0.1,32
338330284,0.021428572,0.041196395,0.0,0.1,126
338330495,0.0,0.0,0.0,0.0,395
338330514,0.0125,0.03535534,0.0,0.1,8
338330516,0.0,0.0,0.0,0.0,2
338330523,0.1,0.2544836,0.0,1.1,22
338330892,0.021690141,0.045192182,0.0,0.2,355
338330977,0.015360502,0.036974136,0.0,0.2,319
338330978,0.055555556,0.05270463,0.0,0.1,9
338330992,0.018875504,0.039210204,0.0,0.1,249
338330993,3.7205129,1.9331157,0.0,6.7,39
338331086,0.0,0.0,0.0,0.0,36
338331116,0.0,0.0,0.0,0.0,10
338331176,0.0188862,0.039187368,0.0,0.1,413
338331481,0.0005221932,0.0072168293,0.0,0.1,383
338331588,0.045652177,0.06205042,0.0,0.3,368
338331632,1.6285715,2.1319983,0.0,5.7,49
338331774,0.007053942,0.025658682,0.0,0.1,241
338331846,0.0,,0.0,0.0,1
338331961,0.0,0.0,0.0,0.0,6
338331965,0.06447369,0.08331532,0.0,0.5,152
338332032,0.00049382716,0.0070185815,0.0,0.1,405
338332085,0.0015151516,0.012309149,0.0,0.1,66
338332091,4.404651,1.2399987,1.1,5.7,43
338332197,0.07801419,0.10148343,0.0,0.5,141
338332248,0.0005970149,0.0077150986,0.0,0.1,335
338332305,0.0004784689,0.0069088456,0.0,0.1,418
338332375,0.0019718308,0.015822079,0.0,0.2,355
338332392,0.08647687,0.13898371,0.0,1.1,281
338332399,0.0014962594,0.012155477,0.0,0.1,401
338332425,0.00028169015,0.005307449,0.0,0.1,355
338332447,0.0058968063,0.024607643,0.0,0.2,407
338332459,0.001,0.009966499,0.0,0.1,300
338332477,8.215534,9.291262,0.0,31.5,309
338333102,0.00035842296,0.0059868433,0.0,0.1,279
338333275,0.012753624,0.033405717,0.0,0.1,345
338333507,0.018562876,0.058724143,0.0,0.3,167
338333597,0.011483254,0.03749617,0.0,0.3,209
338333638,0.0005221932,0.0072168293,0.0,0.1,383
338333641,0.0,0.0,0.0,0.0,6
338333956,0.005629139,0.02580469,0.0,0.2,302
338334012,0.05033557,0.051496737,0.0,0.2,149
338334114,0.49766082,1.4305882,0.0,7.7,171
338334382,0.18722223,0.18032576,0.0,1.0,180
338334604,0.071244635,0.06490507,0.0,0.3,233
338334676,0.014285714,0.03779645,0.0,0.1,7
338334792,2.645283,2.8548586,0.0,7.8,53
338334941,0.018855218,0.040034223,0.0,0.2,297
338335017,0.054732513,0.058987938,0.0,0.3,243
338335047,0.012371135,0.033096235,0.0,0.1,97
338335066,0.0017291066,0.013054193,0.0,0.1,347
338335196,0.005988024,0.02376208,0.0,0.1,334
338335396,0.021813031,0.04203758,0.0,0.2,353
338335399,0.8715818,0.87285644,0.0,8.3,373
338335533,0.0035714286,0.018587887,0.0,0.1,308
338335546,0.016,0.037032805,0.0,0.1,50
338335585,0.0008264463,0.009072029,0.0,0.1,242
338335697,0.0023622047,0.017623946,0.0,0.2,254
338335912,0.039583337,0.06437782,0.0,0.3,48
338335982,0.016864607,0.038118277,0.0,0.2,421
338335993,0.0,0.0,0.0,0.0,426
338336026,0.00053333334,0.007293198,0.0,0.1,375
338336125,0.0012406948,0.013137207,0.0,0.2,403
338336131,18.533333,19.47935,0.0,44.7,66
338336285,0.00039215686,0.006262243,0.0,0.1,255
338336315,0.068478264,0.375318,0.0,2.2,92
338336452,0.034920633,0.06642561,0.0,0.4,189
338336533,0.007004831,0.03714007,0.0,0.4,414
338336608,0.0,,0.0,0.0,1
338336818,0.00060240965,0.007749772,0.0,0.1,332
338336985,0.0,,0.0,0.0,1
338337217,0.0013089005,0.013491083,0.0,0.2,382
338337491,0.008308605,0.029717715,0.0,0.2,337
338337599,2.3090909,2.6508317,0.1,7.1,11
338337624,4.3733335,1.8755825,0.1,5.9,15
338337916,0.49230772,1.8338192,0.0,10.8,377
338338006,0.008421053,0.04276254,0.0,0.4,380
338338181,0.013888889,0.03551915,0.0,0.2,324
338338223,0.018137256,0.039211653,0.0,0.2,408
338338317,0.0004484305,0.006696495,0.0,0.1,223
338338405,0.00031152647,0.005581456,0.0,0.1,321
338338626,0.003773585,0.019091725,0.0,0.1,265
338338631,0.7302326,2.0144436,0.0,9.1,301
338338944,0.0012019231,0.010910262,0.0,0.1,416
338338998,0.014498142,0.035273835,0.0,0.1,269
338339427,0.01088083,0.031220842,0.0,0.1,193
338339445,0.051612902,0.05353698,0.0,0.2,62
338339496,0.00871441,0.028216785,0.0,0.1,1159
338339505,0.08545995,0.14555675,0.0,1.2,337
338339553,0.0,0.0,0.0,0.0,361
338339572,0.2108209,0.22132237,0.0,1.3,268
338339596,4.06,4.561238,0.0,15.0,10
338339611,0.0,0.0,0.0,0.0,236
338339632,0.019851116,0.042939015,0.0,0.3,403
338339637,0.0046875,0.021220163,0.0,0.1,128
338339706,0.034375,0.060157724,0.0,0.2,32
338339802,0.0037037039,0.018912217,0.0,0.1,351
338339871,2.1775,1.7365742,0.0,5.2,80
338340003,0.0007575758,0.00868732,0.0,0.1,264
338340854,17.4,8.862237,0.0,26.3,133
338340868,5.3450003,6.365737,0.0,22.1,20
338340925,23.639132,5.5583467,7.5,27.0,23
338341000,0.73957056,0.274896,0.2,3.0,326
338342386,3.5666666,1.0452842,0.0,5.5,57
338342934,7.2503304,4.6006603,0.0,17.4,606
338343000,5.366176,0.4755946,3.3,6.5,204
338343112,0.0021126762,0.014431594,0.0,0.1,142
338343581,0.0010443864,0.010179315,0.0,0.1,383
338343583,0.00025316456,0.005031546,0.0,0.1,395
338344036,0.0058394163,0.02500234,0.0,0.2,274
338344191,2.9721804,2.5599585,0.0,6.4,133
338344194,0.03370166,0.047916126,0.0,0.2,362
338344375,0.023622047,0.04253177,0.0,0.1,381
338344461,0.0752381,0.07585725,0.0,0.5,315
338344588,8.58,7.0703926,0.0,31.3,130
338344608,0.018630138,0.03968679,0.0,0.2,365
338344694,0.004060914,0.019763393,0.0,0.1,394
338344964,0.042857144,0.078679584,0.0,0.2,7
338345000,6.791506,7.1910434,0.0,17.4,518
338345317,0.0007936508,0.011488884,0.0,0.2,378
338345406,0.038997214,0.04941103,0.0,0.2,359
338345509,0.009032258,0.02871068,0.0,0.1,310
338345524,5.8859153,2.2803693,0.0,8.4,142
338345779,4.204348,1.5293632,0.0,7.3,69
338345963,0.0,0.0,0.0,0.0,4
338346168,0.3136951,3.3684754,0.0,64.8,387
338346212,4.5842104,7.8240557,0.0,24.2,19
338346695,0.00029239766,0.005407381,0.0,0.1,342
338346797,0.009558824,0.03184424,0.0,0.2,408
338347048,0.06363636,0.050452497,0.0,0.1,11
338347101,0.06375,0.14045092,0.0,1.3,240
338347484,0.07906336,0.06265052,0.0,0.3,363
338347582,0.017987804,0.045057625,0.0,0.3,328
338347828,0.015060241,0.03587431,0.0,0.1,166
338347938,0.00952381,0.029710175,0.0,0.1,42
338348054,1.324613,2.3263235,0.0,36.9,646
338348103,4.0,,4.0,4.0,1
338348233,0.01980198,0.048336707,0.0,0.5,404
338348917,0.0,0.0,0.0,0.0,38
338349402,3.4815,1.8114399,0.0,6.6,200
338349407,0.05046729,0.058879204,0.0,0.3,107
338349508,1.3666667,0.2081666,1.2,1.6,3
338349659,0.06446281,0.051412556,0.0,0.2,121
338349786,0.0,0.0,0.0,0.0,413
338349894,3.1390924,3.1705387,0.0,7.5,573
338349926,0.010621761,0.044032186,0.0,0.6,386
338349964,4.2444444,0.99036044,0.0,5.9,72
338349966,0.014021165,0.03769513,0.0,0.2,378
338349995,2.8500001,3.1246333,0.1,5.8,4
338350025,12.474757,10.648085,0.0,27.8,103
338350044,0.09375,0.12365948,0.0,0.5,16
338350317,0.008985507,0.03244606,0.0,0.3,345
338350423,0.0014598541,0.014752669,0.0,0.2,274
338350431,0.0,0.0,0.0,0.0,390
338350925,0.0,0.0,0.0,0.0,2
338350954,0.1,0.08164966,0.0,0.2,4
338350963,0.02837838,0.04831481,0.0,0.2,74
338350995,0.0008196722,0.0090287365,0.0,0.1,366
338351000,0.00047058825,0.006851849,0.0,0.1,425
338351332,0.027559055,0.049785573,0.0,0.3,254
338351341,0.02706767,0.045354486,0.0,0.2,266
338351663,0.0,0.0,0.0,0.0,390
338351674,0.00028653294,0.0053528775,0.0,0.1,349
338352047,0.028791774,0.057381257,0.0,0.3,389
338352087,0.00093896716,0.009667151,0.0,0.1,213
338352109,0.0,0.0,0.0,0.0,12
338352228,0.022442244,0.042574156,0.0,0.2,303
338352736,1.9086957,0.80300164,0.2,3.8,46
338352849,6.3009934,1.604758,0.0,7.9,302
338352923,0.000909091,0.009505602,0.0,0.1,330
338353022,0.08258706,0.13266978,0.0,1.0,402
338353027,0.009120521,0.033060774,0.0,0.2,307
338353147,0.0625,0.10606602,0.0,0.3,8
338353167,0.0,0.0,0.0,0.0,368
338353207,0.021212121,0.040950023,0.0,0.1,297
338353279,0.0002710027,0.005205792,0.0,0.1,369
338353371,0.17258568,0.17427309,0.0,1.2,321
338353394,4.057237,1.7641238,0.0,6.6,152
338353395,3.9010365,1.9304304,0.0,6.7,193
338353555,0.05633188,0.06893039,0.0,0.3,229
338353642,0.004047619,0.019730829,0.0,0.1,420
338353699,0.083333336,0.118609965,0.0,0.8,162
338353769,0.023433875,0.09292805,0.0,1.0,431
338353894,0.39120603,0.34829277,0.0,2.7,398
338353911,0.00027855154,0.005277798,0.0,0.1,359
338354069,4.708602,4.033566,0.0,9.1,186
338354269,0.011111111,0.033333335,0.0,0.1,9
338354382,0.0036101083,0.01868793,0.0,0.1,277
338354421,0.032075472,0.09893148,0.0,0.8,159
338354435,0.0002754821,0.005248639,0.0,0.1,363
338354507,0.21052632,0.119697474,0.1,0.5,19
338354549,0.044262294,0.05552656,0.0,0.3,427
338354773,0.0,0.0,0.0,0.0,397
338354787,0.01764706,0.039295264,0.0,0.1,17
338354812,0.014173228,0.037817586,0.0,0.2,381
338354886,0.016666668,0.03806935,0.0,0.1,24
338354901,0.10740741,0.06155627,0.0,0.3,27
338354925,0.05882353,0.061834697,0.0,0.2,17
338354948,0.014666666,0.059070177,0.0,0.4,225
338355165,0.0075117373,0.026420156,0.0,0.1,213
338355282,0.18877551,1.6356772,0.0,16.2,98
338355413,1.7103286,3.8007598,0.0,26.8,426
338355632,7.8234606,1.0650494,0.0,10.1,341
338356000,0.002631579,0.016222142,0.0,0.1,38
338356013,0.0054347827,0.02270114,0.0,0.1,368
338356082,3.9739003,6.2072945,0.0,23.7,1023
338356215,0.0006289308,0.007917997,0.0,0.1,318
338356273,0.0033898305,0.018252082,0.0,0.1,59
338356358,0.07990075,0.056586042,0.0,0.2,403
338356427,6.524138,2.0150142,0.0,8.2,116
338356758,0.024411766,0.06114402,0.0,0.5,340
338356832,0.0003164557,0.00562544,0.0,0.1,316
338356847,0.018454937,0.045040395,0.0,0.2,233
338356872,0.028571429,0.048795003,0.0,0.1,7
338357231,0.08288044,0.5952174,0.0,5.2,368
338357355,6.2137527,5.119618,0.0,17.0,429
338357411,0.0,0.0,0.0,0.0,7
338357459,0.01724138,0.05250365,0.0,0.5,348
338357462,0.020111732,0.058821183,0.0,0.4,358
338357463,0.0017094017,0.015021352,0.0,0.2,351
338357719,0.01451104,0.035276897,0.0,0.1,317
338357744,2.3999999,1.0535655,1.3,3.4,3
338357768,8.435233,7.2638807,0.0,26.0,193
338357858,0.004012346,0.021171857,0.0,0.2,324
338357911,0.009829059,0.03123998,0.0,0.2,234
338358064,0.0040752348,0.02658215,0.0,0.3,319
338358224,0.033040937,0.07378811,0.0,0.5,342
338358313,0.0014814816,0.012096059,0.0,0.1,405
338358586,0.07829182,0.06911636,0.0,0.3,281
338358775,0.3213554,2.5552433,0.0,26.0,1269
338358994,0.011479592,0.033482518,0.0,0.2,392
338359107,0.032580648,0.059690017,0.0,0.3,310
338359453,0.08829269,0.14300525,0.0,0.9,205
338360013,19.191668,11.921749,0.0,30.7,12
338360063,0.007989691,0.02714836,0.0,0.1,388
338360209,4.415,1.4027323,0.0,5.6,20
338360278,0.013157895,0.034257,0.0,0.1,38
338360367,0.002586207,0.015906692,0.0,0.1,232
338360493,0.018374559,0.038796265,0.0,0.1,283
338360597,0.0013262599,0.011454916,0.0,0.1,377
338360808,10.23913,7.44349,0.0,20.6,46
338360836,9.6075,17.409758,0.0,47.5,80
338360891,0.009653466,0.036345173,0.0,0.4,404
338360947,0.003649635,0.018786479,0.0,0.1,274
338360952,0.0034391535,0.018247424,0.0,0.1,378
338360958,0.06192053,0.1039436,0.0,0.7,302
338361065,0.04901961,0.10719533,0.0,1.2,306
338361068,0.04,0.05163978,0.0,0.1,10
338361073,0.009677419,0.029624792,0.0,0.1,248
338361141,0.057142854,0.16300745,0.0,0.7,21
338361164,0.024305556,0.04304255,0.0,0.1,144
338361191,0.0072769956,0.026895935,0.0,0.2,426
338361369,0.0,0.0,0.0,0.0,202
338361406,0.0,0.0,0.0,0.0,270
338361433,8.294936,11.101975,0.0,28.9,158
338361475,0.009649123,0.029569635,0.0,0.1,342
338361545,0.02792023,0.059194155,0.0,0.3,351
338361707,0.0007633588,0.008737041,0.0,0.1,131
338361983,0.011835749,0.03234218,0.0,0.1,414
338362095,0.0011709601,0.010770168,0.0,0.1,427
338362117,0.002110818,0.016127087,0.0,0.2,379
338362277,0.011627907,0.033870287,0.0,0.2,344
338362366,0.21172161,0.2610956,0.0,2.4,273
338362405,2.0908518,2.9325235,0.0,7.6,317
338362477,0.20000002,0.15755485,0.0,1.2,341
338362488,0.15365854,0.19117735,0.0,0.7,41
338362746,0.036842104,0.049559463,0.0,0.1,19
338362757,0.05,0.07071068,0.0,0.1,2
338362761,0.05401786,0.07385551,0.0,0.5,224
338362764,0.011363637,0.038305808,0.0,0.3,264
338362777,0.009677419,0.030808702,0.0,0.2,279
338362794,0.007142857,0.026726125,0.0,0.1,14
338362997,0.014285714,0.035634834,0.0,0.1,28
338363117,0.023579545,0.048165485,0.0,0.3,352
338363141,0.0034682082,0.019842725,0.0,0.2,346
338363236,0.0012987013,0.01134024,0.0,0.1,308
338363371,0.016206898,0.037840843,0.0,0.2,290
338363391,0.0022900763,0.014977784,0.0,0.1,393
338363439,0.005978261,0.030742308,0.0,0.3,368
338363598,0.00045045046,0.0067115608,0.0,0.1,222
338363672,0.34166667,0.50726604,0.0,1.6,24
338363701,0.00315534,0.020090917,0.0,0.2,412
338363718,0.025925925,0.07106514,0.0,0.8,270
338363735,0.4,0.42426407,0.1,0.7,2
338363742,0.04036145,0.061677378,0.0,0.3,332
338363744,0.029009435,0.082702346,0.0,1.0,424
338363874,0.13538814,0.11950972,0.0,0.6,438
338363932,7.035227,8.147956,0.0,21.7,352
338364031,0.0008645533,0.009271224,0.0,0.1,347
338364108,0.0011682243,0.010757699,0.0,0.1,428
338364225,0.55540544,0.46604097,0.0,2.8,444
338364259,0.023776224,0.047408983,0.0,0.2,143
338364307,0.035384614,0.121746115,0.0,0.8,65
338364358,0.0024456524,0.017138554,0.0,0.2,368
338364364,0.0055555557,0.023012932,0.0,0.1,108
338364441,0.0010067115,0.009999661,0.0,0.1,298
338364492,0.010000001,0.04025779,0.0,0.2,30
338364526,1.3,1.1109841,0.7,3.1,8
338364552,6.3000007,0.0,6.3,6.3,3
338364712,0.008108108,0.036349986,0.0,0.2,37
338364773,0.0018750001,0.03354102,0.0,0.6,320
338364881,2.1495328,4.781043,0.0,20.6,107
338364968,0.013513514,0.034238234,0.0,0.1,333
338364987,0.00036900368,0.0060745673,0.0,0.1,271
338365139,0.00051813474,0.007188803,0.0,0.1,386
338365398,0.0005464481,0.0073820795,0.0,0.1,366
338365526,0.0,0.0,0.0,0.0,385
338365617,0.00032786885,0.0057259835,0.0,0.1,305
338365762,0.027906979,0.050358627,0.0,0.2,43
338365776,0.0,0.0,0.0,0.0,287
338365874,0.7,0.0,0.7,0.7,67
338365894,6.660396,7.598233,0.0,28.3,202
338365973,0.02178771,0.045221396,0.0,0.2,358
338366226,0.0053308825,0.02247519,0.0,0.1,1088
338366478,0.0030303032,0.021184014,0.0,0.2,132
338366542,0.00056497176,0.0075164605,0.0,0.1,177
338366546,0.33235294,1.1505276,0.0,6.9,68
338366562,0.042105265,0.05173366,0.0,0.2,95
338366616,0.0,0.0,0.0,0.0,4
338366704,0.0023584906,0.015193123,0.0,0.1,424
338366845,3.1625,3.0184047,0.0,7.3,120
338366849,0.3372385,0.31031686,0.0,1.8,239
338366852,1.55,0.0707107,1.5,1.6,2
338367119,0.03727273,0.05434175,0.0,0.2,330
338367304,0.0,0.0,0.0,0.0,16
338367712,0.008960574,0.028612932,0.0,0.1,279
338367869,0.0125,0.03535534,0.0,0.1,8
338367878,0.0035175881,0.043084234,0.0,0.6,199
338367993,1.1333333,1.962991,0.0,3.4,3
338368026,0.46666667,0.30550504,0.2,0.8,3
338368108,0.011968086,0.032502048,0.0,0.1,376
338368401,0.0018691589,0.013559192,0.0,0.1,428
338368555,0.20661479,0.20135047,0.0,1.0,257
338368627,0.003448276,0.018272834,0.0,0.1,348
338368763,0.0016528927,0.014773452,0.0,0.2,363
338368764,0.0072649573,0.04025933,0.0,0.3,234
338369004,0.0,0.0,0.0,0.0,15
338369005,0.0011363636,0.010629535,0.0,0.1,176
338369159,0.00934066,0.029140193,0.0,0.1,364
338369216,0.0057971017,0.023397138,0.0,0.1,414
338369278,0.0,0.0,0.0,0.0,54
338369364,0.009405941,0.02922733,0.0,0.1,404
338369598,0.000530504,0.0072738784,0.0,0.1,377
338369616,0.004733728,0.021267412,0.0,0.1,338
338369775,0.01039604,0.040966507,0.0,0.4,404
338369814,0.009803922,0.030032663,0.0,0.1,51
338369901,0.002,0.014028084,0.0,0.1,250
338370391,0.02529762,0.04421691,0.0,0.2,336
338370731,0.70000005,0.781025,0.2,1.6,3
338370861,0.011314984,0.0326787,0.0,0.2,327
338370947,0.4327456,1.1396375,0.0,5.9,397
338371103,0.6254864,1.4638171,0.0,7.8,514
338371157,4.6530786,4.589788,0.0,17.7,471
338371266,0.0,0.0,0.0,0.0,69
338371319,0.026342712,0.045253422,0.0,0.2,391
338371927,0.26101264,0.26998588,0.0,2.2,395
338372404,0.0011494253,0.01067468,0.0,0.1,348
338372419,0.0,0.0,0.0,0.0,26
338372521,0.0038834952,0.01936721,0.0,0.1,206
338372665,0.026,0.24341807,0.0,2.9,150
338372906,0.016363638,0.050050482,0.0,0.3,55
338372946,0.0026415093,0.01606697,0.0,0.1,265
338373465,0.0,0.0,0.0,0.0,339
338373674,0.042906575,0.06032201,0.0,0.3,289
338374192,9.510714,10.573453,0.0,34.1,112
338374679,0.001948052,0.013865739,0.0,0.1,154
338374911,0.004048583,0.019749593,0.0,0.1,247
338375065,13.267188,15.466211,0.0,36.6,192
338375114,0.0,0.0,0.0,0.0,171
338375118,0.0,0.0,0.0,0.0,410
338375173,0.0011331445,0.010599467,0.0,0.1,353
338375408,0.006642067,0.02494767,0.0,0.1,271
338375599,0.52583337,0.5265374,0.0,4.8,360
338375632,0.0,0.0,0.0,0.0,143
338376092,0.0069164266,0.025409967,0.0,0.1,347
338376245,0.022942644,0.054975625,0.0,0.3,401
338376418,6.5651903,2.1899576,0.0,9.9,158
338376494,0.0,0.0,0.0,0.0,216
338376653,5.758286,2.391923,0.0,10.4,175
338376772,0.21067193,0.27917954,0.0,1.8,253
338376791,18.738235,9.524673,0.0,32.7,68
338376839,0.047931038,0.095644936,0.0,0.8,290
338376911,0.0,0.0,0.0,0.0,417
338377052,0.004371585,0.020474205,0.0,0.1,366
338377127,0.65901643,0.38269964,0.1,2.0,61
338377602,0.26190478,0.34414336,0.0,3.3,189
338377616,0.0015384615,0.012403473,0.0,0.1,65
338377637,0.0005730659,0.0075592273,0.0,0.1,349
338377737,0.0,0.0,0.0,0.0,9
338377753,0.06666667,0.1,0.0,0.5,27
338377767,0.037119117,0.0596891,0.0,0.4,361
338377893,0.0,0.0,0.0,0.0,12
338377962,0.0026666666,0.017712299,0.0,0.2,375
338378549,0.0025125628,0.015670365,0.0,0.1,398
338378655,0.19734514,0.20286351,0.0,1.2,113
338378897,0.0034300794,0.022155112,0.0,0.2,379
338379012,0.0028708135,0.016738588,0.0,0.1,209
338379197,0.012753624,0.041898414,0.0,0.3,345
338379665,0.04496403,0.05597671,0.0,0.2,278
338379767,0.016107384,0.045788437,0.0,0.3,298
338379949,0.05,0.05773503,0.0,0.1,4
338379982,1.783721,2.9901345,0.0,11.7,129
338380021,0.0,0.0,0.0,0.0,302
338380024,0.0,0.0,0.0,0.0,16
338380123,0.030303031,0.0461907,0.0,0.1,99
338380251,0.024074076,0.04315477,0.0,0.1,54
338380562,0.0,0.0,0.0,0.0,8
338380563,0.033085503,0.074701875,0.0,0.5,269
338380602,0.008633094,0.02813586,0.0,0.1,278
338380634,0.30314136,0.3147979,0.0,2.2,382
338380893,0.0,,0.0,0.0,1
338380897,0.005932204,0.02594079,0.0,0.2,354
338380926,0.011111111,0.032338083,0.0,0.1,18
338381000,0.0,0.0,0.0,0.0,423
338381016,0.0,0.0,0.0,0.0,297
338381143,0.025,0.05,0.0,0.1,4
338381273,0.114070356,0.2617019,0.0,3.0,199
338381441,0.005426357,0.028729787,0.0,0.3,387
338381525,0.0,0.0,0.0,0.0,2
338382123,0.01594203,0.05343761,0.0,0.5,345
338382137,0.011363637,0.03210382,0.0,0.1,44
338382138,0.0,0.0,0.0,0.0,254
338382691,0.004390244,0.02053796,0.0,0.1,205
338382736,0.0,0.0,0.0,0.0,21
338382923,0.33333334,0.30550507,0.0,0.6,3
338382925,0.0,0.0,0.0,0.0,11
338383002,0.18155737,0.23171403,0.0,2.1,244
338383062,0.0011764707,0.010846523,0.0,0.1,85
338383098,0.011636364,0.03432156,0.0,0.2,275
338383171,0.036363635,0.06741999,0.0,0.2,11
338383193,0.010891089,0.031308115,0.0,0.1,101
338383211,0.0,0.0,0.0,0.0,19
338383217,0.0,0.0,0.0,0.0,410
338383258,0.81666666,0.9217737,0.0,2.5,6
338383294,0.02310606,0.04485096,0.0,0.2,264
338383494,0.13975,0.20284922,0.0,1.4,400
338383583,0.018554218,0.043603744,0.0,0.3,415
338383829,0.0038461538,0.019611614,0.0,0.1,26
338383839,0.015384615,0.03755338,0.0,0.1,13
338384053,0.0,0.0,0.0,0.0,259
338384085,0.0,0.0,0.0,0.0,4
338384092,4.8078265,2.418457,0.7,8.7,230
338384136,0.01875,0.043326408,0.0,0.2,288
338384148,0.01125,0.03169727,0.0,0.1,160
338384172,0.0,0.0,0.0,0.0,342
338384173,0.023057643,0.06072985,0.0,0.5,399
338384214,0.57260984,2.9345229,0.0,43.0,387
338384222,0.0,0.0,0.0,0.0,21
338384269,0.05,0.0823972,0.0,0.6,300
338384323,1.3343009,1.3607053,0.0,5.7,379
338384413,0.59540987,0.4555707,0.0,3.2,305
338384468,0.0,0.0,0.0,0.0,10
338384516,0.023478262,0.043494586,0.0,0.2,230
338384565,0.00054054055,0.0073421774,0.0,0.1,370
338384648,0.019287834,0.040993217,0.0,0.2,337
338384656,0.003940887,0.021896165,0.0,0.2,203
338384678,0.0,0.0,0.0,0.0,429
338384784,0.0,0.0,0.0,0.0,380
338384925,0.020285714,0.06256164,0.0,0.5,350
338384947,0.011808118,0.03233013,0.0,0.1,271
338385417,3.4914286,1.5867913,0.0,5.9,105
338385419,0.0,0.0,0.0,0.0,45
338385605,7.0454545,15.131793,0.0,48.7,22
338385626,0.00048780488,0.0069843032,0.0,0.1,205
338385639,0.001025641,0.010088267,0.0,0.1,390
338385704,0.0,0.0,0.0,0.0,112
338385773,0.0033492823,0.018013518,0.0,0.1,418
338386000,0.00049627793,0.007035932,0.0,0.1,403
338386072,0.031379312,0.050753776,0.0,0.3,290
338386214,0.019947506,0.044378724,0.0,0.3,381
338386351,7.5480914,7.1953654,0.0,39.8,131
338386358,0.015194347,0.03788113,0.0,0.2,283
338386413,0.013970589,0.034710728,0.0,0.1,408
338386419,0.025970872,0.04606437,0.0,0.2,412
338386495,0.0,0.0,0.0,0.0,337
338386572,0.0025974025,0.015957672,0.0,0.1,154
338386882,0.0003076923,0.005547002,0.0,0.1,325
338387252,0.0037001898,0.018885603,0.0,0.1,1054
338387341,0.056275304,0.06141202,0.0,0.3,247
338387749,0.011009174,0.059844628,0.0,0.5,109
338387862,0.008074535,0.027286768,0.0,0.1,322
338387943,0.0,,0.0,0.0,1
338387949,0.009352518,0.048652735,0.0,0.6,278
338387976,0.0321519,0.08728376,0.0,0.6,395
338388083,0.03888889,0.051263683,0.0,0.2,90
338388183,7.5542855,7.6242394,0.0,32.2,35
338388191,0.0,0.0,0.0,0.0,7
338388274,0.006358382,0.024436345,0.0,0.1,346
338388642,0.010526316,0.031101175,0.0,0.1,38
338388721,0.014935065,0.04081015,0.0,0.3,308
338388791,0.50581396,0.5717578,0.0,3.2,86
338388816,0.0073891627,0.02619172,0.0,0.1,406
338388957,0.015829146,0.0392074,0.0,0.3,398
338389265,0.0,0.0,0.0,0.0,9
338389484,0.33154362,1.2567164,0.0,6.4,149
338389636,0.0072507556,0.043435715,0.0,0.5,331
338389786,0.025886526,0.043879014,0.0,0.1,282
338389887,0.29284066,0.2625895,0.0,1.7,433
338389913,0.00033783785,0.005812382,0.0,0.1,296
338389959,0.003937008,0.019472957,0.0,0.1,381
338390028,0.0,0.0,0.0,0.0,6
338390238,0.0124223605,0.039933953,0.0,0.2,161
338390248,0.0064393943,0.024591958,0.0,0.1,264
338390338,0.091078065,0.12694146,0.0,1.1,269
338390553,10.8,,10.8,10.8,1
338390554,0.012142858,0.032779746,0.0,0.1,140
338390586,0.0,0.0,0.0,0.0,7
338390718,0.033884298,0.05993569,0.0,0.4,121
338390818,0.0,0.0,0.0,0.0,2
338390857,0.07960894,0.13883413,0.0,0.8,358
338390977,0.010985916,0.03131555,0.0,0.1,355
338391033,0.007612457,0.027842103,0.0,0.2,289
338391217,0.07769517,0.11535428,0.0,0.6,269
338391301,0.0014367816,0.011917296,0.0,0.1,348
338391453,0.010625,0.03730225,0.0,0.3,320
338391513,0.0,0.0,0.0,0.0,301
338391523,0.007828283,0.040432233,0.0,0.6,396
338391547,0.7,0.0,0.7,0.7,4
338391597,0.029336736,0.047241762,0.0,0.2,392
338391604,0.0021739132,0.014622842,0.0,0.1,184
338391606,0.0,0.0,0.0,0.0,23
338391656,9.911404,5.6043878,0.0,19.6,114
338391703,0.0005050505,0.0071066907,0.0,0.1,198
338391776,0.30857143,0.22540346,0.0,0.9,35
338391781,0.0012919897,0.0113075245,0.0,0.1,387
338391872,0.010057472,0.030119782,0.0,0.1,348
338391935,0.0005102041,0.007133717,0.0,0.1,392
338391943,1.9631147,6.096011,0.0,54.5,244
338391954,0.0,0.0,0.0,0.0,613
338391989,0.0038461538,0.019611614,0.0,0.1,26
338392035,0.0,0.0,0.0,0.0,4
338392038,0.030303031,0.30091387,0.0,3.5,198
338392072,0.0010989011,0.010444238,0.0,0.1,273
338392199,0.008717949,0.029141927,0.0,0.2,390
338392342,0.00066666666,0.008164966,0.0,0.1,150
338392351,0.025657896,0.04381888,0.0,0.1,152
338392479,0.0371831,0.057959247,0.0,0.2,355
338392535,0.013832853,0.034574304,0.0,0.1,347
338392542,0.05924933,0.060031127,0.0,0.3,373
338392562,0.030310262,0.07864066,0.0,0.8,419
338392591,0.0003558719,0.0059655,0.0,0.1,281
338392681,0.0,0.0,0.0,0.0,384
338392684,0.17209303,0.15430363,0.0,1.1,258
338392718,0.0699187,0.12083719,0.0,1.3,246
338392816,0.06760564,0.05528687,0.0,0.2,142
338392821,0.0,0.0,0.0,0.0,8
338392862,0.0,0.0,0.0,0.0,340
338392952,0.009401709,0.030188663,0.0,0.2,351
338393021,0.022173913,0.041632257,0.0,0.1,230
338393029,0.0030386741,0.027178362,0.0,0.4,362
338393034,0.0131782945,0.03609109,0.0,0.2,387
338393087,0.005172414,0.022243036,0.0,0.1,116
338393141,0.024832215,0.04636232,0.0,0.2,149
338393169,0.33333334,0.4220133,0.0,1.2,15
338393239,0.0,0.0,0.0,0.0,320
338393284,0.0005865103,0.0076471255,0.0,0.1,341
338393343,0.00040160643,0.0063372427,0.0,0.1,249
338393413,0.06424581,0.097623676,0.0,0.9,358
338393441,0.30333334,0.24249421,0.0,1.3,330
338393461,0.036725666,0.07318704,0.0,0.5,226
338393467,0.06894866,0.10841605,0.0,0.8,409
338393517,0.006169666,0.028950403,0.0,0.3,389
338393576,0.11512606,0.14493625,0.0,1.2,357
338393673,0.00044052865,0.0066372333,0.0,0.1,227
338393711,3.1631577,2.774329,0.0,6.6,19
338393716,0.0,0.0,0.0,0.0,202
338393719,0.0040650405,0.021753252,0.0,0.2,246
338393734,0.015441177,0.052885167,0.0,0.3,136
338393761,0.12608697,0.09637706,0.0,0.3,23
338393766,0.0,0.0,0.0,0.0,333
338393782,0.45000002,0.21213204,0.3,0.6,2
338393843,0.014285714,0.035055365,0.0,0.1,280
338393846,0.0,0.0,0.0,0.0,3
338393998,0.0013736264,0.011655428,0.0,0.1,364
338394095,0.010236221,0.030432453,0.0,0.1,127
338394264,0.0026442308,0.016063979,0.0,0.1,416
338394282,0.0125,0.03535534,0.0,0.1,8
338394312,0.0787234,0.28324747,0.0,3.4,235
338394385,0.014784946,0.035542876,0.0,0.1,372
338394396,0.0031088083,0.017400717,0.0,0.1,193
338394408,0.013059702,0.041700333,0.0,0.4,268
338394436,0.0048223347,0.021451026,0.0,0.1,394
338394477,0.0021680216,0.016340932,0.0,0.2,369
338394494,0.013265306,0.03686824,0.0,0.2,294
338394511,0.0015625,0.012421383,0.0,0.1,320
338394625,0.0034090912,0.018250262,0.0,0.1,88
338394686,0.014285714,0.036313653,0.0,0.1,14
338394689,0.010945274,0.0328573,0.0,0.2,201
338394703,1.081864,1.9375669,0.0,7.1,397
338394705,1.9,,1.9,1.9,1
338394722,5.4840913,3.5337594,0.0,9.6,132
338394774,0.025,0.062158156,0.0,0.2,12
338394797,5.2577777,1.2684919,0.1,8.1,315
338394819,0.21560693,0.27712667,0.0,2.4,346
338394854,0.12560001,0.153865,0.0,1.3,375
338394942,0.19689737,0.23824501,0.0,1.6,419
338395001,0.5788703,0.55175835,0.0,4.9,478
338395034,,,,,0
338395119,0.017054264,0.037683986,0.0,0.1,258
338395155,0.0017921147,0.013290331,0.0,0.1,279
338395156,0.23029491,0.19652675,0.0,1.3,373
338395165,0.0,0.0,0.0,0.0,283
338395242,0.004057971,0.019760106,0.0,0.1,345
338395317,0.0037406483,0.034799032,0.0,0.6,401
338395345,0.00091743126,0.009548836,0.0,0.1,327
338395415,0.0,0.0,0.0,0.0,43
338395565,0.0,0.0,0.0,0.0,379
338395731,0.008031089,0.028150968,0.0,0.2,386
338395783,0.0015075378,0.012200619,0.0,0.1,398
338395837,0.01101695,0.031376638,0.0,0.1,236
338395913,0.81856185,1.2245287,0.0,22.9,598
338395953,0.041772153,0.09847517,0.0,1.4,395
338396171,0.0033240998,0.017951407,0.0,0.1,361
338396203,0.0,,0.0,0.0,1
338396226,0.017268041,0.04643086,0.0,0.3,388
338396317,0.012727274,0.035206076,0.0,0.2,165
338396331,0.31904763,0.45968935,0.0,4.4,126
338396377,0.002762431,0.018021038,0.0,0.2,362
338396451,2.3,2.2627418,0.7,3.9,2
338396477,0.010306407,0.03308472,0.0,0.2,359
338396669,0.0027027028,0.0164399,0.0,0.1,37
338396711,0.0,0.0,0.0,0.0,412
338396738,0.038955823,0.06260889,0.0,0.4,249
338396755,0.0002688172,0.0051847585,0.0,0.1,372
338397075,0.0,0.0,0.0,0.0,267
338397163,0.015384616,0.04855556,0.0,0.3,78
338397197,0.0045045046,0.020771509,0.0,0.1,333
338397313,0.8771739,2.4943497,0.0,9.4,92
338397451,0.023291925,0.043064486,0.0,0.2,322
338397489,0.023333333,0.050400693,0.0,0.2,30
338397533,0.0,0.0,0.0,0.0,378
338397553,0.0015873016,0.012514991,0.0,0.1,378
338397678,0.12903225,0.08638498,0.0,0.5,31
338397709,0.0353211,0.04979347,0.0,0.2,218
338397741,1.2645714,1.8346089,0.0,5.8,350
338397773,5.951082,2.877104,0.0,10.6,231
338397813,0.0,0.0,0.0,0.0,15
338397929,0.030817611,0.08030771,0.0,0.5,159
338397967,0.0,0.0,0.0,0.0,82
338398038,0.007121662,0.025756877,0.0,0.1,337
338398048,0.0,0.0,0.0,0.0,307
338398077,0.0013513514,0.011585156,0.0,0.1,148
338398123,0.14285715,0.1511858,0.0,0.4,7
338398275,0.005263158,0.022357723,0.0,0.1,399
338398296,0.0,0.0,0.0,0.0,276
338398432,4.49,1.8988008,0.1,6.8,10
338398456,0.0,,0.0,0.0,1
338398575,0.0012195122,0.010992379,0.0,0.1,328
338398646,2.1956522,2.4124637,0.7,7.9,46
338398692,0.051612906,0.12820916,0.0,1.1,93
338398715,0.3705882,0.3399763,0.0,2.2,204
338398754,0.0,0.0,0.0,0.0,319
338398772,0.02652439,0.04881588,0.0,0.3,328
338398777,0.0034482758,0.018569535,0.0,0.1,29
338398803,0.10196079,0.19441214,0.0,1.1,51
338398811,0.0,0.0,0.0,0.0,232
338398813,0.0,0.0,0.0,0.0,173
338398884,0.008208955,0.03470253,0.0,0.3,402
338398895,0.044230767,0.14060578,0.0,0.9,52
338398921,0.079514824,0.060276676,0.0,0.3,371
338399052,0.0,0.0,0.0,0.0,6
338399072,0.00041841005,0.0064684623,0.0,0.1,239
338399202,0.87260866,0.65515363,0.0,4.1,460
338399355,0.027672956,0.05136859,0.0,0.3,318
338399475,0.1013158,0.1663742,0.0,0.9,152
338399516,0.039714288,0.071775906,0.0,0.5,350
338399517,1.0666667,0.75055534,0.2,1.5,3
338399642,0.006666667,0.026956437,0.0,0.2,390
338399728,0.013804713,0.036456224,0.0,0.2,297
338399738,0.0,0.0,0.0,0.0,372
338399761,0.0008571429,0.009231635,0.0,0.1,350
338400031,0.0,0.0,0.0,0.0,357
338400039,0.0022222223,0.0202252,0.0,0.3,315
338400079,0.016,0.037416574,0.0,0.1,25
338400091,0.020595534,0.060245294,0.0,0.4,403
338400105,0.006666667,0.024982264,0.0,0.1,330
338400128,0.0011594204,0.010720584,0.0,0.1,345
338400219,0.00052910054,0.007264276,0.0,0.1,378
338400236,0.09067796,0.07771994,0.0,0.4,236
338400249,0.010355029,0.03330274,0.0,0.3,338
338400277,0.010741688,0.037719782,0.0,0.3,391
338400293,0.005479452,0.036857124,0.0,0.3,73
338400404,0.0,0.0,0.0,0.0,16
338400725,0.028244276,0.05478363,0.0,0.3,393
338400762,0.0,0.0,0.0,0.0,286
338400775,0.008695653,0.028383562,0.0,0.1,69
338400788,14.6,20.647518,0.0,29.2,2
338400879,0.020091325,0.041286547,0.0,0.2,219
338400892,0.0,0.0,0.0,0.0,23
338401208,6.0171976,2.6251295,0.0,9.1,157
338401242,0.08863637,0.16025548,0.0,1.0,44
338401259,0.0022346368,0.01480142,0.0,0.1,358
338401344,0.19404761,0.2585181,0.0,1.3,84
338401351,0.27021793,1.4477332,0.0,8.9,413
338401442,0.009090909,0.029424494,0.0,0.1,22
338401492,0.027551021,0.100922205,0.0,1.1,392
338401543,0.021428572,0.042581532,0.0,0.1,14
338401615,0.013965087,0.03813776,0.0,0.3,401
338401624,0.039583333,0.049581584,0.0,0.2,336
338401656,0.041811846,0.07140591,0.0,0.6,287
338401688,0.013353116,0.041900925,0.0,0.3,337
338401888,0.00023310023,0.0048280456,0.0,0.1,429
338401911,0.0375,0.051754918,0.0,0.1,8
338401921,0.116115704,0.69821095,0.0,5.4,242
338402065,0.0075376886,0.036145993,0.0,0.4,199
338402073,0.7,0.0,0.7,0.7,337
338402152,5.522449,0.4112753,4.4,6.8,490
338402161,0.12105263,0.3137213,0.0,1.4,19
338402419,0.00259366,0.015917571,0.0,0.1,347
338402657,6.503175,1.7059637,0.7,7.9,63
338402699,0.0,0.0,0.0,0.0,17
338402895,1.0530435,0.7779974,0.0,5.2,805
338402907,0.0013333333,0.0114850905,0.0,0.1,375
338402992,0.022137403,0.049420226,0.0,0.3,393
338403008,0.0013245033,0.011470281,0.0,0.1,151
338403054,0.0005865103,0.0076471255,0.0,0.1,341
338403075,0.013907285,0.03836619,0.0,0.2,151
338403129,0.012264151,0.032854225,0.0,0.1,318
338403538,0.006306307,0.028872214,0.0,0.3,333
338403577,16.181818,18.989304,0.0,40.0,11
338403681,0.030964466,0.046352506,0.0,0.1,197
338403696,1.003268,3.5066183,0.0,24.6,153
338403713,0.3,,0.3,0.3,1
338403786,0.13333334,0.11751393,0.0,0.4,15
338403988,0.00027173915,0.0052128606,0.0,0.1,368
338404007,0.35916665,0.4080072,0.0,2.4,120
338404042,5.0836177,7.462803,0.0,27.6,293
338404076,0.008357349,0.028738592,0.0,0.2,347
338404083,0.722973,0.5794558,0.0,5.2,444
338404181,0.004497355,0.020752074,0.0,0.1,378
338404249,0.0678344,0.09227559,0.0,0.7,314
338404311,0.0015873016,0.012523298,0.0,0.1,252
338404342,0.0034285716,0.01822226,0.0,0.1,350
338404448,8.4800005,0.27748868,8.2,8.9,5
338404529,0.0,0.0,0.0,0.0,3
338404572,0.008264462,0.029508244,0.0,0.2,363
338404577,0.010344828,0.03072033,0.0,0.1,58
338404684,0.0027093596,0.019052863,0.0,0.2,406
338404703,0.012857144,0.033714183,0.0,0.1,70
338404879,6.0553193,8.792356,0.0,30.8,94
338404987,0.6999999,0.0,0.7,0.7,13
338405303,0.0,0.0,0.0,0.0,355
338405411,0.0,0.0,0.0,0.0,337
338405708,0.0,0.0,0.0,0.0,10
338405777,0.0012690355,0.011207672,0.0,0.1,394
338405789,0.011363637,0.03210382,0.0,0.1,44
338405857,0.0,0.0,0.0,0.0,429
338405881,0.0016759777,0.016675558,0.0,0.2,179
338406089,0.004,0.02158387,0.0,0.2,250
338406192,0.001509434,0.0122158965,0.0,0.1,265
338406205,1.0469388,1.5173365,0.0,5.0,98
338406269,0.013636365,0.04251849,0.0,0.4,352
338406322,0.35741937,1.5247663,0.0,26.5,310
338406425,0.004774536,0.021351032,0.0,0.1,377
338406534,0.0017191977,0.013017284,0.0,0.1,349
338406666,0.0,0.0,0.0,0.0,359
338406747,0.47759816,0.45412895,0.0,3.3,433
338407024,12.969697,10.88967,0.0,33.6,66
338407131,0.029896906,0.10322218,0.0,1.2,291
338407256,0.0038147138,0.020556428,0.0,0.2,367
338407282,0.06411765,0.093162015,0.0,0.5,340
338407295,0.0007246377,0.008491929,0.0,0.1,414
338407302,0.008515815,0.028805261,0.0,0.2,411
338407348,0.06240209,0.07824298,0.0,0.6,383
338407374,0.0,0.0,0.0,0.0,8
338407436,0.0024096386,0.015381245,0.0,0.1,166
338407581,0.0012048193,0.010923271,0.0,0.1,415
338407582,1.8681499,3.123644,0.0,30.4,427
338407903,0.041747574,0.05558007,0.0,0.3,309
338407929,0.0,0.0,0.0,0.0,283
338407976,0.0,0.0,0.0,0.0,266
338408000,22.583525,1.3378849,19.5,24.8,868
338408343,0.016666668,0.038021356,0.0,0.2,378
338408525,0.0,0.0,0.0,0.0,381
338408564,0.2518072,0.41123298,0.0,2.2,83
338409161,8.60553,3.9883008,0.0,19.3,217
338409205,0.0,0.0,0.0,0.0,396
338409314,7.6600003,7.6481843,0.0,27.7,45
338409316,0.033834588,0.04973472,0.0,0.2,266
338409615,0.30937502,0.14223872,0.1,0.6,32
338409987,0.0,0.0,0.0,0.0,235
338410117,0.13333334,0.15275253,0.0,0.3,3
338410294,0.01907357,0.04137279,0.0,0.2,367
338410457,7.245946,7.9313836,0.0,38.8,185
338410461,0.0,0.0,0.0,0.0,269
338410548,0.026074499,0.044615924,0.0,0.2,349
338410617,0.016666668,0.040157348,0.0,0.2,186
338410671,0.010683761,0.030956885,0.0,0.1,234
338410785,0.026250001,0.046827234,0.0,0.2,320
338410796,0.0055214725,0.024182724,0.0,0.2,326
338410861,0.618956,2.7313702,0.0,24.5,364
338410991,0.0043478264,0.020851443,0.0,0.1,23
338411000,0.0022670026,0.0149037065,0.0,0.1,397
338411008,0.0,,0.0,0.0,1
338411049,0.005370844,0.02257303,0.0,0.1,391
338411069,0.008310992,0.027641907,0.0,0.1,373
338411095,2.427206,4.515282,0.0,13.4,136
338411476,0.002195122,0.023611795,0.0,0.4,410
338411512,0.09377991,0.09550858,0.0,0.6,418
338411524,2.8339999,4.082297,0.0,16.2,50
338411586,2.1666667,2.6652079,0.2,5.2,3
338411608,0.88241756,1.5956693,0.0,6.4,273
338411693,0.078411914,0.15710522,0.0,1.9,403
338411695,0.22126582,0.5574174,0.0,4.2,395
338411813,0.10234899,0.1608935,0.0,1.2,298
338411913,6.4522934,1.8018816,0.0,8.4,109
338411966,0.026562499,0.0465867,0.0,0.2,192
338412448,0.0,,0.0,0.0,1
338412532,0.0018518518,0.013499553,0.0,0.1,378
338412688,0.0,,0.0,0.0,1
338412728,0.05021097,0.07048529,0.0,0.5,237
338412822,2.0762274,2.521689,0.0,7.5,387
338413012,7.490547,0.43250456,6.5,8.6,201
338413043,0.029721363,0.07339747,0.0,0.7,323
338415000,0.089644015,0.058854345,0.0,0.3,309
338415082,17.937693,10.60056,0.0,28.5,390
338415201,2.0508275,3.7642863,0.0,10.8,423
338415351,0.0017142858,0.012998945,0.0,0.1,350
338415555,0.07647058,0.5994115,0.0,5.3,136
338415783,0.0625,0.051754918,0.0,0.1,8
338415796,11.786179,7.52195,0.1,21.1,123
338415876,0.12166667,0.69771826,0.0,5.3,60
338415968,0.0,0.0,0.0,0.0,2
338416048,0.0014814816,0.013993556,0.0,0.2,405
338416237,0.119205296,0.080871694,0.0,0.5,302
338416267,0.38471615,0.47032976,0.0,3.6,458
338416382,0.018079096,0.047800895,0.0,0.4,177
338416389,0.0023738872,0.01708704,0.0,0.2,337
338416401,0.00025252526,0.0050251894,0.0,0.1,396
338416402,0.0,0.0,0.0,0.0,65
338416816,0.002631579,0.016222142,0.0,0.1,38
338417000,3.6125681,3.9399066,0.0,11.3,183
338417017,0.017582418,0.043699495,0.0,0.2,91
338417063,0.00971223,0.082465984,0.0,1.3,278
338417155,0.15,0.07071068,0.1,0.2,2
338417281,0.0009661836,0.009793699,0.0,0.1,414
338417314,9.733334,10.436803,0.0,36.1,36
338417532,0.05,0.07071068,0.0,0.1,2
338417665,0.01722689,0.058798436,0.0,0.7,238
338417801,0.03333333,0.058206342,0.0,0.3,123
338417818,0.0,0.0,0.0,0.0,39
338417937,0.0,0.0,0.0,0.0,215
338418221,0.0,0.0,0.0,0.0,359
338418811,0.0,0.0,0.0,0.0,5
338419101,0.02961165,0.0666029,0.0,0.6,206
338419146,0.04639175,0.06464946,0.0,0.2,97
338419264,0.010588236,0.030859597,0.0,0.1,170
338419273,0.015606937,0.0498755,0.0,0.5,173
338419411,0.067999996,0.16453046,0.0,1.0,75
338419429,0.09411765,0.20142098,0.0,0.9,34
338419926,0.05882353,0.07952062,0.0,0.2,17
338420323,0.0,0.0,0.0,0.0,45
338420461,0.0,0.0,0.0,0.0,24
338420597,0.0088495575,0.028443411,0.0,0.1,339
338420853,0.0,0.0,0.0,0.0,387
338421031,0.0,0.0,0.0,0.0,304
338421038,0.03140496,0.051011413,0.0,0.2,363
338421088,12.034146,4.1814766,0.0,15.6,82
338421111,0.0013513514,0.011561586,0.0,0.1,370
338421135,0.15163043,0.86447656,0.0,5.8,184
338421151,0.052848104,0.059293102,0.0,0.3,316
338421617,0.03409091,0.07453166,0.0,0.4,44
338421628,0.0,0.0,0.0,0.0,329
338421636,0.036842108,0.05552213,0.0,0.2,57
338421642,0.25723273,0.79312384,0.0,5.5,159
338421797,0.002051282,0.014211127,0.0,0.1,195
338421916,0.30458716,0.30104303,0.0,1.5,109
338421941,0.0002770083,0.005263158,0.0,0.1,361
338422116,6.951356,8.203647,0.0,26.5,664
338422132,0.010828026,0.031123003,0.0,0.1,314
338422141,0.001242236,0.01109336,0.0,0.1,322
338422171,0.005263158,0.022368966,0.0,0.1,285
338422224,0.001421801,0.015364378,0.0,0.2,211
338422993,0.008095238,0.02816912,0.0,0.2,420
338423264,2.033647,3.027698,0.0,8.7,425
338423323,0.0,0.0,0.0,0.0,315
338423643,4.7777777,9.714882,0.0,29.4,36
338423688,0.00028735632,0.005360563,0.0,0.1,348
338424008,0.67683214,1.009332,0.0,5.7,423
338424025,0.02919708,0.0556817,0.0,0.4,274
338424122,0.0003194888,0.005652334,0.0,0.1,313
338424134,1.0936508,2.554855,0.0,9.1,315
338424194,0.0,0.0,0.0,0.0,382
338424196,0.0,0.0,0.0,0.0,366
338424235,0.025,0.04472136,0.0,0.1,16
338424258,0.0,0.0,0.0,0.0,332
338424308,0.20588236,0.2192903,0.0,0.8,17
338424354,0.16666667,0.23868325,0.0,0.9,12
338424584,0.009041096,0.03056988,0.0,0.2,365
338424624,1.0958824,3.1872509,0.0,48.7,340
338424703,5.5128207,1.4993296,0.4,7.6,39
338424712,0.00323741,0.019661974,0.0,0.2,278
338424728,7.8398476,1.5979029,0.0,10.0,394
338424862,0.019421488,0.04168241,0.0,0.2,242
338424884,0.0125,0.033493206,0.0,0.1,40
338424903,0.0,0.0,0.0,0.0,72
338424979,0.075,0.09574271,0.0,0.2,4
338425012,0.00035714285,0.0059761433,0.0,0.1,280
338425088,0.102564104,0.10180784,0.0,0.6,351
338425161,0.009863946,0.03207258,0.0,0.2,294
338425343,0.010250569,0.030365823,0.0,0.1,439
338425359,0.005263158,0.024847118,0.0,0.2,342
338425405,0.27702704,0.8715515,0.0,3.8,74
338425537,0.0018867925,0.019425718,0.0,0.2,106
338425564,0.14378698,0.18753399,0.0,1.6,338
338425576,0.02346041,0.062126927,0.0,0.4,341
338425803,0.02727273,0.046709936,0.0,0.1,11
338425851,0.0,0.0,0.0,0.0,365
338426024,0.0046116505,0.02099924,0.0,0.1,412
338426046,0.0,0.0,0.0,0.0,344
338426297,10.087647,7.9762974,0.0,20.2,340
338426305,0.0063897762,0.024496235,0.0,0.1,313
338426331,0.02255639,0.07530495,0.0,1.0,399
338426406,0.00094339624,0.00968217,0.0,0.1,318
338426476,0.02032787,0.047085002,0.0,0.3,305
338426776,0.035384614,0.11463244,0.0,1.8,390
338426778,0.0123333335,0.032936886,0.0,0.1,300
338426907,0.0,0.0,0.0,0.0,370
338426928,0.0,0.0,0.0,0.0,350
338426965,0.0072164945,0.026010506,0.0,0.1,97
338427125,0.0023952096,0.015312935,0.0,0.1,334
338427231,0.001497006,0.012161513,0.0,0.1,334
338427291,0.0085,0.03209869,0.0,0.2,400
338427385,0.0,0.0,0.0,0.0,16
338427408,0.024034334,0.042821188,0.0,0.1,233
338427463,0.4164706,1.2475114,0.0,7.4,425
338427561,0.007356948,0.02614254,0.0,0.1,367
338427581,0.20680852,0.21769093,0.0,1.8,235
338427677,5.3375,1.2809007,0.5,6.6,24
338427733,0.0033536586,0.019653806,0.0,0.2,328
338427777,0.0,0.0,0.0,0.0,352
338427783,0.0,0.0,0.0,0.0,5
338427785,0.05810811,0.06166636,0.0,0.3,222
338428031,0.00023640662,0.0048621665,0.0,0.1,423
338428065,0.022284122,0.041673344,0.0,0.1,359
338428075,0.075,0.05,0.0,0.1,4
338428168,0.000862069,0.009257971,0.0,0.1,348
338428281,0.0,0.0,0.0,0.0,377
338428326,4.1822224,2.4172945,0.0,9.3,45
338428357,4.8704305,1.6001476,0.0,7.0,186
338428362,0.33082438,0.51966685,0.0,4.6,279
338428385,0.0006329114,0.007942935,0.0,0.1,316
338428459,0.00053908356,0.0073323026,0.0,0.1,371
338428465,0.0036827193,0.020310968,0.0,0.2,353
338428492,0.035042733,0.047915585,0.0,0.1,117
338428523,3.3625002,4.2045884,0.1,17.4,48
338428528,0.24275863,0.6665359,0.0,3.9,145
338428534,0.015968585,0.038083747,0.0,0.2,382
338428536,0.0,0.0,0.0,0.0,400
338428545,0.014849188,0.040490173,0.0,0.3,431
338428654,0.0,0.0,0.0,0.0,243
338428711,0.0,0.0,0.0,0.0,11
338428734,0.0286445,0.23424281,0.0,4.1,391
338428758,7.6030927,10.027571,0.0,32.9,97
338428802,0.058490567,0.1128572,0.0,0.6,106
338428903,0.0010714286,0.010313816,0.0,0.1,280
338428995,0.015015976,0.035779998,0.0,0.1,313
338429021,0.0,0.0,0.0,0.0,312
338429032,0.0051150895,0.024272483,0.0,0.2,391
338429034,11.077778,2.6237726,2.7,12.6,18
338429071,0.01775701,0.041820284,0.0,0.2,214
338429084,0.0,0.0,0.0,0.0,385
338429095,0.0,0.0,0.0,0.0,118
338429153,0.0005970149,0.0077150986,0.0,0.1,335
338429255,0.0,0.0,0.0,0.0,10
338429328,,,,,0
338429351,0.6999999,0.0,0.7,0.7,52
338429353,0.1915493,0.3240902,0.0,2.7,142
338429455,0.0069408743,0.030088343,0.0,0.3,389
338429468,0.0,0.0,0.0,0.0,2
338429485,0.0,0.0,0.0,0.0,8
338429729,0.06182266,0.07500208,0.0,0.4,406
338429735,0.7,0.0,0.7,0.7,84
338429753,0.0068965517,0.02556086,0.0,0.1,58
338429759,0.5333333,1.2182949,0.0,3.6,12
338429941,0.0,,0.0,0.0,1
338430022,0.046446703,0.10700676,0.0,1.1,394
338430024,0.00077519385,0.00878167,0.0,0.1,387
338430138,4.9,3.0927334,0.0,7.7,5
338430164,0.0026809652,0.051778037,0.0,1.0,373
338430254,0.100625,0.11354598,0.0,0.9,160
338430368,6.718455,3.430637,0.0,17.6,233
338430387,0.0003257329,0.0057073017,0.0,0.1,307
338430391,0.04830287,0.0798624,0.0,0.5,383
338430397,0.0015075378,0.012200619,0.0,0.1,398
338430405,0.0011070111,0.010482418,0.0,0.1,271
338430481,0.0069060773,0.025390841,0.0,0.1,362
338430492,0.0017730496,0.013220479,0.0,0.1,282
338430561,0.47613415,0.41830927,0.0,2.7,507
338430661,0.0018404908,0.013461707,0.0,0.1,326
338430699,0.1328395,0.23289628,0.0,2.5,405
338430811,0.001966292,0.015800124,0.0,0.2,356
338430823,0.014285714,0.03933015,0.0,0.3,315
338430855,0.05970149,0.05756534,0.0,0.2,268
338430879,0.0022624435,0.014904054,0.0,0.1,221
338430883,0.08113208,0.116117656,0.0,0.5,53
338430914,0.05,0.07071068,0.0,0.1,2
338430922,0.028134556,0.08438086,0.0,1.1,327
338430953,0.08977273,0.14737187,0.0,1.2,352
338430988,0.23703705,0.2085072,0.0,1.2,108
338431123,0.0,0.0,0.0,0.0,75
338431393,0.007619048,0.026572475,0.0,0.1,315
338431455,0.1421995,0.08310803,0.0,0.4,391
338431463,0.0025641026,0.016012816,0.0,0.1,39
338431479,0.016666668,0.04082483,0.0,0.1,6
338431514,0.076886795,0.0714357,0.0,0.5,212
338431528,3.0181417,0.45218468,1.7,4.0,678
338431534,5.374167,2.348341,2.1,11.2,120
338431535,2.482523,0.56965166,0.9,4.0,864
338431541,5.0353847,1.5243685,3.0,9.4,130
338431553,2.583729,0.53060806,1.1,3.9,885
338431573,3.1626067,0.46486297,1.4,4.2,936
338431579,2.8777404,0.5706198,1.4,4.5,894
338431726,0.0,0.0,0.0,0.0,262
338431806,0.010455764,0.04943831,0.0,0.7,373
338431882,0.0020833334,0.014433757,0.0,0.1,48
338431889,0.0031746032,0.017673144,0.0,0.1,63
338431927,0.012921349,0.13982446,0.0,2.4,356
338431937,0.001966292,0.013903449,0.0,0.1,356
338432295,0.009859155,0.030023465,0.0,0.1,71
338432362,0.0028846154,0.018138587,0.0,0.2,416
338432477,0.0067796614,0.02517524,0.0,0.1,354
338432542,1.0146667,2.212358,0.0,8.8,450
338432553,0.0,0.0,0.0,0.0,390
338432603,0.015625,0.036596254,0.0,0.1,64
338432677,0.14999999,0.17606817,0.0,0.4,6
338432681,0.022769231,0.04199896,0.0,0.1,325
338432726,1.6532258,2.0572715,0.0,5.6,62
338432843,0.00033444815,0.0057831495,0.0,0.1,299
338432863,0.08528037,0.21898887,0.0,4.1,428
338432955,1.0941861,1.6664407,0.0,7.3,86
338432968,0.004455446,0.021826077,0.0,0.2,404
338433056,0.006312292,0.02435889,0.0,0.1,301
338433154,2.7923076,1.5456722,0.0,5.6,13
338433185,0.26923078,0.5437288,0.0,1.9,13
338433243,6.884141,1.8927469,0.0,11.2,227
338433283,0.0005882353,0.0076583293,0.0,0.1,340
338433289,1.7817708,2.56363,0.0,6.8,384
338433363,1.0866477,1.889201,0.0,8.2,352
338433377,0.03925,0.05377422,0.0,0.2,400
338433378,6.0778303,2.580005,0.0,9.3,212
338433396,0.011510791,0.03203064,0.0,0.1,139
338433443,0.0,0.0,0.0,0.0,400
338433464,0.033469386,0.05674039,0.0,0.4,245
338433473,0.00026455027,0.005143445,0.0,0.1,378
338433483,0.01474359,0.035568178,0.0,0.1,156
338433524,0.0,0.0,0.0,0.0,406
338433762,1.4955357,5.1443415,0.0,29.0,336
338433815,0.0027027028,0.01883224,0.0,0.2,222
338433824,4.6791043,8.600382,0.0,30.9,335
338433846,0.0090032155,0.02977285,0.0,0.2,311
338433853,0.00243309,0.015426214,0.0,0.1,411
338433913,0.018529411,0.038910862,0.0,0.1,340
338434061,0.0,0.0,0.0,0.0,347
338434129,0.029661017,0.06339228,0.0,0.6,354
338434133,0.025531916,0.044926964,0.0,0.2,188
338434144,0.0113402065,0.03904887,0.0,0.3,388
338434258,8.292537,12.226738,0.0,36.2,67
338434331,0.00065789477,0.008111071,0.0,0.1,152
338434362,0.048626374,0.058665443,0.0,0.3,364
338434375,0.0,0.0,0.0,0.0,11
338434411,0.00028169015,0.005307449,0.0,0.1,355
338434445,0.0265252,0.044205397,0.0,0.1,377
338434516,0.0013297872,0.011469973,0.0,0.1,376
338434579,0.0037414967,0.019009998,0.0,0.1,294
338434687,0.0015384615,0.012403473,0.0,0.1,65
338434719,0.0,0.0,0.0,0.0,425
338434739,5.6897545,1.8377438,0.0,8.9,244
338434833,0.0013513514,0.011561586,0.0,0.1,370
338434994,6.1511626,2.3460977,0.7,9.5,86
338440064,0.0,0.0,0.0,0.0,21
338440133,0.0034682082,0.018323831,0.0,0.1,346
338440167,0.0,0.0,0.0,0.0,350
338440532,0.033333335,0.047899608,0.0,0.2,309
338441065,7.961212,1.6165149,0.0,10.3,165
338447000,1.5764706,3.746329,0.0,12.9,476
338454000,4.0375934,3.9227676,0.4,11.2,939
338457000,3.9431036,3.8668368,0.0,9.7,290
338458000,4.214754,2.7733123,0.0,9.5,427
338459000,16.25098,0.15921357,15.9,16.6,51
338482000,2.634348,4.0535164,0.0,11.0,1150
338495000,0.26864034,0.9889072,0.0,6.0,456
338504000,10.19401,1.1658374,7.1,12.7,217
338511000,0.0022727272,0.014924484,0.0,0.1,352
338523000,3.7,2.1023796,0.1,5.2,20
338531000,5.9283853,5.678144,0.0,12.4,613
338533000,3.3813953,4.223295,0.0,10.7,1161
338536000,0.01590909,0.13403329,0.0,1.8,220
338545000,6.076821,7.2565994,0.0,16.1,604
338553000,0.008128079,0.027360301,0.0,0.1,406
338570000,3.7769098,3.4411051,0.0,12.1,1152
338575000,5.372349,3.2103968,0.0,8.9,264
338595000,0.41748253,1.1080368,0.0,5.3,858
338601000,0.6648649,2.0436018,0.0,8.8,148
338602000,1.289899,2.4117956,0.0,8.3,396
338615000,0.631016,1.2897601,0.0,6.3,748
338616000,7.0875545,0.8168421,5.2,9.5,1141
338617000,10.112399,3.9478812,0.0,13.7,621
338628000,1.7554593,3.1360984,0.0,9.3,577
338631480,0.008235294,0.049308952,0.0,0.4,85
338633000,0.39191374,1.3196598,0.0,6.8,371
338641000,0.00026385224,0.005136655,0.0,0.1,379
338642000,4.245455,3.9201286,0.0,9.7,176
338644000,0.037037037,0.049210288,0.0,0.1,27
338663000,0.45578945,0.25056878,0.1,2.1,1140
338678000,0.030272953,0.23002633,0.0,3.0,403
338684000,0.0,0.0,0.0,0.0,137
338701000,3.1948528,3.5631306,0.0,8.8,136
338703000,0.8326203,2.1540546,0.0,8.0,187
338708000,0.48588234,1.8121935,0.0,8.5,425
338724000,6.7429204,4.95087,0.0,13.4,1123
338725000,8.695969,3.473586,0.0,11.2,1017
338737000,0.0,0.0,0.0,0.0,212
338744000,0.022866895,0.043667164,0.0,0.2,293
338752000,8.96,0.054772466,8.9,9.0,5
338753000,0.009693878,0.110745296,0.0,1.5,196
338754000,4.809091,7.923575,0.0,31.5,660
338755000,0.016449815,0.03708994,0.0,0.1,1076
338760000,11.587258,9.519631,0.0,24.5,777
338763000,5.589535,7.2018304,0.0,20.2,86
338765000,0.15445706,0.92162883,0.0,7.7,617
338776000,3.5073528,3.9850948,0.0,10.2,204
338789000,19.975,0.4112985,19.6,20.5,4
338790000,1.7417749,6.4294205,0.0,31.1,462
338796000,13.482567,7.5946927,0.0,19.2,740
338798000,0.046242774,0.10371186,0.0,1.0,173
338808000,0.0,0.0,0.0,0.0,388
338830000,0.0142483665,0.037505545,0.0,0.4,765
338841095,29.669147,15.785151,0.1,47.4,94
338846000,6.2774196,0.115118496,6.0,6.5,62
338850000,0.0,0.0,0.0,0.0,410
338855000,0.001977644,0.026327923,0.0,0.7,1163
338862000,0.93500435,2.460245,0.0,11.7,1137
338866000,8.79062,2.8199468,0.0,11.1,1162
338871000,3.5673316,4.6141376,0.0,14.8,802
338878000,0.0,0.0,0.0,0.0,866
338879000,5.770769,3.2918777,0.8,12.7,1170
338888000,0.015234374,0.05790517,0.0,0.4,768
338891000,0.02412993,0.05601181,0.0,0.4,431
338894000,0.0,0.0,0.0,0.0,205
338899000,0.0,0.0,0.0,0.0,379
338916000,7.7400002,4.917502,0.0,21.5,345
338922000,3.9655738,5.114402,0.0,12.1,610
338926075,0.027999999,0.045825757,0.0,0.1,25
338926104,15.317965,15.457629,0.0,36.0,334
338926105,9.428873,13.408796,0.0,35.5,142
338926107,1.7166667,2.33341,0.0,8.3,60
338926108,7.0699997,10.297839,0.0,30.0,90
338926110,0.0,0.0,0.0,0.0,57
338926111,0.0,0.0,0.0,0.0,14
338926115,0.6759036,1.0369503,0.0,5.3,83
338926118,0.0,0.0,0.0,0.0,3
338926121,3.372973,6.933447,0.0,28.9,74
338926125,11.9530735,13.394491,0.0,31.6,179
338926130,0.0,,0.0,0.0,1
338926131,0.0,0.0,0.0,0.0,8
338926136,0.0,0.0,0.0,0.0,30
338926138,2.5620372,3.6261437,0.0,18.3,108
338926139,0.0,0.0,0.0,0.0,31
338926145,4.897059,5.474596,0.1,23.8,34
338926151,3.556522,9.185554,0.0,33.4,23
338926160,0.0,0.0,0.0,0.0,4
338926163,0.013793103,0.051576145,0.0,0.2,29
338926164,0.0,0.0,0.0,0.0,3
338926169,0.0,0.0,0.0,0.0,3
338926170,0.0,0.0,0.0,0.0,7
338926173,0.0,0.0,0.0,0.0,21
338926174,0.0,0.0,0.0,0.0,2
338926187,0.0,0.0,0.0,0.0,395
338926188,4.03875,8.270876,0.0,27.6,400
338926189,9.128985,12.080407,0.0,30.2,138
338926283,0.010614996,0.031088341,0.0,0.2,1187
338926303,5.75,7.780186,0.0,32.8,140
338926305,3.7687023,4.4321046,0.0,19.4,131
338926306,0.095,0.07591547,0.0,0.3,20
338926307,0.0,0.0,0.0,0.0,21
338926308,3.7267857,4.2608294,0.0,26.4,168
338926310,4.53,5.113684,0.0,19.7,150
338926312,3.8631902,5.0587897,0.0,20.7,163
338926313,4.7853503,5.210367,0.0,25.8,157
338926314,4.2606063,6.124382,0.0,31.3,132
338926315,0.03846154,0.05063697,0.0,0.1,13
338926332,0.0,0.0,0.0,0.0,18
338926404,0.0,0.0,0.0,0.0,1132
338926409,0.0,0.0,0.0,0.0,524
338926411,8.870787,3.9198563,2.1,14.3,89
338926414,0.0064822817,0.024631944,0.0,0.1,1157
338926416,0.0025114156,0.015665077,0.0,0.1,438
338926418,0.007638889,0.02659273,0.0,0.1,432
338926419,0.16666667,0.11547006,0.1,0.3,3
338926425,0.00076726347,0.008736868,0.0,0.1,391
338926427,0.0037433153,0.019007502,0.0,0.1,374
338926430,0.0076023396,0.026542388,0.0,0.1,342
338926431,1.7010417,3.0090988,0.0,10.6,480
338926434,0.0012787724,0.011250141,0.0,0.1,391
338926436,0.013385827,0.08698935,0.0,1.0,254
338926438,8.44012,1.6304727,6.1,13.6,167
338926446,10.72995,5.856579,0.0,18.4,798
338926448,0.0093896715,0.19380063,0.0,4.0,426
338926449,4.527177,4.090695,0.0,48.0,379
338926603,0.06666667,0.05773503,0.0,0.1,3
338926607,0.033333335,0.05773503,0.0,0.1,3
338926623,0.0,0.0,0.0,0.0,5
338926625,5.07957,9.222946,0.0,38.1,93
338926715,0.13426967,0.08622656,0.0,0.6,534
338926777,9.1967945,12.538032,0.0,38.2,156
338926795,0.0,0.0,0.0,0.0,11
338926874,0.025,0.046291005,0.0,0.1,8
338926897,0.6894737,1.3042217,0.0,4.8,19
338926909,6.426389,9.857477,0.0,39.5,72
338926916,13.671428,15.76343,0.0,34.8,7
338926927,5.4,0.34641016,4.9,5.8,7
338926938,0.0,0.0,0.0,0.0,9
338926951,21.923405,1.4062303,13.8,24.4,47
338926959,21.041088,11.231248,0.0,31.3,202
338926961,25.267923,10.729054,0.0,34.1,53
338936000,8.104895,4.3149652,0.0,17.4,572
338940000,0.0,0.0,0.0,0.0,125
338941000,0.0,0.0,0.0,0.0,391
338954000,0.055610977,0.052198548,0.0,0.2,401
338990000,0.0,0.0,0.0,0.0,427
338999000,0.02632094,0.04685994,0.0,0.2,1022
338999222,0.0017857143,0.013266924,0.0,0.1,280
339108000,0.17105263,0.19715255,0.0,0.9,38
339119000,0.008888889,0.028511178,0.0,0.1,270
339124000,0.017419355,0.04779729,0.0,0.4,310
339127000,0.0,0.0,0.0,0.0,245
339161000,0.0,0.0,0.0,0.0,411
339178000,1.0021739,2.378998,0.0,9.3,276
339183000,0.0035989718,0.018650437,0.0,0.1,389
339186000,0.0,0.0,0.0,0.0,360
339188000,0.0,0.0,0.0,0.0,380
339192000,0.047404844,0.080375716,0.0,0.4,289
339195000,0.9069672,1.6581985,0.0,5.6,244
339202000,0.0,0.0,0.0,0.0,30
339217000,0.0,0.0,0.0,0.0,1121
339219000,0.0234375,0.049264774,0.0,0.3,320
339222000,0.034951456,0.04791483,0.0,0.1,103
339227000,0.005904059,0.032804333,0.0,0.4,271
339241000,0.027154049,0.050588112,0.0,0.3,383
339244972,0.0058983667,0.03148837,0.0,0.7,1102
339245000,18.65,0.2121315,18.5,18.8,2
339251000,0.0,,0.0,0.0,1
339254000,0.59287596,0.79317653,0.0,5.4,379
339263000,0.016809117,0.096670665,0.0,0.8,351
339266000,0.00026737968,0.005170877,0.0,0.1,374
339300000,0.0016501651,0.012760519,0.0,0.1,303
339301000,0.014285714,0.036063325,0.0,0.2,280
339302000,0.00050377834,0.007088767,0.0,0.1,397
339312000,0.060629923,0.05825192,0.0,0.3,381
339318000,0.030068336,0.047376323,0.0,0.2,439
339328000,0.019570405,0.0397216,0.0,0.1,419
339333000,0.015789473,0.037730664,0.0,0.2,228
339335000,0.036760926,0.048277516,0.0,0.1,389
339351000,0.0,0.0,0.0,0.0,134
339354000,0.023684211,0.04308515,0.0,0.1,38
339359000,0.11228501,0.20593758,0.0,3.2,407
339459000,0.013017752,0.033749864,0.0,0.1,169
339482000,0.045714285,0.051581617,0.0,0.2,350
339513000,0.004519774,0.020803163,0.0,0.1,354
339514000,0.07558559,0.055111736,0.0,0.3,1110
339518000,0.020963173,0.040762357,0.0,0.1,353
339559000,0.02007874,0.040138025,0.0,0.1,254
339592000,0.06111111,0.0607685,0.0,0.2,18
339619000,0.2862408,0.4502406,0.0,5.2,407
339659000,0.07256236,0.055144534,0.0,0.2,441
339676000,0.0,0.0,0.0,0.0,17
339686000,0.0049295775,0.02172512,0.0,0.1,142
339689000,0.0028735632,0.022625785,0.0,0.2,174
339711000,0.34592593,0.19232985,0.0,1.0,270
339748000,0.030819673,0.046250716,0.0,0.1,305
339757000,0.009090909,0.030151134,0.0,0.1,11
339768000,0.0,0.0,0.0,0.0,359
339814000,0.0013157895,0.011470787,0.0,0.1,76
339819000,0.026184538,0.044018812,0.0,0.1,401
339822000,0.0005509642,0.007412437,0.0,0.1,363
339836000,0.0010443864,0.010179315,0.0,0.1,383
339837000,1.1024735,2.269727,0.0,10.7,283
339843000,0.45680344,0.4900218,0.0,3.5,463
339852000,0.0,0.0,0.0,0.0,114
339857000,0.0,0.0,0.0,0.0,412
339876000,1.2764084,3.167844,0.0,12.9,284
339888000,0.0,0.0,0.0,0.0,433
339902000,0.017411765,0.04584513,0.0,0.3,425
339904000,0.02919708,0.04812674,0.0,0.2,411
339911000,0.049473684,0.050543007,0.0,0.2,1140
339915000,0.012181303,0.0327534,0.0,0.1,353
339943000,0.45266107,0.3250323,0.0,2.5,357
339963000,0.01875,0.039078236,0.0,0.1,416
339979000,0.06790451,0.050572377,0.0,0.3,377
339988000,0.0,0.0,0.0,0.0,21
339995000,0.0030303032,0.017174542,0.0,0.1,264
341072000,0.0,0.0,0.0,0.0,28
341079000,0.08689459,0.06232897,0.0,0.4,351
341205000,0.0,0.0,0.0,0.0,402
341351000,0.0895899,0.098976515,0.0,1.0,317
341642000,0.0,0.0,0.0,0.0,2
341809000,0.0,0.0,0.0,0.0,380
343037846,6.0,,6.0,6.0,1
343991331,0.5090909,1.3604811,0.0,4.6,11
345010027,0.0,0.0,0.0,0.0,2
345010030,7.729884,2.5926151,0.0,10.2,947
345010032,4.2,2.3484037,1.6,6.4,5
345010055,3.2900002,2.4614584,1.1,6.9,10
345010070,0.0,0.0,0.0,0.0,37
345010082,8.62069e-05,0.002936101,0.0,0.1,1160
345020017,4.375,5.053959,1.1,11.9,4
345020018,12.3,0.19999981,12.1,12.5,3
345020020,4.7,5.984564,0.3,12.3,5
345026011,16.5,8.2456045,7.0,21.8,3
345030017,0.0,,0.0,0.0,1
345030025,0.025,0.05,0.0,0.1,4
345030026,0.061261263,0.21448503,0.0,3.1,222
345030040,0.0,0.0,0.0,0.0,145
345030052,0.0,0.0,0.0,0.0,64
345030067,0.013432836,0.038516123,0.0,0.2,67
345030083,6.977108,0.78325856,3.0,8.2,83
345030103,0.0,0.0,0.0,0.0,54
345030107,0.2,0.0,0.2,0.2,2
345030117,0.0,0.0,0.0,0.0,2
345040025,8.522222,0.51424164,7.5,9.1,9
345050006,0.0,0.0,0.0,0.0,2
345050012,0.0,0.0,0.0,0.0,11
345050068,0.0,0.0,0.0,0.0,57
345070013,0.04375,0.050401613,0.0,0.1,32
345070038,0.046575345,0.057932414,0.0,0.2,73
345070152,0.0,,0.0,0.0,1
345070225,0.0,0.0,0.0,0.0,25
345070262,2.7631578,0.38182387,1.2,2.9,19
345070320,0.0020833334,0.014433757,0.0,0.1,48
345070325,0.0,,0.0,0.0,1
345070330,0.0,0.0,0.0,0.0,54
345070348,0.0,,0.0,0.0,1
345070402,0.0,0.0,0.0,0.0,19
345070406,11.836364,0.4635584,11.0,12.8,33
345090008,0.0,0.0,0.0,0.0,630
345090011,0.0,0.0,0.0,0.0,254
345090012,0.005472637,0.022801327,0.0,0.1,201
345090013,0.05,0.05773503,0.0,0.1,4
345090026,0.01923077,0.040191848,0.0,0.1,26
345140007,0.023414634,0.042398147,0.0,0.1,410
345140009,0.003921569,0.019603921,0.0,0.1,51
345140013,0.0,0.0,0.0,0.0,3
345160012,0.0033613446,0.01809941,0.0,0.1,119
345160014,0.0008474576,0.009186138,0.0,0.1,236
345200009,0.0,0.0,0.0,0.0,11
345200011,0.0,0.0,0.0,0.0,152
345200021,0.0,0.0,0.0,0.0,94
347014550,0.021088436,0.04093311,0.0,0.1,147
347020390,3.9514287,1.4532664,0.2,5.7,35
349970764,0.00095465395,0.009735514,0.0,0.1,419
351101000,0.0,0.0,0.0,0.0,433
351104000,15.225,0.2629957,15.0,15.6,4
351115000,1.3189616,1.6062032,0.0,8.7,886
351132000,0.059638556,0.06863267,0.0,0.3,332
351298000,0.0340796,0.047456753,0.0,0.1,402
351387000,0.01010101,0.03100004,0.0,0.2,396
351462000,8.460494,6.716072,0.0,17.3,1134
351628000,17.870968,0.291062,16.7,18.3,62
351675000,17.693678,0.9617634,13.9,18.7,174
351680000,0.18703705,0.12158809,0.0,0.6,108
351717000,0.0,0.0,0.0,0.0,19
351758000,0.0,0.0,0.0,0.0,366
351801000,0.033257917,0.047645435,0.0,0.2,442
351809000,0.9909639,2.6192636,0.0,10.2,498
351819000,0.0,0.0,0.0,0.0,431
351848000,1.9817518,0.17276844,1.7,2.4,274
351931000,10.3,0.19999981,10.1,10.5,3
351954000,13.061251,0.5124297,11.1,14.4,1151
351998000,3.8024647,4.2865577,0.5,12.9,852
352001003,0.0026763992,0.016158964,0.0,0.1,411
352001015,0.0,0.0,0.0,0.0,412
352001121,0.0,0.0,0.0,0.0,426
352001169,0.29978722,1.2753611,0.0,8.3,470
352111000,0.0,0.0,0.0,0.0,410
352140000,4.4603086,2.4017031,1.4,7.7,1101
352147000,13.307229,0.20823482,12.9,13.9,83
352229000,0.0,0.0,0.0,0.0,59
352306000,4.515723,1.2467444,0.0,6.3,159
352451000,0.2520202,0.19992647,0.0,1.2,396
352514000,13.925116,0.9674235,8.8,14.9,215
352675000,0.011820331,0.053345393,0.0,0.6,423
352732000,15.3032255,0.23732384,14.9,15.7,31
352861000,0.015151516,0.036541972,0.0,0.2,429
352867000,11.2,,11.2,11.2,1
352871000,0.17932692,0.12264369,0.0,0.7,416
352898697,12.647883,0.14220043,12.3,13.1,378
352898739,8.887302,0.6959292,6.4,10.3,126
352898749,0.0,0.0,0.0,0.0,436
352898775,0.0,0.0,0.0,0.0,436
352978143,0.068915665,0.110652566,0.0,0.7,415
352978234,0.023459718,0.04298121,0.0,0.2,422
352978268,8.355556,6.2822824,0.0,13.3,45
352980769,2.3500001,3.2124758,0.2,7.8,24
352983000,3.2228103,4.344476,0.0,14.4,1096
352986151,10.612613,0.17690116,9.9,10.9,111
352986205,0.18359375,0.18653527,0.0,1.1,384
353013000,6.1456866,7.0443683,0.0,18.6,626
353054000,1.6806202,2.987809,0.0,10.2,516
353105000,15.450146,1.0290765,13.2,16.8,343
353160000,0.12511848,0.87698704,0.0,13.9,422
353162000,3.1336207,0.3548612,2.2,4.0,1160
353244000,6.126859,5.254537,0.0,12.0,1143
353260000,4.5917463,4.8954926,0.0,10.8,630
353327000,0.00749354,0.030037487,0.0,0.2,387
353384000,0.026865672,0.047933318,0.0,0.2,67
353408000,12.342423,0.40080404,11.6,12.9,33
353446000,7.654724,5.4302106,0.0,13.4,762
353456000,2.8018036,4.141287,0.0,11.8,499
353470000,0.062433865,0.05849534,0.0,0.3,189
353511000,0.47064677,0.25694168,0.1,1.3,402
353514000,13.256185,4.252348,0.0,17.4,760
353520000,0.033333335,0.05773503,0.0,0.1,3
353576000,12.7,,12.7,12.7,1
353599000,8.288948,3.3962603,0.0,11.6,751
353639000,12.03913,0.30111775,11.5,12.6,23
353719000,17.9,0.0,17.9,17.9,4
353778000,10.046552,0.32874686,9.2,11.1,406
353812000,0.41769043,0.3661564,0.0,1.9,407
353831000,7.1000004,1.4142139,6.1,8.1,2
353922000,4.8304257,1.889371,0.4,10.1,493
353960000,0.2,0.07071068,0.1,0.3,5
353981000,0.0,0.0,0.0,0.0,439
353992000,12.786176,0.57268465,11.4,13.8,680
354004000,18.4,0.7348469,16.9,19.0,10
354022000,6.6240253,4.8486505,0.0,21.5,795
354048000,1.5151063,3.6893678,0.0,12.5,470
354053000,17.37833,3.8447807,11.1,21.1,503
354199000,7.877561,5.4229813,0.0,13.8,820
354212000,20.548355,0.8328512,18.3,21.6,213
354298000,10.085681,5.5194945,0.0,16.6,859
354306000,0.24878049,0.16197851,0.0,0.9,328
354340000,7.4304037,6.6079154,0.0,18.9,694
354422000,0.0011235955,0.019535035,0.0,0.4,445
354499000,0.109579444,0.08340983,0.0,0.5,428
354501000,0.055227276,0.065925635,0.0,0.3,440
354519000,13.313722,0.501725,10.8,14.3,481
354526000,5.496717,6.222795,0.0,15.4,1127
354543000,0.00093240093,0.00962219,0.0,0.1,429
354552000,10.505245,3.041702,0.3,14.5,572
354556000,0.050574712,0.064472035,0.0,0.3,87
354560000,0.0,0.0,0.0,0.0,282
354625000,0.0012722646,0.011221775,0.0,0.1,393
354711000,12.304762,0.0804747,12.2,12.4,21
354737000,0.877707,0.19000632,0.3,1.5,157
354751000,4.028849,4.601607,0.0,15.7,617
354791000,3.9886718,2.2311678,0.0,7.3,512
354857000,6.808527,6.0908675,0.0,14.8,645
354868000,0.08056206,0.08487308,0.0,0.4,427
354962000,0.7064909,2.123982,0.0,8.6,493
354991000,0.0,0.0,0.0,0.0,3
355050000,0.0002770083,0.005263158,0.0,0.1,361
355068000,3.6188948,2.3609395,0.0,8.3,561
355245000,0.060887095,0.060636092,0.0,0.3,744
355263000,6.1656504,3.9394474,1.7,17.8,984
355271000,0.0,0.0,0.0,0.0,410
355308000,19.950123,0.85469085,17.6,20.9,409
355456000,13.2,0.26457506,13.0,13.5,3
355534000,0.0070921984,0.025699845,0.0,0.1,423
355576000,0.11937799,0.15277638,0.0,0.7,418
355659000,0.7,,0.7,0.7,1
355677000,8.131733,3.3208477,0.0,11.7,854
355703000,7.8732677,2.6294065,2.3,10.1,101
355793000,0.06860465,0.07039951,0.0,0.4,430
355831000,19.41111,0.1967048,19.2,19.8,18
355833000,9.450889,5.733287,0.0,17.1,900
355867000,0.064467005,0.06994251,0.0,0.3,394
355870000,13.904652,0.22985864,13.1,14.2,43
355886000,0.24963503,0.19157527,0.0,1.2,411
355920000,0.0,0.0,0.0,0.0,5
356075000,14.0397625,0.3756489,12.3,14.5,420
356087000,0.90697163,2.7981815,0.0,11.6,459
356188000,0.0,0.0,0.0,0.0,400
356222000,6.344478,6.0326653,0.0,14.4,661
356436000,0.010034904,0.08335015,0.0,1.0,1146
356440000,0.0,0.0,0.0,0.0,438
356466000,12.141143,1.7096189,7.7,15.9,700
356565000,1.6682353,2.5085607,0.1,11.4,935
356571000,15.515385,0.17246327,15.2,15.9,13
356701000,10.884615,3.5547729,0.0,12.6,13
356727000,0.88501066,2.202269,0.0,9.5,467
356818000,1.1246428,1.2141341,0.0,8.5,280
356882000,10.280077,0.3043914,9.3,11.2,522
356903000,8.255216,4.1454,0.0,11.3,719
356909000,0.10029762,0.6079817,0.0,7.9,336
356941000,0.04355972,0.051952247,0.0,0.2,427
356961000,3.662298,4.212863,0.0,10.8,557
357016000,8.69056,4.452252,0.0,13.4,911
357175000,2.0894117,2.329686,0.3,9.8,935
357194000,0.0,0.0,0.0,0.0,413
357315000,9.316947,6.3860135,0.0,15.4,832
357380000,7.9510674,5.3041544,0.0,13.6,562
357381000,10.438655,0.18324265,10.0,10.8,119
357395000,0.0,0.0,0.0,0.0,409
357441000,0.009439528,0.034819633,0.0,0.3,339
357444000,4.6359186,0.7525931,3.2,7.8,490
357451000,13.04376,0.33839402,12.2,13.7,617
357455000,15.149019,0.48553994,14.0,16.1,51
357520610,0.006205251,0.02415393,0.0,0.1,419
357628000,11.260325,2.536266,0.0,14.3,368
357657000,17.1911,0.25458804,16.6,18.6,191
357715000,14.241464,0.5549666,13.3,14.8,41
357777000,9.318433,0.5241672,8.4,10.6,217
357926000,19.0875,0.13380316,18.8,19.3,32
357961000,17.204237,0.39578852,16.5,18.6,118
357994000,0.18062201,0.13242833,0.0,1.0,418
360000000,0.011197917,0.031547777,0.0,0.1,1152
361111111,0.00042016807,0.006471125,0.0,0.1,1190
361183330,0.0019512195,0.019706115,0.0,0.2,205
361333190,7.4357142,2.3499942,0.0,9.0,14
364888400,0.089501314,0.13934427,0.0,1.8,1143
365357586,8.6,,8.6,8.6,1
365729424,0.00023148149,0.0048112525,0.0,0.1,432
366014000,0.05479323,0.40114552,0.0,4.1,1064
366046000,0.00044130627,0.0066313413,0.0,0.1,1133
366047000,0.0,0.0,0.0,0.0,1140
366047800,0.00754717,0.028788118,0.0,0.2,159
366048300,0.18062016,0.07713373,0.1,0.4,129
366050100,0.18047883,0.11520138,0.0,0.8,543
366054900,0.11680961,0.07269087,0.0,0.4,583
366062000,0.00045085663,0.0067024548,0.0,0.1,1109
366074000,0.00043440488,0.0065794676,0.0,0.1,1151
366081080,4.8886204,0.81263864,0.3,6.6,1116
366082000,0.0023854962,0.015267005,0.0,0.1,1048
366084960,0.0,0.0,0.0,0.0,15
366088000,0.18569231,0.7710447,0.0,5.8,650
366100000,0.034571428,0.048816532,0.0,0.2,350
366116000,0.029405631,0.045585513,0.0,0.1,959
366122000,0.2539604,0.23745792,0.0,2.3,404
366135000,0.0,0.0,0.0,0.0,425
366138000,0.83000004,1.5365008,0.0,6.1,110
366186640,0.013846154,0.034627277,0.0,0.1,195
366193000,0.0013169447,0.0114050135,0.0,0.1,1139
366211560,0.0027777778,0.01654888,0.0,0.1,72
366218620,6.685484,0.8225564,2.9,8.1,186
366222630,4.7999997,1.9750292,0.3,8.2,28
366227210,0.0072000003,0.08028292,0.0,1.5,375
366233570,0.015538847,0.16074309,0.0,3.1,399
366235000,0.0,0.0,0.0,0.0,431
366238710,1.8892436,2.605676,0.0,8.4,595
366252000,0.068085104,0.0515262,0.0,0.2,47
366254000,7.0037336,2.08528,0.0,9.3,616
366258310,0.39246574,0.75375706,0.0,4.5,146
366264360,8.576329e-05,0.002928537,0.0,0.1,1166
366271150,0.01091703,0.03125359,0.0,0.1,229
366273000,1.6127572,3.5078294,0.0,10.7,486
366278770,3.1335227,3.527178,0.0,8.2,176
366298000,0.0,0.0,0.0,0.0,1161
366324550,0.8940476,2.2782345,0.0,8.8,336
366336000,3.3157332,0.93661743,0.9,6.9,1125
366339000,2.0485945,3.498238,0.0,11.0,249
366341000,6.8792124,5.862917,0.0,15.1,1193
366343000,0.0,0.0,0.0,0.0,28
366349530,0.024752475,0.22758019,0.0,3.8,404
366355000,0.027506426,0.044712175,0.0,0.1,389
366359000,0.7866828,0.5307001,0.0,4.1,413
366382000,0.0,0.0,0.0,0.0,10
366384000,0.028506787,0.1534251,0.0,1.9,442
366393970,0.6112288,1.4521457,0.0,9.3,472
366408210,0.012878788,0.033538874,0.0,0.1,396
366425240,0.0004382121,0.006608135,0.0,0.1,1141
366426130,0.053846158,0.11266015,0.0,0.3,13
366431380,3.7638888,2.6710248,0.4,8.3,36
366435270,0.00049261085,0.0070099537,0.0,0.1,406
366468000,1.343276,1.6530635,0.0,13.7,989
366472920,0.0,0.0,0.0,0.0,2
366484000,0.034210525,0.15878928,0.0,0.9,76
366485000,0.005164319,0.06303386,0.0,1.1,426
366495000,0.0,0.0,0.0,0.0,425
366508000,11.587654,2.1066787,6.2,14.3,81
366515000,0.0052845525,0.052804224,0.0,0.7,246
366516370,2.4164147,3.016938,0.0,9.4,926
366516380,0.61197823,2.0282075,0.0,10.2,1102
366518000,0.0,0.0,0.0,0.0,1110
366525000,18.230953,11.648563,0.0,34.8,126
366539000,11.339187,4.6952767,0.0,15.3,860
366550000,0.008097166,0.027334549,0.0,0.1,247
366553750,0.007123535,0.028081305,0.0,0.2,1109
366554000,0.009727626,0.02969118,0.0,0.1,257
366565000,0.0,0.0,0.0,0.0,426
366584000,8.912656e-05,0.0029854071,0.0,0.1,1122
366592000,1.0974001,2.6661866,0.0,10.7,500
366593000,0.0,0.0,0.0,0.0,395
366594000,0.0,0.0,0.0,0.0,335
366595000,0.2921875,1.1619072,0.0,8.0,448
366596000,0.0,0.0,0.0,0.0,415
366598000,0.0,0.0,0.0,0.0,421
366601000,0.0,0.0,0.0,0.0,421
366602000,0.0,0.0,0.0,0.0,439
366603000,0.009478673,0.029326782,0.0,0.1,422
366605000,0.4390658,1.4149364,0.0,8.3,471
366605190,0.0,0.0,0.0,0.0,371
366606000,3.0961947,3.2895114,0.0,10.3,657
366607000,0.0005319149,0.007283519,0.0,0.1,376
366614000,0.0023041475,0.015038212,0.0,0.1,217
366616260,0.13691756,0.18803938,0.0,0.9,279
366617950,0.0008097166,0.008980118,0.0,0.1,247
366622140,1.1150923,1.9499834,0.0,5.9,921
366629000,17.070448,6.02041,0.0,21.2,714
366629680,10.616575,6.049748,0.0,17.9,549
366630000,0.0,0.0,0.0,0.0,276
366631000,0.0,0.0,0.0,0.0,409
366648910,9.8123455,4.705273,0.0,13.0,81
366659730,0.14822695,0.84894156,0.0,7.6,423
366667000,0.04777778,0.27795252,0.0,3.0,180
366670000,0.0,0.0,0.0,0.0,423
366673000,5.6516666,3.1769557,0.0,9.2,60
366673090,0.16327015,0.6224247,0.0,4.3,422
366675760,0.0,0.0,0.0,0.0,9
366685950,6.5809784,4.4999084,0.0,11.4,368
366687000,0.008333333,0.027721167,0.0,0.1,168
366692000,0.699659,0.6272807,0.0,4.7,1173
366693850,0.6158172,1.8333986,0.0,11.6,1138
366698000,0.0,0.0,0.0,0.0,423
366701330,0.018711656,0.04560226,0.0,0.3,326
366701350,1.1194108,2.7063231,0.0,10.3,1154
366709000,1.1275591,2.8887575,0.0,13.3,508
366709770,0.0,0.0,0.0,0.0,403
366709780,4.1961675,6.9404883,0.0,18.1,1148
366710820,0.0,0.0,0.0,0.0,1126
366712000,0.09887543,0.65443444,0.0,6.7,1156
366724450,0.17830189,0.11790506,0.0,0.6,424
366725230,1.7276847,3.0342476,0.0,9.8,1015
366726420,0.022074468,0.041530132,0.0,0.1,376
366727190,1.0698594,2.7741482,0.0,12.3,1138
366727910,4.6261907,1.7179198,0.1,6.5,42
366732430,4.618987,4.1137204,0.0,9.3,158
366732780,3.6542985,2.1420767,0.0,6.7,221
366733250,0.0028622542,0.016681781,0.0,0.1,1118
366734000,0.0,0.0,0.0,0.0,394
366739880,0.004048583,0.019749593,0.0,0.1,247
366744010,8.831619,2.676349,0.0,12.4,914
366745460,0.38328612,1.2680643,0.0,5.7,353
366745470,0.0022556393,0.014876424,0.0,0.1,266
366745490,0.2810811,1.007462,0.0,5.4,74
366746210,2.2360868,3.9751248,0.0,10.4,230
366748250,3.3906617,3.4664655,0.0,10.7,1103
366748260,5.250887,0.8544421,0.0,6.9,902
366748650,8.19434,7.2668333,0.0,16.9,636
366749710,8.056635,7.843694,0.0,18.7,1040
366750000,0.0,0.0,0.0,0.0,417
366750490,0.0025641026,0.015846875,0.0,0.1,195
366751060,2.525795,2.3755267,0.0,7.9,283
366751770,0.0066071427,0.05118006,0.0,1.0,1120
366752190,0.00532995,0.024650592,0.0,0.2,394
366755010,0.77492064,1.9050379,0.0,6.7,945
366755020,0.26127854,1.2517623,0.0,10.0,1095
366755160,0.0,0.0,0.0,0.0,293
366757230,0.0,0.0,0.0,0.0,413
366757740,0.0002657219,0.00515025,0.0,0.1,1129
366759130,5.266174,7.375411,0.0,18.2,1150
366759530,1.5679756,3.1289234,0.0,10.0,1146
366760610,3.3527062,4.0836787,0.0,10.9,776
366760650,0.019892475,0.039937027,0.0,0.1,1116
366760680,0.18356483,0.7515079,0.0,5.6,432
366760710,0.21214287,1.1788025,0.0,8.8,1120
366762020,0.0,0.0,0.0,0.0,147
366762150,7.732026,7.062556,0.0,17.6,153
366764000,0.0,0.0,0.0,0.0,3
366764730,0.46294603,1.6475893,0.0,8.7,1093
366764740,0.71898395,1.6472142,0.0,8.8,1122
366765940,8.826125e-05,0.0029708797,0.0,0.1,1133
366766090,0.0021145376,0.014393228,0.0,0.1,1135
366766530,0.0010335917,0.0101269875,0.0,0.1,387
366766840,0.06374134,0.0481303,0.0,0.1,433
366766860,1.9585062,4.222593,0.0,12.3,482
366766940,5.2782154,4.1024737,0.0,10.7,863
366766970,0.0,0.0,0.0,0.0,403
366767150,0.33301887,1.7013954,0.0,10.3,424
366768030,11.986796,11.728443,0.0,27.3,462
366768480,0.024596775,0.04340611,0.0,0.2,744
366768590,0.0,0.0,0.0,0.0,420
366769330,3.3247042,3.3399308,0.0,9.3,676
366772750,6.818392,7.3135076,0.0,18.0,1169
366772760,0.003982301,0.020010618,0.0,0.2,1130
366772780,9.383884,8.1714,0.0,20.0,1179
366772960,4.6879725,6.6452208,0.0,18.6,1164
366772980,5.021475,6.4901023,0.0,17.7,773
366772990,6.1867876,7.583455,0.0,17.9,1158
366773000,0.0,0.0,0.0,0.0,177
366773040,3.7410946,5.6630955,0.0,16.9,1151
366773070,1.3359964,4.239295,0.0,18.4,1139
366773090,5.3086667,5.0141315,0.0,13.7,750
366773150,0.19370078,1.2995064,0.0,11.1,1143
366773340,0.0062068966,0.026865486,0.0,0.2,435
366773410,0.3513812,1.5517193,0.0,10.4,905
366773480,0.0028938907,0.016790502,0.0,0.1,311
366774330,3.3635294,4.2750273,0.0,10.8,595
366776000,0.0125113325,0.033099744,0.0,0.1,1103
366776910,0.079616725,0.09926949,0.0,0.6,1148
366778120,2.6365314,2.8994305,0.0,7.3,271
366778440,0.0005277045,0.007254712,0.0,0.1,379
366779420,0.0,0.0,0.0,0.0,436
366779430,0.15523255,0.45277113,0.0,3.2,516
366779440,0.111044,0.61263233,0.0,6.1,1159
366780000,0.029512197,0.046724036,0.0,0.2,410
366782000,0.7486518,2.2031376,0.0,9.1,853
366783820,0.5708791,1.0622904,0.0,7.3,364
366785220,0.0011286682,0.010569722,0.0,0.1,886
366785290,0.005882353,0.023592578,0.0,0.1,187
366785930,0.036084905,0.048081417,0.0,0.1,424
366785960,0.6224176,1.838969,0.0,7.2,910
366787340,0.7583333,1.4678215,0.0,7.2,36
366787440,0.0,0.0,0.0,0.0,412
366788850,0.010301507,0.030436117,0.0,0.1,398
366788910,0.04510676,0.05188424,0.0,0.2,1124
366792180,0.03219512,0.046779525,0.0,0.1,410
366792830,4.7392406,2.7011163,1.7,9.3,158
366792940,2.1960227,3.1331644,0.0,10.3,880
366793000,14.005243,8.6514015,0.0,22.1,820
366793340,5.8204665,2.1779728,0.0,9.2,1158
366793760,2.8725471,5.015614,0.0,15.2,1060
366794000,19.572222,0.5527133,17.1,20.2,36
366794430,0.008474576,0.028089363,0.0,0.1,59
366794550,0.024734043,0.047888022,0.0,0.2,376
366795290,0.0037333332,0.018983059,0.0,0.1,375
366796250,0.022171535,0.042213112,0.0,0.2,1096
366797250,0.0049523814,0.021706238,0.0,0.1,1050
366797280,0.0,0.0,0.0,0.0,419
366798210,3.4215117,3.4703171,0.0,8.6,172
366798950,0.0,0.0,0.0,0.0,5
366799000,6.292869,8.158873,0.0,20.9,603
366799090,0.009322779,0.029087935,0.0,0.1,1137
366799770,5.7608695,0.8332516,4.6,6.7,23
366801000,11.667568,9.925677,0.0,32.6,148
366801280,3.135019,2.8048015,0.0,7.6,791
366804020,3.765504,2.6718476,0.0,7.1,774
366805350,0.051779937,0.05345505,0.0,0.3,618
366805390,0.0020408165,0.01586124,0.0,0.2,392
366805510,0.46860465,0.43447375,0.0,2.9,86
366806770,0.018550726,0.03892731,0.0,0.1,345
366806920,0.0007824726,0.010445317,0.0,0.2,639
366806940,0.0,0.0,0.0,0.0,36
366808340,3.5086012,2.4894917,0.8,14.5,1151
366811310,5.3371196,2.9697564,0.0,12.5,1118
366811570,0.80411077,1.8108382,0.0,9.9,1192
366811580,0.7862602,1.966959,0.0,9.3,1099
366812000,0.015987461,0.07415062,0.0,1.2,319
366812330,0.00071770337,0.0084513975,0.0,0.1,418
366812830,1.2209005,2.716482,0.0,10.2,1177
366813490,3.7772727,2.8086133,0.0,10.6,44
366813530,0.018293839,0.5634646,0.0,18.3,1055
366815430,4.4727273,5.3011436,0.0,12.2,440
366816020,0.0010371652,0.01243514,0.0,0.2,1157
366816340,0.032944344,0.0617282,0.0,0.6,1114
366816410,1.850517,3.702988,0.0,14.0,677
366816890,0.0072769956,0.02599111,0.0,0.1,852
366817510,0.0,0.0,0.0,0.0,368
366818680,0.0,0.0,0.0,0.0,420
366818870,0.005479452,0.022796944,0.0,0.1,292
366819710,0.0,0.0,0.0,0.0,7
366820360,0.86902505,1.7210969,0.0,8.8,1159
366821230,0.0,0.0,0.0,0.0,20
366821510,5.963254,2.5437603,0.0,9.8,547
366822520,3.9863436,6.0108504,0.0,16.2,454
366823250,0.009507042,0.029382994,0.0,0.1,284
366823320,3.8733335,13.66238,0.0,78.9,90
366823870,1.8593607,5.414025,0.0,23.5,1095
366824910,3.021543,5.49039,0.0,20.8,998
366825190,0.0022007043,0.01467709,0.0,0.1,1136
366826930,3.1494422,2.8244927,0.0,8.1,1165
366826940,2.6509888,2.9550369,0.0,8.1,1163
366828620,2.049094,4.2224355,0.0,14.5,1159
366829140,0.0149305565,0.03666396,0.0,0.2,288
366829480,0.40745062,1.4774946,0.0,12.0,1114
366831470,0.13956311,0.16947839,0.0,1.4,412
366831480,0.0012578616,0.011179895,0.0,0.1,159
366832740,5.25704,4.5150404,0.0,11.7,696
366832880,0.0010752688,0.010369517,0.0,0.1,93
366834110,0.002479339,0.015614149,0.0,0.1,121
366834160,9.772694,10.191171,0.0,26.4,542
366834350,3.9172697,4.2617297,0.0,10.7,857
366835410,0.0085227275,0.035231147,0.0,0.2,176
366836590,2.272392,3.6562638,0.0,13.0,1112
366837540,0.00055555557,0.00745356,0.0,0.1,180
366837890,1.2299567,2.6448543,0.0,8.0,1155
366838630,0.026724892,0.045824025,0.0,0.2,1145
366838960,0.0041062804,0.01986756,0.0,0.1,414
366838990,8.810573e-05,0.002968261,0.0,0.1,1135
366839000,0.0,0.0,0.0,0.0,409
366840000,0.39090908,0.9991947,0.0,3.9,132
366840560,0.04899329,0.051401176,0.0,0.2,298
366841000,0.0,0.0,0.0,0.0,417
366841020,3.2051458,3.246657,0.0,9.8,1166
366841360,0.002739726,0.016346209,0.0,0.1,365
366841550,1.6846154,3.2247555,0.0,12.4,533
366842210,0.0,0.0,0.0,0.0,15
366842490,0.14246576,0.14498751,0.0,1.1,365
366842680,0.0009615385,0.009774226,0.0,0.1,312
366842960,1.8779162,2.3617594,0.0,6.5,1123
366843020,0.033333335,0.05,0.0,0.1,9
366843420,9.0498495,1.1619177,2.9,10.9,997
366844110,0.0,0.0,0.0,0.0,132
366844760,0.0035911605,0.01863273,0.0,0.1,362
366845000,0.0006375228,0.007962637,0.0,0.1,1098
366845050,1.0372998,3.0577028,0.0,18.1,437
366845060,0.0073979595,0.026207218,0.0,0.1,392
366845390,6.420486,2.372362,0.6,10.3,576
366846150,1.8989637,3.0189173,0.0,11.0,1158
366847780,0.0030224526,0.01858014,0.0,0.3,1158
366848260,2.8084507,4.3033895,0.0,10.1,497
366849310,0.39184782,1.388827,0.0,6.3,184
366850210,0.4404639,1.2697786,0.0,5.0,388
366850380,0.0,0.0,0.0,0.0,30
366850970,0.039130434,0.065630645,0.0,0.3,345
366851610,0.0011961722,0.010884385,0.0,0.1,418
366851670,8.147306,10.261987,0.0,26.9,761
366851680,12.423158,9.673223,0.0,26.4,380
366851710,0.01459854,0.035438735,0.0,0.1,137
366853070,0.2476415,0.81714106,0.0,5.4,212
366853410,9.612412,8.309738,0.0,30.4,427
366853640,5.9695854,1.6934588,0.1,7.5,434
366853890,3.2588,3.904454,0.0,11.0,250
366854090,0.012365591,0.032963194,0.0,0.1,372
366854410,0.05198157,0.051079128,0.0,0.2,1085
366855000,7.925024,2.581102,1.9,14.9,1055
366855060,1.5414364,3.1021824,0.0,10.9,1086
366856070,1.6499093,2.171157,0.0,6.1,551
366856460,5.634489,2.9807727,0.0,10.0,577
366857070,0.026943007,0.062414467,0.0,0.7,386
366857350,0.0,0.0,0.0,0.0,386
366857410,0.4218723,1.6569371,0.0,12.5,1143
366857940,2.7504737,5.717876,0.0,21.5,1161
366861000,0.0013651877,0.011623949,0.0,0.1,293
366862680,0.118238986,0.5769434,0.0,6.5,636
366862710,0.0012135922,0.010962578,0.0,0.1,412
366862820,8.62069e-05,0.002936101,0.0,0.1,1160
366863000,0.0026455026,0.016069684,0.0,0.1,378
366863190,0.0046875,0.021164685,0.0,0.1,384
366863870,3.171141,2.9663682,0.0,9.4,745
366864140,6.026946,5.0252666,0.0,14.5,167
366865390,0.0001984127,0.0044543543,0.0,0.1,504
366866280,0.0023746702,0.015246024,0.0,0.1,379
366866320,0.0,0.0,0.0,0.0,334
366866750,0.0,0.0,0.0,0.0,1102
366866810,0.0024024025,0.015335415,0.0,0.1,333
366866930,3.4439476,3.6612232,0.0,13.2,1140
366867370,1.024103,3.0048041,0.0,22.8,1087
366867460,0.0080568725,0.041190807,0.0,0.5,211
366867540,2.7633495,4.11154,0.0,10.2,412
366867690,3.5283718,2.8154383,0.0,9.5,1216
366868000,0.29090908,1.1304525,0.0,7.9,1089
366868850,0.41574076,0.7667338,0.0,4.8,108
366870980,4.1692414,3.5912733,0.0,10.7,725
366871480,2.3753424,1.8718681,0.0,6.3,730
366872110,1.7705528,3.076791,0.0,10.2,1158
366872170,0.087279156,0.22676134,0.0,3.5,1132
366872270,0.06666667,0.11547006,0.0,0.2,3
366872570,0.0,0.0,0.0,0.0,61
366872810,1.2487855,2.1579206,0.0,9.3,494
366872980,0.60080487,1.4875445,0.0,7.5,994
366873510,0.009429281,0.02925989,0.0,0.1,403
366873670,0.00051590713,0.0071671978,0.0,0.1,1163
366874110,0.01011334,0.032395426,0.0,0.3,1147
366874160,0.0,0.0,0.0,0.0,378
366874650,8.342477,8.274513,0.0,22.8,638
366874680,1.1503917,1.9470679,0.0,9.3,1149
366874920,1.0866086,2.2947853,0.0,7.2,575
366874940,3.2507577,1.2407683,0.0,5.9,528
366874950,0.22514969,0.92507404,0.0,7.2,334
366874960,0.0006113537,0.00779838,0.0,0.1,1145
366875000,6.725645,6.7007256,0.0,14.9,659
366875020,0.51706785,1.5339626,0.0,6.7,457
366875040,0.60050404,1.8475144,0.0,7.5,992
366875850,0.0002739726,0.005234239,0.0,0.1,365
366876000,0.09642005,0.14263943,0.0,1.0,419
366876510,10.15,1.4200938,8.3,11.7,4
366876870,0.0,0.0,0.0,0.0,407
366877880,0.54,0.5899152,0.0,1.3,5
366877970,1.7653136,4.934827,0.0,22.2,813
366878280,1.4612758,4.9581523,0.0,24.4,1113
366878290,0.0,0.0,0.0,0.0,20
366878830,0.010599078,0.030853756,0.0,0.1,217
366879000,0.0,0.0,0.0,0.0,418
366879140,0.09571429,0.111155756,0.0,0.9,140
366879570,4.3736978,3.8841648,0.0,11.0,1152
366880470,0.025858952,0.18772377,0.0,4.0,1106
366880670,0.0019047619,0.019518001,0.0,0.2,105
366880750,4.381786,7.7645035,0.0,22.5,280
366880790,0.26158664,0.4743046,0.0,3.6,479
366881590,0.0,0.0,0.0,0.0,243
366884150,1.2775457,2.972847,0.0,9.2,383
366884240,2.5243967,3.3650155,0.0,10.0,1160
366885000,6.7868643,4.993488,0.0,11.6,1081
366885040,0.057142857,0.07492687,0.0,0.4,343
366886630,1.0360947,2.4606454,0.0,8.2,338
366887090,0.73939395,0.94800425,0.0,4.2,33
366887300,0.67962795,1.6383295,0.0,8.2,1129
366887510,0.009762533,0.03184667,0.0,0.3,758
366887820,0.10569801,0.13211039,0.0,0.6,351
366888760,1.9055555,2.4442286,0.0,9.7,36
366888770,0.7355856,1.4587369,0.0,8.0,222
366888800,0.17194244,0.80509436,0.0,10.9,1112
366888830,1.5234177,3.163805,0.0,9.7,474
366889000,0.9966921,3.0991464,0.0,15.4,393
366889080,6.942668,3.23274,0.0,12.3,832
366889830,0.05894428,0.36848345,0.0,3.9,341
366889850,0.0025641026,0.015874173,0.0,0.1,117
366890110,0.017339667,0.039743837,0.0,0.2,421
366890710,6.191105,5.1017265,0.0,12.8,1068
366890950,0.008,0.039455757,0.0,0.3,75
366891140,0.004228856,0.020149749,0.0,0.1,402
366891960,0.560877,2.269325,0.0,14.6,1163
366892000,2.533098,3.3901274,0.0,13.7,991
366892350,7.5848722,1.1166236,4.2,9.6,1137
366892470,0.016666668,0.037338585,0.0,0.1,264
366892660,0.024034334,0.08115912,0.0,1.3,1165
366893270,3.006316,6.904227,0.0,24.0,380
366893340,0.9,,0.9,0.9,1
366893910,4.6795416,4.8154893,0.0,11.2,1090
366895160,0.17431694,0.0606417,0.1,0.3,183
366895280,0.40064102,2.1297162,0.0,29.9,312
366896060,4.5383644,6.990139,0.0,26.9,1186
366896390,0.05569736,0.24432778,0.0,3.3,1097
366896710,0.30438596,0.27056703,0.0,2.0,342
366896730,0.0,0.0,0.0,0.0,410
366896750,5.784615,2.2464216,1.6,7.7,13
366897080,0.087919466,0.37684909,0.0,2.7,149
366897120,0.01764706,0.039295264,0.0,0.1,17
366897610,5.339032,4.0623846,0.0,10.3,310
366897820,1.8714671,3.5437658,0.0,13.9,1111
366897920,0.35839078,1.5583112,0.0,9.9,435
366898000,3.8590138,4.368971,0.0,9.7,588
366898190,8.85888,5.7800455,0.0,16.4,518
366898790,5.088793,7.293616,0.0,19.2,116
366898810,0.6349321,1.9117845,0.0,8.9,1105
366899260,1.2770414,4.556514,0.0,23.3,845
366899270,0.56854254,1.6136404,0.0,8.1,693
366899290,1.6178731,4.1238,0.0,22.1,1119
366899750,0.0045454544,0.021320071,0.0,0.1,22
366900670,0.010305344,0.030729778,0.0,0.2,1048
366902000,0.023615917,0.042490494,0.0,0.1,1156
366902120,3.4820814,3.620549,0.0,10.9,1105
366902260,7.5986304,1.6636951,4.5,9.7,1168
366902270,2.0073884,3.0190933,0.0,8.9,1164
366902320,12.854565,11.946924,0.0,27.5,471
366902570,7.6307106,8.044464,0.0,22.9,1055
366903920,0.044809688,0.05503921,0.0,0.4,1156
366904000,11.593463,1.04897,5.9,14.0,1025
366904090,1.0490196,3.3982036,0.0,15.5,357
366904350,0.065745,0.29873094,0.0,5.2,651
366904380,1.9031705,3.2274497,0.0,12.4,1167
366904590,5.167411,3.5786312,0.0,10.3,224
366904880,0.023866348,0.04323455,0.0,0.2,419
366904890,0.0014354067,0.011908802,0.0,0.1,418
366904910,7.3795123,4.920555,0.0,13.1,820
366904930,0.0,0.0,0.0,0.0,403
366904940,0.0002680965,0.0051731705,0.0,0.1,1119
366905340,0.7744,1.5822556,0.0,9.8,125
366905890,0.0,0.0,0.0,0.0,415
366906130,3.165532,4.404277,0.0,11.3,235
366906360,1.5567164,2.9869328,0.0,9.4,201
366906460,0.0,0.0,0.0,0.0,40
366906550,0.034134615,0.050902423,0.0,0.2,416
366908260,0.0002415459,0.0049147317,0.0,0.1,414
366908460,8.138597,6.696631,0.0,17.5,114
366908680,,,,,0
366909530,0.15949821,0.9066814,0.0,8.2,1116
366911650,0.039344262,0.091597036,0.0,1.8,671
366912290,3.307895,6.107244,0.0,22.0,532
366912570,0.0,0.0,0.0,0.0,82
366912920,5.9955883,3.4114158,0.0,9.7,136
366913770,3.337066,3.5524843,0.0,9.8,1152
366914180,0.0,0.0,0.0,0.0,26
366914190,5.9431252,5.6206117,0.0,14.0,160
366914210,5.4450455,5.1859555,0.0,13.6,111
366914410,1.1340983,2.4677296,0.0,10.6,305
366914420,1.4779736,2.7824593,0.0,9.1,227
366914430,0.86153847,2.3598633,0.0,11.1,481
366914750,0.022837706,0.041999098,0.0,0.1,1029
366914760,4.18865,6.119859,0.0,18.0,1163
366914770,2.5297704,5.112813,0.0,21.0,1132
366915910,14.496346,15.746795,0.0,34.6,219
366916250,0.01882248,0.044045895,0.0,0.3,1121
366916420,0.7568408,1.5027133,0.0,6.9,804
366916840,0.08948276,0.54760575,0.0,6.5,1160
366916860,0.0034300794,0.02331864,0.0,0.3,379
366916920,6.3865385,2.349703,0.0,9.0,312
366916940,1.7642612,2.9819527,0.0,8.9,582
366916960,7.0933332,0.303472,6.5,7.4,15
366917110,0.002,0.014142136,0.0,0.1,50
366917120,2.8309157,4.707043,0.0,12.4,1103
366917130,0.01044905,0.030602796,0.0,0.1,1158
366917160,3.3189096,2.236602,0.0,5.7,587
366917530,5.7304115,5.781416,0.0,13.8,1118
366918650,1.4248484,3.0369015,0.0,13.4,1155
366918840,0.02909091,0.106584564,0.0,0.6,55
366919160,3.4839082,0.73435205,2.4,5.2,87
366919170,4.076417,1.559046,0.0,6.7,441
366919210,0.04491393,0.28958127,0.0,2.8,639
366919230,2.6157508,1.8964885,0.0,4.9,546
366919640,0.0022508039,0.014856783,0.0,0.1,311
366919770,4.909859,4.3275375,0.0,12.1,781
366919940,2.4173017,4.586595,0.0,12.8,630
366920020,0.06828194,0.40592846,0.0,6.3,1135
366920250,1.106379,2.4409564,0.0,7.8,533
366920310,4.3761244,4.634669,0.0,11.8,289
366920340,1.4385027,3.720874,0.0,12.7,1122
366920510,2.3365698,4.0329475,0.0,14.3,1102
366920620,0.0064245807,0.024553347,0.0,0.1,358
366920840,2.2268722,5.8545156,0.0,26.5,1135
366920910,0.0007132668,0.009974494,0.0,0.2,701
366921050,6.1780405,3.5143492,0.0,11.9,592
366921080,1.5298599,3.043401,0.0,12.0,1142
366921290,0.0,0.0,0.0,0.0,388
366921420,0.07816594,0.5800547,0.0,6.9,1145
366921670,2.1987848,4.158547,0.0,12.0,576
366921740,1.9746097,3.0506625,0.0,9.1,961
366921780,3.7821283,4.313227,0.0,10.5,733
366921840,0.7171021,2.2290704,0.0,11.7,421
366922110,1.0355029,2.212692,0.0,10.8,338
366922220,0.0015873016,0.012598816,0.0,0.1,63
366923910,0.0004914005,0.009913632,0.0,0.2,407
366924230,0.0,0.0,0.0,0.0,6
366925000,0.17014135,0.9639528,0.0,10.9,1132
366926050,0.14441559,0.10371352,0.0,0.7,385
366926740,1.9543263,3.364852,0.0,10.7,705
366926990,0.0,,0.0,0.0,1
366927490,0.0073770494,0.026247496,0.0,0.1,122
366927640,0.042534724,0.43066213,0.0,9.7,1152
366927920,5.5625267,4.109122,0.0,11.2,467
366928930,0.06,0.18785013,0.0,2.5,220
366929330,0.05909091,0.0522233,0.0,0.2,396
366929710,7.018989,6.981099,0.0,16.7,653
366930000,0.7023091,2.4465294,0.0,15.9,1126
366932120,0.0005381166,0.007319162,0.0,0.1,1115
366932420,4.934597,2.501104,0.0,8.2,422
366932750,0.036125656,0.04809947,0.0,0.1,382
366932970,0.0,0.0,0.0,0.0,1211
366932980,0.0,0.0,0.0,0.0,358
366933130,0.0125,0.03535534,0.0,0.1,8
366933680,4.554067,2.5707653,0.0,7.5,836
366933730,0.4284602,1.493563,0.0,7.3,1156
366933870,,,,,0
366934000,0.022764228,0.04198798,0.0,0.1,369
366934030,0.014977974,0.038158663,0.0,0.2,227
366934050,3.8473105,2.3087983,0.0,7.1,818
366934290,0.0064748204,0.040207338,0.0,0.6,417
366934770,1.632,3.3125138,0.0,10.8,1125
366934780,1.888785,4.0705266,0.0,15.2,321
366934810,2.2972145,2.6727858,0.0,9.6,1077
366934890,8.627005,5.810813,0.0,16.8,611
366935050,0.59765625,1.7854085,0.0,7.7,1152
366935060,3.2238004,2.057971,0.0,6.1,1042
366935380,1.2,2.4207225,0.0,8.3,1172
366935390,9.6,0.90815604,6.9,12.9,199
366936660,3.96383,2.6172307,0.0,11.2,141
366936670,3.025,3.0543683,0.3,6.1,4
366936680,5.059388,0.903671,0.4,8.1,719
366936930,4.6705728,1.2301358,0.0,7.1,1152
366936950,1.2172662,1.8506532,0.0,7.2,139
366936980,0.036190476,0.04828563,0.0,0.1,105
366937030,8.472114,2.9051225,0.0,13.7,563
366937050,0.4951613,1.6736509,0.0,9.0,620
366937490,0.0,0.0,0.0,0.0,415
366937720,0.0,0.0,0.0,0.0,437
366938440,1.065617,3.2813487,0.0,15.6,1175
366938510,0.35309735,1.6490474,0.0,10.0,1130
366938710,0.0071770335,0.039737415,0.0,0.3,418
366938730,0.0,0.0,0.0,0.0,1116
366938760,0.0058191586,0.03376303,0.0,0.5,1117
366938770,0.00023980816,0.004897021,0.0,0.1,417
366938780,0.14894693,0.8078067,0.0,10.6,1187
366939080,2.373378,2.6954372,0.0,8.9,894
366939110,2.0817943,3.4575486,0.0,10.5,1137
366939170,1.607307,3.648862,0.0,15.2,479
366939330,4.4703298,2.5666015,0.0,11.5,91
366939580,0.005204461,0.025386104,0.0,0.2,269
366939710,2.1121693,3.743305,0.0,12.2,1134
366939750,0.6230838,2.1817327,0.0,14.1,1122
366939770,0.25983682,0.8309741,0.0,8.8,1103
366939780,1.9028547,2.7987418,0.0,8.5,1121
366939820,0.5132035,1.7542075,0.0,10.6,462
366939880,1.3174292,2.3197935,0.0,9.7,459
366940000,0.31766355,1.9206125,0.0,14.8,1070
366940630,0.032250002,0.06630179,0.0,0.7,400
366940860,1.071904,2.3932192,0.0,8.5,1082
366940990,0.0,0.0,0.0,0.0,2
366941210,0.03028169,0.054563954,0.0,0.2,142
366941830,0.83684784,1.9501516,0.0,7.3,920
366941850,2.7697854,3.6745763,0.0,8.8,652
366941860,3.482764,3.7782805,0.0,9.1,615
366941870,0.09090909,0.47797,0.0,3.9,473
366942080,0.16769366,1.1319487,0.0,9.4,1136
366942880,0.0,0.0,0.0,0.0,390
366943070,0.025,0.04665039,0.0,0.2,140
366943250,0.08798956,0.032550886,0.0,0.1,383
366943460,0.811658,2.0901449,0.0,13.0,1158
366943490,1.1311579,2.3730638,0.0,8.2,475
366943760,0.19168141,0.55447435,0.0,4.3,1130
366943910,4.80916,3.9863508,0.0,9.6,131
366943940,1.1428134,5.1229424,0.0,25.9,327
366943960,2.6692307,6.615927,0.0,26.8,494
366943970,1.8846965,5.838825,0.0,26.2,379
366944080,0.0003257329,0.0057073017,0.0,0.1,307
366945000,0.0,0.0,0.0,0.0,425
366945050,2.3989637,4.360774,0.0,13.8,1158
366945360,0.009779952,0.029740717,0.0,0.1,409
366945650,3.7185547,1.7138181,0.0,6.7,1024
366946000,0.0,0.0,0.0,0.0,423
366946030,0.920202,1.4382515,0.0,5.9,99
366946090,0.0,0.0,0.0,0.0,404
366946710,0.0,0.0,0.0,0.0,3
366946760,2.3267686,4.1190996,0.0,12.7,523
366946840,0.00061349693,0.007832604,0.0,0.1,163
366946850,1.3556397,2.611702,0.0,7.9,1188
366947090,0.0,0.0,0.0,0.0,30
366947250,0.002843602,0.016641224,0.0,0.1,422
366947510,0.46541438,1.2269951,0.0,9.0,905
366947620,0.00036764707,0.006055018,0.0,0.1,1088
366947630,0.0,0.0,0.0,0.0,294
366947650,0.0,0.0,0.0,0.0,118
366947980,0.00023584906,0.0048564295,0.0,0.1,424
366948020,0.0041742288,0.020009048,0.0,0.1,1102
366948280,1.7398058,2.5519059,0.0,6.2,103
366948310,2.9112933,3.9024954,0.0,10.3,549
366948840,0.7115196,1.9021621,0.0,9.8,408
366950050,0.0,0.0,0.0,0.0,410
366950140,8.849557e-05,0.0029748206,0.0,0.1,1130
366950410,8.874111,7.7246284,0.0,22.8,197
366950440,0.11256656,0.49175692,0.0,8.6,939
366950740,11.987143,1.2894058,2.8,13.7,140
366951000,0.07250674,0.059265066,0.0,0.5,371
366951060,3.2541666,1.4981333,0.0,4.9,96
366951080,0.0030303032,0.02739138,0.0,0.4,396
366951110,0.9710482,2.165181,0.0,11.2,1164
366951230,8.911765,2.4203482,3.9,11.1,170
366951350,7.4823527,0.4376576,6.6,8.3,17
366951590,0.47383818,2.3455834,0.0,19.1,1162
366951720,2.2708662,3.0567186,0.0,9.8,508
366951820,2.4261603,1.5389467,0.0,8.5,711
366952000,0.058100563,0.052166197,0.0,0.2,358
366952340,0.26981708,1.0248979,0.0,7.0,656
366952360,2.631904,3.5075507,0.0,9.9,1166
366952790,7.448699,7.05128,0.0,18.3,1191
366952890,4.388167,6.538293,0.0,18.0,1124
366953850,0.00048661802,0.006967289,0.0,0.1,411
366953860,4.3198237,1.327462,0.0,7.2,1135
366953870,5.375544,5.140306,0.0,12.9,781
366953880,4.4257054,3.3314114,0.0,9.1,638
366953910,5.02069,0.74746144,3.4,7.1,116
366953920,0.00035335688,0.0059391204,0.0,0.1,566
366953930,0.0037533515,0.01901501,0.0,0.1,1119
366953940,0.005491025,0.022792535,0.0,0.1,947
366954010,4.226246,3.8296466,0.0,8.5,1204
366954120,0.37303665,1.1586759,0.0,7.8,1146
366954130,3.2303557,3.2282684,0.0,10.3,1153
366954160,0.34995663,1.2828741,0.0,11.1,1153
366954170,1.5936731,2.9171972,0.0,11.4,1138
366954180,0.0,0.0,0.0,0.0,1120
366954190,0.4645273,1.4003159,0.0,10.7,1153
366954210,0.012204008,0.09725713,0.0,2.7,1098
366954420,10.681212,12.227604,0.0,28.1,330
366955030,0.01724138,0.046820063,0.0,0.2,29
366955430,0.17320658,0.10493615,0.0,0.6,1157
366955460,1.2793103,2.574688,0.0,9.8,435
366955670,0.011463845,0.11998444,0.0,2.1,1134
366956790,0.2137069,0.7462255,0.0,8.4,1160
366957000,0.0,0.0,0.0,0.0,389
366957490,5.176486,8.845187,0.0,28.5,1144
366958650,2.9917345,4.8127055,0.0,15.9,859
366958670,4.117399,6.0115027,0.0,15.2,569
366958910,0.20848806,0.9020556,0.0,5.9,377
366959080,3.3,,3.3,3.3,1
366959090,1.2629853,2.0543022,0.0,7.8,1159
366959780,0.0010471204,0.010205926,0.0,0.1,191
366959840,1.1214889,2.1517758,0.0,7.5,1182
366960270,0.004773869,0.021348119,0.0,0.1,398
366960370,0.00023255814,0.0048224283,0.0,0.1,430
366960410,0.06897507,0.35525832,0.0,4.2,1083
366960460,3.011502,2.9180717,0.0,7.5,1165
366960890,0.0097582815,0.029688267,0.0,0.1,1117
366961130,3.0856707,2.8414917,0.0,7.6,328
366961220,0.0072727273,0.026985547,0.0,0.2,385
366961230,1.4602215,2.6834264,0.0,12.5,1174
366961250,1.2811856,2.5619879,0.0,12.0,1164
366961280,2.5793104,2.5189571,0.0,7.5,1160
366961419,0.00024096385,0.004908807,0.0,0.1,415
366961420,3.7191343,2.0133324,0.0,7.8,1155
366961430,0.881266,1.8811929,0.0,12.5,1169
366961440,0.4624454,1.4225657,0.0,11.6,1145
366961450,7.8602943,2.5977151,0.4,11.3,340
366961460,0.76729614,1.896344,0.0,11.3,1165
366961470,9.166871,1.5029314,2.1,11.5,815
366961480,1.7837838,3.3081355,0.0,9.0,518
366961490,9.231507,1.0152828,7.3,10.8,73
366961510,0.05,0.07071068,0.0,0.1,2
366961530,3.589375,2.0881617,0.0,6.2,640
366961550,2.493178,4.61363,0.0,12.6,1158
366961560,0.0,0.0,0.0,0.0,360
366961660,0.9489619,1.943614,0.0,6.1,1156
366961670,0.49488732,1.5164378,0.0,7.2,1154
366961810,0.002143951,0.014495529,0.0,0.1,653
366961860,0.0,0.0,0.0,0.0,39
366961890,0.0375,0.051754918,0.0,0.1,8
366962000,12.428169,1.3776002,5.6,14.2,142
366962010,1.3354365,2.299437,0.0,7.2,1157
366962220,0.3837443,1.5027612,0.0,11.2,1095
366962950,0.0,,0.0,0.0,1
366962960,0.001710731,0.012977227,0.0,0.1,643
366962970,0.0,0.0,0.0,0.0,225
366962980,1.1079069,1.950072,0.0,7.4,430
366963010,0.0,0.0,0.0,0.0,648
366963030,2.952472,1.3022,0.0,5.3,627
366963050,1.6105263,2.4066637,0.0,5.4,57
366963060,2.0458202,2.8856647,0.0,10.7,945
366963070,0.017719569,0.17482895,0.0,3.1,649
366963150,0.069767445,0.046470083,0.0,0.1,43
366963160,0.77169317,1.8955253,0.0,6.5,378
366963250,1.8220065,1.7647251,0.0,4.5,309
366963280,3.8,4.3840623,0.7,6.9,2
366963330,0.0008368201,0.009128549,0.0,0.1,239
366963360,6.197179,2.2373526,0.0,10.0,319
366963380,0.30582824,1.0387262,0.0,6.6,652
366963390,0.0,0.0,0.0,0.0,635
366963420,4.4962964,2.8698106,0.0,7.6,243
366963460,0.09462366,0.6272666,0.0,5.5,651
366963470,3.134659,2.9048321,0.0,8.4,176
366963490,0.75166965,2.5853968,0.0,11.2,1138
366963520,3.3818576,4.0821824,0.0,10.1,1152
366963830,1.2838235,2.2728374,0.0,11.5,1156
366963850,0.0026747198,0.016141333,0.0,0.1,1159
366963860,0.8414422,2.1416883,0.0,12.7,1151
366963910,3.495349,1.867162,0.0,7.0,172
366963980,8.320408,8.64556,0.0,23.2,686
366964110,1.3733563,2.1382113,0.0,7.2,1156
366964380,0.006353591,0.0244262,0.0,0.1,362
366964910,3.7444446,3.322512,0.0,7.9,18
366966070,0.53113455,1.5288172,0.0,6.9,379
366966210,5.3902564,3.5706017,0.0,8.8,975
366966550,0.0017070979,0.012959418,0.0,0.1,1113
366967350,1.3554258,2.8641267,0.0,8.8,857
366967360,0.28108808,1.2677557,0.0,8.1,1158
366967450,0.013240418,0.033907738,0.0,0.1,1148
366967470,1.4851853,1.9981936,0.0,9.6,81
366967480,5.783866,2.252539,0.0,8.6,626
366967510,0.0008802817,0.009349179,0.0,0.1,568
366967530,1.0031626,1.7197913,0.0,6.6,664
366967550,1.43951,2.016314,0.0,5.6,653
366967580,3.5714285,1.6119238,0.0,6.3,273
366967590,0.0017391305,0.025996616,0.0,0.6,1150
366967620,3.6861634,2.3590615,0.0,6.8,318
366967630,0.009020618,0.028684681,0.0,0.1,388
366967640,0.82497776,1.8970215,0.0,11.1,1125
366967650,2.0569894,2.2592382,0.0,5.4,1116
366967660,0.0020689657,0.014283662,0.0,0.1,145
366967690,3.9986463,3.4199264,0.0,8.5,591
366967710,1.0421916,2.277491,0.0,10.7,1159
366967720,3.2,,3.2,3.2,1
366967810,0.45669514,1.2368953,0.0,4.5,1053
366968740,5.1060996,8.874768,0.0,29.6,1164
366969110,0.0,0.0,0.0,0.0,414
366969140,1.572617,2.4575803,0.0,7.6,1154
366969450,3.3717842,3.8219805,0.0,11.9,241
366969670,1.6236532,2.8148518,0.0,9.1,1188
366969740,1.485854,2.8425162,0.0,7.9,1124
366969780,1.8505225,3.3983014,0.0,11.4,287
366969970,7.906571,8.172956,0.0,22.1,624
366969980,0.023681859,0.042532012,0.0,0.1,1119
366970020,11.653211,14.765326,0.0,38.7,218
366970120,4.3613677,4.549856,0.0,12.4,541
366970140,1.0,0.7529336,0.1,3.8,56
366970330,3.2830477,0.7311226,1.0,6.6,525
366970360,0.0071559637,0.106775016,0.0,1.9,545
366970430,1.743,4.0695176,0.0,20.1,500
366970760,0.001908397,0.013695096,0.0,0.1,524
366970770,1.2753065,2.2526338,0.0,9.9,1142
366970790,2.677106,2.9775486,0.0,8.8,463
366970820,1.5972756,2.4948633,0.0,10.7,624
366971000,0.0,0.0,0.0,0.0,418
366971280,7.0093865,10.958935,0.0,30.1,799
366971330,6.4997425,6.530525,0.0,13.5,1165
366971360,6.502634,6.920116,0.0,14.9,1139
366971370,5.514335,6.432776,0.0,13.7,579
366971520,2.7403908,3.0169284,0.0,8.2,614
366972000,0.01702638,0.17805785,0.0,2.9,417
366972020,7.45,5.88485,0.0,12.6,702
366972040,1.1616725,1.7645333,0.0,5.9,1148
366972260,7.241513,2.0515769,0.0,11.1,1084
366972270,0.0017499999,0.035,0.0,0.7,400
366972280,1.1839548,2.580444,0.0,9.3,1153
366972410,1.4182369,2.094982,0.0,7.3,1157
366972430,0.17095938,0.7145329,0.0,4.0,1157
366972620,2.5734491,3.7187173,0.0,10.6,806
366972910,0.13351111,0.75086343,0.0,6.6,1125
366972930,0.4267203,1.3268155,0.0,7.1,1119
366973420,4.540581,2.9712808,0.0,8.3,1136
366973450,1.5390596,2.6978512,0.0,8.0,1106
366973710,3.5034482,4.688625,0.0,12.6,29
366973730,2.3777778,3.442966,0.0,10.6,63
366973830,0.0,0.0,0.0,0.0,7
366974120,3.2329316,3.1263661,0.0,7.7,498
366975190,2.6014085,3.365306,0.0,8.6,71
366975420,0.0018957346,0.013669867,0.0,0.1,211
366975750,0.055,0.06048053,0.0,0.2,20
366975760,5.5682983,4.867782,0.0,13.5,429
366975990,4.8643346,4.0194793,0.0,10.6,586
366976870,0.3706134,1.6283535,0.0,10.7,701
366976920,3.3121045,3.865927,0.0,10.4,727
366976930,0.016707616,0.17038342,0.0,2.6,407
366976990,3.4403162,3.53135,0.0,8.1,253
366977020,2.378788,3.0587497,0.0,7.1,990
366977040,7.9124546,4.6733828,0.0,12.8,273
366977070,8.728889,3.6364255,0.0,13.2,315
366977150,6.122796,3.8634157,0.0,12.4,930
366977170,5.0910716,4.172855,0.0,12.8,1120
366977270,0.0,0.0,0.0,0.0,4
366977290,0.054775283,0.32319656,0.0,5.3,356
366977380,10.045834,0.6494004,8.6,11.0,24
366977480,1.6520332,2.83185,0.0,13.3,1205
366977710,6.517683,0.51848483,5.4,7.7,164
366977850,3.2245162,5.6693335,0.0,17.4,155
366978030,3.2760737,2.6824176,0.0,7.6,326
366978060,0.0008810573,0.009349143,0.0,0.1,1135
366978110,10.361905,0.520477,9.5,12.1,273
366978210,2.5929596,4.4798794,0.0,13.3,696
366978440,0.0033820842,0.018085046,0.0,0.1,1094
366978490,2.8446887,2.883915,0.0,10.4,273
366978690,0.47131294,1.7348119,0.0,8.5,1112
366978720,0.6911007,1.8913481,0.0,6.9,427
366978910,1.0980732,2.126319,0.0,10.7,519
366979030,0.5327322,1.4129883,0.0,8.4,1109
366979080,0.17348066,0.46315768,0.0,5.1,181
366979150,0.01119403,0.031647608,0.0,0.1,134
366979270,0.0,0.0,0.0,0.0,653
366979330,1.5526547,2.718901,0.0,12.3,678
366979360,2.4738445,3.6361542,0.0,12.2,952
366979370,0.0007368421,0.008556772,0.0,0.1,950
366980160,1.4363637,2.433217,0.0,6.5,11
366980180,9.314121,1.463447,1.1,13.0,779
366980230,0.6547471,1.9429684,0.0,11.0,1127
366980250,0.06162688,0.054322917,0.0,0.3,1131
366980760,0.18333334,0.2562551,0.0,0.6,6
366981080,1.5286274,2.5462966,0.0,8.0,255
366981360,5.228011,4.9440694,0.0,13.7,357
366981740,0.50372493,2.0797842,0.0,11.2,1047
366981910,0.93956614,2.6219175,0.0,11.4,968
366982000,1.3115879,0.97575134,0.0,4.8,1165
366982170,0.6516785,2.2460907,0.0,11.3,983
366982180,0.9794772,2.7199495,0.0,11.5,1033
366982270,0.07973094,0.46280107,0.0,9.4,1115
366982320,0.61512756,2.0205197,0.0,10.3,1137
366982340,0.36956906,1.6764596,0.0,10.6,1137
366982350,3.4811594,5.218772,0.0,20.9,966
366982430,2.2,1.5796708,0.1,6.6,126
366982810,0.010806023,0.033793367,0.0,0.3,1129
366982920,4.8500004,0.070710614,4.8,4.9,2
366983070,0.0,,0.0,0.0,1
366983080,0.8789565,2.1610749,0.0,12.8,1150
366983090,0.0017766497,0.03526549,0.0,0.7,394
366983110,2.00291,4.3755784,0.0,16.8,756
366983140,0.85246915,2.1122398,0.0,13.1,810
366983260,5.9587693,3.8191879,0.4,12.6,325
366983270,1.4777385,3.317259,0.0,14.7,1132
366983370,6.2179856,3.7036655,0.0,9.8,139
366983440,0.0,0.0,0.0,0.0,415
366983460,3.6459277,3.5532856,0.0,13.7,884
366983480,1.274252,3.2742896,0.0,14.9,936
366983530,0.05894834,0.052834705,0.0,0.3,1084
366983680,1.0892112,2.16067,0.0,8.7,1103
366983730,0.0,0.0,0.0,0.0,33
366983830,10.238976,12.381384,0.0,30.9,703
366983840,11.268182,0.23993477,10.6,11.8,44
366984180,2.7763286,1.8093048,0.0,5.4,621
366984240,10.497436,0.5086286,9.2,11.7,156
366984250,3.9027984,2.6019208,0.0,6.8,536
366984260,2.4310558,2.2292726,0.0,7.1,483
366984270,3.230268,1.0628265,0.0,4.7,522
366984280,3.5443103,1.9888599,0.0,9.3,580
366984310,0.63554007,2.084344,0.0,11.2,1148
366984320,5.595804,1.1001246,0.0,8.5,858
366984330,4.3203645,3.0853097,0.0,8.8,604
366984340,0.29162562,0.2825437,0.0,3.8,406
366984350,0.0077933455,0.03905814,0.0,0.5,1142
366984390,3.1323652,2.0732698,0.0,7.4,241
366984420,0.2707819,1.0441839,0.0,5.8,486
366984440,1.5945946,1.8470616,0.0,6.1,37
366984540,8.95,0.07071095,8.9,9.0,2
366984840,1.0341861,2.4253745,0.0,10.2,430
366984850,1.9373577,1.9723154,0.0,6.1,878
366984870,4.560648,0.7700469,1.3,6.6,432
366984880,2.4158201,1.9928424,0.0,6.1,689
366984910,2.6834848,2.4475281,0.0,7.9,660
366984920,11.304054,1.0081095,9.0,12.7,74
366984940,3.5072598,3.993324,0.0,9.4,427
366984960,4.644061,2.6149528,0.0,7.4,522
366984970,2.769741,1.8528808,0.0,5.0,618
366984990,1.9094892,1.9380283,0.0,7.3,274
366985000,0.0,0.0,0.0,0.0,422
366985050,3.7974358,4.4810524,0.0,11.2,429
366985270,5.662844,4.9785666,0.0,14.5,218
366985310,5.150178,6.2419896,0.0,15.9,281
366986130,0.0064230347,0.08722595,0.0,1.9,903
366986160,0.015201465,0.15152042,0.0,2.7,1092
366986260,9.092786,3.7477472,0.0,13.2,402
366986310,0.00043630018,0.0065937545,0.0,0.1,1146
366986320,0.0052585453,0.022330232,0.0,0.1,1141
366986330,2.2880383,2.8701975,0.0,10.2,418
366986380,0.0016784453,0.012851975,0.0,0.1,1132
366986430,0.8822464,1.9791132,0.0,9.4,552
366986450,1.1624329,2.2578065,0.0,8.9,559
366986460,2.3300164,1.3686545,0.0,6.7,613
366986570,0.0017021276,0.01296266,0.0,0.1,235
366986670,2.7166955,2.9575028,0.0,7.4,1150
366986680,2.5239003,2.7174697,0.0,8.9,682
366986710,2.5181365,3.2592835,0.0,8.3,805
366986770,0.975,2.555501,0.0,10.7,612
366986780,1.8398907,2.623315,0.0,10.3,549
366986810,0.0001529052,0.0039103096,0.0,0.1,654
366986820,1.7048633,2.6390593,0.0,10.5,658
366986830,0.041176468,0.049955416,0.0,0.1,34
366986840,0.0,0.0,0.0,0.0,656
366986850,,,,,0
366987000,0.0,0.0,0.0,0.0,437
366987010,0.0,0.0,0.0,0.0,651
366987470,0.0,0.0,0.0,0.0,5
366987890,7.2178326,4.406757,0.0,12.1,572
366987910,0.010256411,0.03715131,0.0,0.3,351
366988020,0.0029850747,0.017060034,0.0,0.1,201
366988190,2.616944,2.3553133,0.0,6.4,661
366988260,0.7658643,1.6960529,0.0,8.5,457
366988310,0.0016042781,0.012569603,0.0,0.1,1122
366988420,4.3703704,5.2490773,0.0,11.7,594
366988450,2.7540584,2.977643,0.0,11.7,616
366988530,4.005655,3.4970517,0.0,8.6,336
366988540,0.0023474179,0.048450157,0.0,1.0,426
366988580,2.308527,2.931768,0.0,10.7,1161
366988710,3.6513956,3.6836948,0.0,9.8,609
366988760,3.4496295,2.7976973,0.0,6.6,405
366988770,0.9474764,1.8915882,0.0,8.6,634
366988930,2.9303057,4.286614,0.0,10.8,1112
366988970,0.0018901891,0.015481189,0.0,0.2,1111
366989120,6.8571696,8.28384,0.0,21.4,537
366989170,4.185,1.9813007,0.0,9.4,20
366989220,2.379966,2.98359,0.0,9.1,589
366989280,0.0,0.0,0.0,0.0,221
366989360,0.01826923,0.22095713,0.0,3.8,416
366989380,0.039906103,0.39294243,0.0,5.1,426
366989480,3.256142,5.253549,0.0,13.2,1156
366989640,6.1,2.0388758,0.0,8.4,68
366989820,0.07044464,0.36810926,0.0,4.1,1147
366989830,0.19775827,0.8592821,0.0,9.7,1026
366989870,0.022817764,0.2517729,0.0,4.3,653
366989930,0.0453125,0.33979434,0.0,5.2,1152
366989940,4.263764,1.4961246,0.0,6.4,643
366989960,9.601613,0.55144876,8.0,11.1,62
366989970,3.2759068,1.0563425,0.0,4.8,386
366989990,1.7477833,1.4773145,0.0,3.9,1015
366990010,0.59054726,1.5045798,0.0,7.2,201
366990020,2.448932,2.6893315,0.0,6.4,515
366990030,2.475084,4.0020337,0.0,10.3,594
366990040,2.4428573,2.8076427,0.0,7.5,7
366990360,1.3696804,2.7362242,0.0,9.3,1095
366990450,1.198366,2.061977,0.0,6.1,612
366990520,10.573071,13.928964,0.0,38.2,635
366990540,6.3038187,6.5641026,0.0,19.3,838
366990560,6.171394,5.299982,0.0,15.7,825
366990570,3.3708332,4.0572925,0.0,11.3,312
366991080,0.01039519,0.030532932,0.0,0.1,1164
366991110,0.0030927837,0.055084288,0.0,1.6,1164
366991260,2.125215,2.8159492,0.0,9.4,1162
366991740,5.6418047,7.724337,0.0,25.9,1208
366991750,0.0007575758,0.00868732,0.0,0.1,264
366991790,0.047368422,0.26380613,0.0,5.2,1159
366991820,0.001098901,0.010433284,0.0,0.1,637
366991860,1.9628571,2.802767,0.0,11.9,595
366992040,0.76866317,2.4016535,0.0,10.3,1152
366992070,4.0068183,3.7296202,0.0,10.3,264
366992110,0.00027855154,0.005277798,0.0,0.1,359
366992890,0.0028257458,0.016583772,0.0,0.1,637
366992950,0.0,0.0,0.0,0.0,167
366993010,3.525,2.988171,0.0,6.6,4
366993020,1.0774803,2.4660497,0.0,8.5,635
366993250,1.4711679,2.8587778,0.0,8.1,1096
366993270,3.2116256,2.8465996,0.0,8.2,972
366993380,0.19828519,0.8188976,0.0,8.8,1108
366993420,0.00079225353,0.008869438,0.0,0.1,1136
366993470,0.66987956,2.1656823,0.0,8.6,83
366993510,0.00047169812,0.006859905,0.0,0.1,424
366993550,1.0762271,1.6900002,0.0,5.8,652
366993660,1.7769766,2.4736805,0.0,12.0,1151
366993820,1.60625,2.4571438,0.0,6.5,80
366993880,4.6674824,3.137763,0.0,9.9,858
366993970,4.322222,2.6171954,0.0,7.8,1116
366994190,1.9052265,2.339004,0.0,7.0,1148
366994250,0.060037006,0.05140254,0.0,0.2,1081
366994450,0.0,0.0,0.0,0.0,414
366994750,1.4353563,2.6872053,0.0,10.5,1137
366994920,2.4182806,5.87469,0.0,23.6,1105
366995010,1.2660489,2.8469684,0.0,12.5,1187
366995180,0.09931663,0.5244475,0.0,4.4,439
366995190,3.419101,2.803262,0.0,8.9,178
366995230,0.009459459,0.030131496,0.0,0.2,1184
366995260,0.3387931,1.1468508,0.0,10.0,1160
366995290,2.333157,2.6967788,0.0,6.8,757
366995360,1.7605042,2.4364805,0.0,10.8,1190
366995370,1.71379,2.8928237,0.0,11.0,1153
366995450,1.0934525,2.0340881,0.0,12.0,1176
366995460,0.44273433,1.3507333,0.0,6.4,1163
366995470,0.003125,0.017412873,0.0,0.1,640
366995550,2.4086142,1.4055612,0.0,4.1,267
366995560,0.0,0.0,0.0,0.0,15
366995590,0.4452846,1.4956105,0.0,8.0,1177
366995670,1.5110183,2.5739644,0.0,8.3,1198
366995730,0.67332757,1.5882863,0.0,7.5,1151
366995820,0.00016977929,0.004120428,0.0,0.1,589
366995830,5.679307,5.500844,0.0,12.8,1010
366995840,1.4403142,2.4690952,0.0,8.0,573
366995910,0.90693974,1.9627136,0.0,7.8,1196
366996040,6.226105,2.9981415,0.0,8.9,475
366996080,0.14455612,0.6179839,0.0,4.4,597
366996120,0.0,0.0,0.0,0.0,247
366996140,0.28095236,1.0881463,0.0,6.8,1176
366996190,0.023768367,0.042787496,0.0,0.2,1157
366996290,0.28532654,0.93361855,0.0,6.4,1179
366996340,0.32265145,1.2538221,0.0,7.4,1139
366996360,5.7471147,2.6531298,0.0,10.1,1161
366996380,1.7741071,3.0568273,0.0,8.9,336
366996420,4.9334793,1.2906618,0.0,7.7,1141
366996490,0.14977477,0.69929016,0.0,7.3,444
366996510,0.64125323,1.8040905,0.0,7.8,1149
366996570,0.7116432,1.5707906,0.0,7.0,1065
366996610,0.74768716,1.9033964,0.0,7.6,1189
366996630,0.065029636,0.40150747,0.0,5.2,1181
366996690,4.52973,1.1049955,0.0,6.5,148
366996720,1.5587828,2.5740802,0.0,7.4,723
366996740,1.8532144,1.4046016,0.0,7.1,560
366996790,0.64225835,1.7416416,0.0,9.3,1169
366996830,0.06169666,0.0530206,0.0,0.2,1167
366996910,1.6742043,2.7888303,0.0,11.1,1194
366997220,4.904819,0.5231036,2.2,6.3,1162
366997240,1.0223819,2.1077487,0.0,8.1,487
366997280,0.0,0.0,0.0,0.0,235
366997360,0.0,0.0,0.0,0.0,436
366997390,0.0,0.0,0.0,0.0,418
366997410,0.020203894,0.16064444,0.0,2.5,1079
366997420,0.013888889,0.03460977,0.0,0.1,648
366997430,0.44050303,0.92896044,0.0,8.6,1153
366997470,0.007845433,0.027336547,0.0,0.2,854
366997690,2.2937768,3.0102391,0.0,9.4,1173
366997710,2.2821772,2.6187656,0.0,9.5,1139
366997730,0.0,0.0,0.0,0.0,374
366997750,3.1858714,2.9827893,0.0,8.0,1182
366997760,0.8705117,2.0079308,0.0,12.7,1153
366997780,1.1829268,2.347999,0.0,12.2,1148
366997820,0.9554054,1.8360292,0.0,10.5,1110
366997830,1.3322881,2.4917266,0.0,12.1,1180
366997840,0.0012006861,0.010896274,0.0,0.1,1166
366997880,3.0126057,3.901625,0.0,13.8,1182
366997920,2.4949152,2.5340948,0.0,7.0,1180
366997930,1.8810625,3.073741,0.0,11.6,1167
366997940,0.0,0.0,0.0,0.0,1132
366998020,0.74693507,2.4008474,0.0,12.7,1093
366998040,1.1357774,1.2178241,0.0,5.2,1132
366998050,0.22219342,1.0687596,0.0,7.8,1158
366998080,3.8597584,4.2310805,0.0,10.5,1158
366998090,3.7493322,2.510354,0.0,9.0,1123
366998110,1.0988195,2.056768,0.0,10.6,1186
366998130,2.0183897,2.4809318,0.0,10.7,1180
366998170,0.005555556,0.022936502,0.0,0.1,378
366998510,0.4769982,2.030053,0.0,12.5,1126
366998520,9.041592e-05,0.003006924,0.0,0.1,1106
366998680,0.00049751246,0.0070446557,0.0,0.1,402
366998830,1.147379,2.3468366,0.0,8.3,992
366998840,1.2298001,2.6097553,0.0,10.1,1000
366998890,0.4564169,1.5661986,0.0,7.9,1161
366998910,0.48105082,1.5252764,0.0,7.9,1161
366999148,21.382353,18.95736,0.0,39.8,34
366999275,0.00054005405,0.007332267,0.0,0.1,1111
366999276,0.0,,0.0,0.0,1
366999283,0.31228068,0.87954336,0.0,3.8,57
366999296,0.01827957,0.03912836,0.0,0.2,1116
366999330,0.03908275,0.3370471,0.0,5.1,1003
366999387,0.12691131,0.7259428,0.0,6.4,654
366999388,8.38223e-05,0.002895208,0.0,0.1,1193
366999404,0.045333333,0.051432252,0.0,0.2,375
366999409,0.01875,0.040311288,0.0,0.1,16
366999411,2.977838,0.86627364,0.0,4.6,185
366999412,4.3348904,4.76199,0.0,15.5,364
366999413,6.759788,3.556609,0.0,12.1,378
366999414,6.0663233,2.8928032,0.0,12.0,291
366999422,5.9892774,4.446029,0.0,13.5,429
366999423,0.0,0.0,0.0,0.0,1186
366999429,0.0,0.0,0.0,0.0,52
366999450,0.0,,0.0,0.0,1
366999493,0.008333334,0.028867515,0.0,0.1,12
366999501,0.022921916,0.049782623,0.0,0.5,397
366999502,0.016153846,0.036831032,0.0,0.1,650
366999504,0.019444443,0.04013865,0.0,0.1,36
366999506,0.056250002,0.05077927,0.0,0.2,192
366999507,0.05958904,0.073886,0.0,0.3,146
366999508,0.0,0.0,0.0,0.0,13
366999512,2.0758622,3.0384114,0.0,8.0,725
366999513,0.0,0.0,0.0,0.0,356
366999514,3.8890135,4.648077,0.0,12.8,446
366999515,0.02173913,0.041702885,0.0,0.1,46
366999518,0.1,0.0,0.1,0.1,12
366999519,0.0108,0.031100305,0.0,0.1,250
366999521,0.0018437225,0.015292353,0.0,0.2,1139
366999523,2.4538302,4.004531,0.0,15.1,483
366999524,0.0008143322,0.010654965,0.0,0.2,614
366999527,0.014248021,0.04250928,0.0,0.5,379
366999528,0.011816192,0.045285817,0.0,0.8,914
366999529,0.006845238,0.026443742,0.0,0.2,336
366999565,0.0,,0.0,0.0,1
366999604,0.0,0.0,0.0,0.0,380
366999611,0.00023419205,0.0048393393,0.0,0.1,427
366999613,0.029357798,0.05660577,0.0,0.3,109
366999614,0.0,0.0,0.0,0.0,355
366999615,5.1878724,7.8006864,0.0,21.2,470
366999618,2.717037,6.3887568,0.0,22.9,270
366999619,0.0,0.0,0.0,0.0,282
366999621,0.0,0.0,0.0,0.0,437
366999630,0.0,0.0,0.0,0.0,391
366999636,0.0,0.0,0.0,0.0,254
366999640,0.00048426152,0.00695044,0.0,0.1,413
366999643,1.7831831,2.6651282,0.0,8.1,333
366999645,0.0073954985,0.026211938,0.0,0.1,311
366999652,0.0,0.0,0.0,0.0,422
366999701,0.00017528485,0.004184867,0.0,0.1,1141
366999708,0.020924576,0.04987909,0.0,0.4,411
366999710,0.30997375,1.3692123,0.0,8.4,381
366999713,0.0,0.0,0.0,0.0,1046
366999819,0.083333336,0.09831921,0.0,0.2,6
366999858,10.913711,5.125621,0.0,23.8,671
366999970,0.018731989,0.039805964,0.0,0.2,347
366999971,0.033333335,0.05773503,0.0,0.1,3
366999973,0.0128125,0.035298493,0.0,0.2,320
366999974,3.208299,4.5078835,0.0,11.0,241
366999975,0.005316456,0.022464605,0.0,0.1,395
366999977,5.3416553,4.7747397,0.0,13.6,737
366999979,0.2260241,0.3206234,0.0,2.8,415
366999980,0.029675812,0.047876347,0.0,0.2,401
366999981,10.779055,1.9582444,0.5,14.5,592
366999982,0.067195766,0.04975344,0.0,0.2,378
366999983,0.06666667,0.052822933,0.0,0.2,357
366999984,5.518209,5.531169,0.0,13.3,335
366999985,2.258882,3.5478594,0.0,12.5,501
367000120,4.237936,6.230499,0.0,16.8,717
367000140,5.7743745,6.678798,0.0,17.3,839
367000150,4.587797,6.287112,0.0,17.9,967
367000160,4.9726562,4.0027876,0.0,10.0,256
367000620,0.0,0.0,0.0,0.0,1158
367000660,4.983333,3.341935,0.0,8.4,18
367000980,2.4126582,3.5494804,0.0,10.0,79
367001310,1.1348454,2.132221,0.0,7.0,485
367001510,0.0022988506,0.015008251,0.0,0.1,348
367001540,0.82937604,1.6005133,0.0,6.6,1154
367001570,4.4157176,3.7069666,0.0,8.3,439
367001580,1.3779944,2.6069622,0.0,8.9,718
367001730,3.0520725,4.682516,0.0,14.4,1158
367001740,1.0103735,4.0497656,0.0,26.9,241
367001820,0.30651408,1.0976193,0.0,7.9,1136
367001830,2.7109375,3.7794867,0.0,11.7,1152
367001890,0.06154514,0.058851223,0.0,0.3,1152
367001940,4.3632975,2.1344557,0.0,7.8,1019
367001950,0.28389263,1.0193905,0.0,5.5,447
367002050,1.2251681,2.4852836,0.0,7.8,1041
367002060,2.677316,3.775051,0.0,11.1,1155
367002070,5.409633,2.3664064,0.0,7.3,1090
367002110,0.0,0.0,0.0,0.0,443
367002130,0.00093457947,0.009633345,0.0,0.1,428
367002220,0.0967943,0.70698607,0.0,7.0,1123
367002270,5.1518636,5.5448585,0.0,12.8,617
367002380,0.15348431,0.8714274,0.0,8.5,574
367002470,0.4050132,1.3225434,0.0,5.5,1137
367002480,0.7366667,1.3904262,0.0,5.6,180
367002530,0.016786572,0.039299577,0.0,0.3,417
367002540,0.00046153847,0.0067831865,0.0,0.1,650
367002580,0.0,0.0,0.0,0.0,41
367002630,0.0013157895,0.011400073,0.0,0.1,1140
367002660,0.45299375,1.6239398,0.0,7.8,1119
367002980,0.917029,2.3051484,0.0,9.5,276
367003000,6.289552,7.8360767,0.0,19.4,134
367003180,0.00035971223,0.0059894985,0.0,0.1,1112
367003210,0.4745923,1.7251595,0.0,8.4,1165
367003220,0.020574164,0.14220725,0.0,2.3,836
367003250,5.9562306,3.038,0.0,9.9,955
367003360,2.7648485,2.8253422,0.0,6.7,1155
367003380,15.549999,5.1720395,7.8,18.3,4
367003390,0.28802082,0.9946402,0.0,9.2,1152
367003410,2.9719608,3.6491628,0.0,9.3,1127
367003460,1.4278481,2.1843214,0.0,6.4,1106
367003480,0.052292768,0.4347332,0.0,6.7,1134
367003490,0.24688347,1.0176685,0.0,5.5,369
367003520,0.3811644,1.410411,0.0,8.4,1168
367003540,0.0034300794,0.061839975,0.0,1.2,379
367003580,0.49343002,1.4864659,0.0,10.1,1172
367003590,2.2481897,3.3186345,0.0,11.7,1160
367003610,0.7582168,2.0728133,0.0,12.1,1144
367003630,1.9143859,2.208604,0.0,11.6,1140
367003760,0.001764706,0.013185893,0.0,0.1,340
367003770,2.4074144,2.414313,0.0,6.4,1052
367003780,0.18356289,0.740774,0.0,5.2,1089
367003790,0.0020172913,0.0140659055,0.0,0.1,1041
367003810,3.0612628,2.5231116,0.0,6.6,1061
367003820,2.575653,3.3513849,0.0,8.6,957
367003850,2.869936,3.01955,0.0,7.2,1091
367003870,0.35407984,1.2086859,0.0,8.7,1152
367003880,1.6659311,1.9230251,0.0,5.2,1133
367003920,0.00034904014,0.005900217,0.0,0.1,1146
367003990,1.2560068,2.1666853,0.0,11.6,1157
367004000,0.003179191,0.017569976,0.0,0.1,346
367004030,0.00089974294,0.0094487835,0.0,0.1,778
367004050,0.91629833,1.937546,0.0,7.6,1086
367004080,0.93226415,1.6674116,0.0,5.3,530
367004110,2.8151658,2.609978,0.0,7.5,633
367004120,0.5955882,1.473579,0.0,10.2,1156
367004260,1.914935,3.1747332,0.0,8.6,616
367004280,0.99191046,2.0681508,0.0,10.9,1162
367004290,0.17556326,0.67198354,0.0,7.3,1154
367004350,0.0010802469,0.010345188,0.0,0.1,648
367004510,0.7562167,1.8089043,0.0,10.5,1126
367004560,0.9142731,2.157798,0.0,12.7,1135
367004570,0.9210113,1.9367808,0.0,11.5,1147
367004580,1.4131471,2.4322987,0.0,11.7,1217
367004610,1.3354676,2.1889336,0.0,10.3,1187
367004670,1.0226618,2.0627606,0.0,7.4,556
367004740,0.0,0.0,0.0,0.0,512
367004750,0.0,0.0,0.0,0.0,68
367004760,0.034896303,0.33431798,0.0,5.7,1109
367004820,1.2223276,2.1530867,0.0,7.1,1160
367004850,0.033216167,0.051061112,0.0,0.2,1138
367004910,0.023304349,0.0936423,0.0,1.1,1150
367004920,4.625879,2.3715868,0.0,7.4,313
367004940,1.3717128,2.1755042,0.0,11.4,1156
367004950,2.3418477,2.6752055,0.0,10.0,1104
367004970,2.8064408,2.0391896,0.0,8.4,590
367005070,0.049752478,0.2846354,0.0,3.0,404
367005130,0.14542314,0.9277582,0.0,6.6,1158
367005160,0.6217494,1.3297007,0.0,7.6,423
367005170,1.0154545,2.0245392,0.0,8.3,660
367005180,1.3566873,2.1774538,0.0,6.3,1129
367005190,0.00032573292,0.0057010944,0.0,0.1,921
367005220,3.104637,1.6711012,0.0,6.7,1143
367005260,2.9058511,3.8801432,0.0,9.8,1128
367005270,1.0208802,1.4840939,0.0,4.2,1068
367005280,2.7361352,3.2186847,0.0,7.7,1035
367005340,0.116376944,0.76341295,0.0,7.5,1093
367005360,0.25703633,1.0324715,0.0,6.5,1073
367005470,1.0711972,2.3627436,0.0,7.3,1111
367005480,0.0067878785,0.105905645,0.0,2.4,825
367005550,0.6083263,1.821021,0.0,7.4,1189
367005580,1.1916667,2.4249983,0.0,7.7,540
367005590,1.2331606,2.6651413,0.0,8.3,1158
367005670,6.8911533,5.4922748,0.0,13.7,633
367005910,5.094318,4.7383027,0.0,16.0,176
367005920,0.05100789,0.45899522,0.0,5.5,1141
367005970,0.3283737,1.5384338,0.0,8.4,1156
367006230,2.9841297,2.631701,0.0,6.7,586
367006330,1.6458058,2.5444193,0.0,8.3,1061
367006420,4.826251,2.9649246,0.0,8.5,1139
367006520,0.07458564,0.40908498,0.0,4.5,181
367006540,0.0064935065,0.024802707,0.0,0.1,77
367006570,1.7898304,3.235268,0.0,8.7,236
367006770,6.5070767,3.0589156,0.0,11.1,862
367006780,0.0022900763,0.0150161395,0.0,0.1,131
367006790,0.06923077,0.48671493,0.0,5.3,390
367006810,0.47881943,1.2772769,0.0,9.0,1152
367006860,2.1217391,2.3349864,0.0,18.7,483
367007030,0.2161039,1.4576162,0.0,15.1,1155
367007110,0.7537379,2.460846,0.0,14.9,1137
367007160,0.7436314,1.6418172,0.0,7.1,369
367007240,0.32579187,1.2195624,0.0,8.4,1105
367007470,0.065138415,0.054136895,0.0,0.2,1156
367007480,3.800354,3.1535807,0.0,9.0,847
367007520,2.154508,2.815337,0.0,6.9,732
367007530,0.09643874,0.45911455,0.0,4.7,702
367007540,3.2528646,2.289452,0.0,7.6,1152
367007750,1.7751179,2.3073432,0.0,8.8,1061
367007770,4.068883,2.7513154,0.0,9.0,752
367007870,2.2945514,2.8805823,0.0,9.2,624
367007980,0.00024630543,0.004962917,0.0,0.1,406
367008000,0.0,,0.0,0.0,1
367008110,3.1401384,4.5186324,0.0,12.7,578
367008160,0.020916164,0.17047113,0.0,3.3,1157
367008290,1.367647,2.7560096,0.0,7.5,34
367008390,0.034873582,0.12803066,0.0,2.7,1147
367008450,0.15424529,0.50441736,0.0,4.4,212
367008520,1.5343518,2.7052407,0.0,9.0,1080
367008550,0.39492387,0.32919767,0.0,1.7,394
367008680,0.18791305,0.91837543,0.0,9.0,1150
367008750,2.8236136,2.616191,0.0,7.9,1118
367008920,0.0489649,0.28388602,0.0,4.0,1111
367009420,0.022535212,0.13492998,0.0,1.3,639
367009460,3.0195673,0.9451591,0.0,5.1,1155
367009830,12.626087,6.7369366,0.0,24.4,161
367010030,2.4453201,2.9542327,0.0,8.6,1015
367010157,4.7,,4.7,4.7,1
367010390,0.018604653,0.038931835,0.0,0.1,1118
367010420,3.7810128,4.628595,0.0,10.6,316
367010430,0.24545455,0.7160498,0.0,2.4,11
367010750,0.021759259,0.22462094,0.0,3.2,216
367010820,6.7836895,4.219153,0.0,13.8,515
367011060,10.126785,3.4532983,0.0,12.7,56
367011510,0.00015748032,0.003968379,0.0,0.1,635
367011820,2.7619047,0.44059405,1.8,3.8,42
367011830,0.5748538,1.6250129,0.0,6.9,855
367012530,1.4327679,3.2328835,0.0,15.4,1120
367012640,1.2613941,3.1059399,0.0,14.0,1119
367012660,1.6379621,3.003784,0.0,10.0,1109
367012670,1.0264627,2.9972062,0.0,13.3,1111
367012690,1.5767741,2.7212684,0.0,10.5,155
367012730,0.099692784,0.7435879,0.0,6.6,651
367012750,2.0881863,1.8156754,0.0,7.4,601
367013020,0.07211982,0.107594416,0.0,0.9,434
367013050,1.1666667,1.3485795,0.0,3.2,6
367014080,0.00048899755,0.0069842613,0.0,0.1,409
367014210,0.0040178574,0.019646557,0.0,0.1,1120
367014380,3.5488749,0.6953618,0.0,5.0,1111
367014390,0.53048456,1.4374695,0.0,9.9,1135
367014420,0.0026223776,0.015994003,0.0,0.1,572
367014440,0.0010933558,0.010403422,0.0,0.1,1189
367014880,4.561265,2.8766026,0.0,10.3,253
367015060,1.4912728,3.7805686,0.0,13.3,1100
367015090,6.213189,5.5722747,0.0,21.1,834
367015290,1.8792185,3.114787,0.0,11.5,563
367015310,0.43662587,1.4522964,0.0,7.7,1144
367015490,0.0031055901,0.017373882,0.0,0.1,322
367015670,0.15124999,0.88348883,0.0,8.9,1120
367015830,2.560686,1.8096772,0.0,6.0,379
367015880,0.0060089687,0.026286297,0.0,0.3,1115
367015890,0.0043126685,0.022022292,0.0,0.3,1113
367015930,0.24390244,1.0591419,0.0,6.7,1025
367015950,2.0165362,2.7132316,0.0,8.3,1149
367016010,0.029710777,0.2680711,0.0,5.2,1141
367016030,0.005186722,0.07543406,0.0,1.5,482
367016050,6.7658334,6.339916,0.0,17.0,120
367016340,0.0,0.0,0.0,0.0,422
367016480,3.453959,3.3358848,0.0,8.9,682
367016520,2.3405478,2.8001864,0.0,7.8,365
367017440,1.6021098,3.8610315,0.0,15.8,474
367017460,0.0007936508,0.0088850465,0.0,0.1,378
367017630,2.7069907,3.757709,0.0,11.0,658
367017940,1.0153527,2.217004,0.0,7.0,482
367017960,4.498768,1.7304116,0.0,8.2,1136
367018470,0.0,0.0,0.0,0.0,368
367018850,0.0,0.0,0.0,0.0,6
367018980,0.016976127,0.037592184,0.0,0.1,377
367019470,0.07467532,0.076623954,0.0,0.4,308
367019860,0.0015463919,0.012346834,0.0,0.1,776
367020280,0.06820809,0.0687421,0.0,0.6,346
367020480,0.001923077,0.013777747,0.0,0.1,156
367020650,0.0,,0.0,0.0,1
367020820,1.8883319,3.1003923,0.0,10.7,1157
367020910,0.061753735,0.048644267,0.0,0.1,536
367021090,0.020170454,0.04487367,0.0,0.4,352
367021170,2.680993,5.718027,0.0,16.0,1168
367021260,0.14782609,0.13774009,0.0,0.6,23
367021310,1.436372,2.0038807,0.0,5.0,1075
367021840,0.10987869,0.29462868,0.0,2.9,1154
367021980,0.062283736,0.053323332,0.0,0.2,289
367022550,0.088369966,0.09174097,0.0,0.8,1092
367022790,3.8358102,3.3512352,0.0,10.1,1117
367022930,0.008629442,0.028115533,0.0,0.1,394
367023320,7.5490637,10.862362,0.0,30.9,534
367023390,5.0898957,7.6153693,0.0,23.0,287
367023690,0.0,0.0,0.0,0.0,422
367024090,0.21481483,0.22136587,0.0,0.8,27
367024340,0.05,0.07071068,0.0,0.1,2
367024960,5.035267,8.064652,0.0,24.2,431
367025330,0.0011627907,0.010783277,0.0,0.1,86
367025510,0.2482389,0.85632837,0.0,5.8,653
367025990,0.0032128515,0.07169771,0.0,1.6,498
367026560,0.40901288,1.499294,0.0,7.3,1165
367026710,3.3762813,3.2381523,0.0,9.3,839
367026930,0.0060686017,0.023885854,0.0,0.1,1137
367027570,0.06285226,0.055424344,0.0,0.3,1171
367028690,0.0018304432,0.013411453,0.0,0.1,1038
367028740,0.0010025062,0.009974716,0.0,0.1,399
367028750,4.8372817,3.3833504,0.0,8.5,802
367028790,3.4676802,1.5890598,0.0,5.4,1151
367028880,0.16823734,0.64944977,0.0,6.0,1146
367028910,0.16091065,0.9308561,0.0,6.8,1164
367028990,0.74,0.23021728,0.4,1.0,5
367029000,0.0,0.0,0.0,0.0,1070
367029020,2.5881777,5.259421,0.0,18.5,1125
367029470,0.7540418,2.7041473,0.0,13.4,1101
367029690,0.0017857143,0.013260136,0.0,0.1,392
367029870,0.007367475,0.11139883,0.0,3.6,1113
367029960,0.110526316,0.104957275,0.0,0.5,418
367030060,0.031189084,0.054655902,0.0,0.4,1026
367030520,0.5201543,1.8921931,0.0,14.4,1037
367030530,0.7800215,2.0508661,0.0,14.0,931
367030630,0.00071428576,0.008431348,0.0,0.1,420
367030830,0.24042553,1.1487669,0.0,9.1,423
367031390,1.1695067,2.3734927,0.0,8.6,1115
367031680,0.43615872,1.2547815,0.0,8.9,1109
367032830,0.012908778,0.03455598,0.0,0.3,1162
367033250,0.38565218,1.31421,0.0,6.8,1150
367033420,0.38035715,0.8419054,0.0,6.0,1064
367033480,0.0025735293,0.01586364,0.0,0.1,272
367033570,1.6494526,1.741078,0.0,8.3,548
367033730,1.2975172,2.4147723,0.0,7.8,1168
367033990,0.0021139705,0.020236365,0.0,0.4,1088
367034170,0.05797468,0.051435728,0.0,0.2,395
367034320,3.7790961,4.0367665,0.0,10.5,354
367034960,0.0006889764,0.008275891,0.0,0.1,1016
367035040,0.057710283,0.051773153,0.0,0.2,428
367035950,0.0026548672,0.016111705,0.0,0.1,226
367036000,0.74138755,0.27289194,0.0,1.3,418
367036830,0.008510638,0.028053615,0.0,0.1,94
367037070,0.006741573,0.025216125,0.0,0.1,89
367037240,0.002495379,0.016187571,0.0,0.2,1082
367037280,0.8883878,2.0611396,0.0,8.4,887
367037310,0.0010919018,0.010396936,0.0,0.1,1099
367037610,9.643478,8.144573,0.0,20.9,46
367039250,0.05329341,0.201938,0.0,3.0,1169
367040650,8.33551,4.089912,0.0,12.7,245
367040920,1.3761451,2.372095,0.0,8.4,1157
367041150,0.22580928,0.589494,0.0,8.8,1143
367041550,1.0291702,2.8822489,0.0,13.6,1169
367041710,4.5867267,4.8956876,0.0,14.7,1115
367042160,1.393511,2.4256787,0.0,11.0,1125
367042570,0.046153847,0.06602253,0.0,0.2,13
367042920,1.790278,2.3981307,0.0,5.9,72
367044250,1.227087,3.0649478,0.0,10.9,1126
367045000,0.022560976,0.04186219,0.0,0.1,328
367045610,0.02372449,0.04259373,0.0,0.1,392
367045970,1.0161463,1.76363,0.0,5.4,1121
367046090,0.7218299,2.377569,0.0,10.9,623
367046860,0.013613861,0.05260282,0.0,0.7,404
367046890,0.00065306126,0.0080580795,0.0,0.1,1225
367047080,3.4447367,3.1651564,0.0,7.8,38
367047090,5.531023,3.9780688,0.0,11.3,1212
367047120,0.00024875623,0.0049875467,0.0,0.1,402
367047150,4.8806534,2.3838675,0.0,8.4,398
367047170,0.00046948358,0.0068438216,0.0,0.1,426
367047180,3.1531475,3.7939808,0.0,10.7,969
367047240,4.2422132,4.5710254,0.0,11.2,488
367047270,0.43533486,1.6481959,0.0,9.1,433
367047320,0.0,0.0,0.0,0.0,250
367047370,0.1132751,0.81478804,0.0,9.5,1145
367048000,1.0759709,2.8575985,0.0,12.5,412
367048110,6.5738096,1.7286841,0.0,9.0,126
367049010,8.299571,8.718354,0.0,23.0,233
367049160,0.44085532,1.6195065,0.0,11.8,1099
367049470,0.00045289856,0.0067175603,0.0,0.1,1104
367049650,0.5295322,1.5500749,0.0,8.9,342
367050090,0.0,0.0,0.0,0.0,246
367050160,9.332762,3.5996313,0.1,12.1,1166
367050250,1.9346478,2.565516,0.0,8.2,710
367050280,0.00023640662,0.0048621665,0.0,0.1,423
367050490,8.859064,1.0833321,0.6,11.7,171
367050550,0.0,0.0,0.0,0.0,414
367052000,1.2698209,2.2772813,0.0,6.4,391
367052120,1.5130095,2.9044783,0.0,10.9,1153
367052130,1.5769829,3.7498846,0.0,17.0,1160
367053160,0.09256698,0.61768633,0.0,6.7,1157
367053260,3.2114756,2.768768,0.0,9.0,1159
367053620,2.2736702,5.5777864,0.0,22.1,1128
367053940,1.4819047,2.3398461,0.0,7.4,1155
367054050,0.0042168675,0.020127717,0.0,0.1,332
367054810,1.4392484,1.7054539,0.0,6.3,958
367054850,0.00035118524,0.0059182723,0.0,0.1,1139
367055340,0.4612319,1.6115688,0.0,7.4,1104
367056010,0.0,0.0,0.0,0.0,15
367056030,3.9984848,3.869307,0.0,8.3,66
367056060,0.99542606,2.0151372,0.0,8.5,1115
367056642,0.045754716,0.06473,0.0,0.3,424
367056982,2.679451,3.2554023,0.0,8.9,1129
367057240,0.22795883,0.77991337,0.0,7.8,1166
367057260,1.6335346,3.3672361,0.0,10.1,1160
367057310,0.3693299,1.4190556,0.0,9.7,1164
367057320,0.060641896,0.05569065,0.0,0.3,592
367057330,2.2158916,2.051653,0.0,5.7,258
367057340,2.361607,2.1939502,0.0,6.3,336
367057380,0.95966464,2.1542108,0.0,11.1,1133
367057390,2.899398,2.7525313,0.0,10.7,1163
367057420,0.6552007,1.2225546,0.0,4.3,1096
367057450,3.8644738,1.3629494,0.0,5.6,228
367057460,4.144762,3.942621,0.0,9.9,1155
367057470,1.0330153,2.5658364,0.0,9.5,524
367057510,0.0013824885,0.011685346,0.0,0.1,651
367057530,2.2581804,3.5150092,0.0,10.4,1143
367057590,4.8700852,2.125756,0.6,9.3,117
367057610,5.530642,2.6609979,0.0,9.8,904
367057620,3.5784945,0.8349498,0.3,4.8,93
367057630,6.309091,4.1263275,0.0,9.9,22
367057650,2.7408452,1.8004395,0.0,6.4,142
367057670,2.598387,1.9905185,0.0,6.1,1178
367057690,4.973924,3.1765723,0.0,11.6,1185
367057710,2.883259,2.4350612,0.0,7.5,1123
367057720,1.6594203,2.696487,0.0,7.3,138
367057750,7.413027,3.327147,0.0,10.2,261
367057810,3.627866,1.9176232,0.0,6.0,567
367057840,2.4019902,2.9564722,0.0,10.1,603
367057860,0.0006163328,0.007832493,0.0,0.1,649
367057930,0.0,0.0,0.0,0.0,222
367057940,4.852985,2.491661,0.0,7.2,134
367058480,0.0005479452,0.0073921573,0.0,0.1,365
367058813,0.043333337,0.050400693,0.0,0.1,30
367059190,0.0015384617,0.012323502,0.0,0.1,390
367059310,3.7862763,1.553168,0.0,6.9,1144
367059330,2.6936378,1.1871074,0.0,4.7,613
367059850,1.8929188,3.3382778,0.0,11.1,1158
367059890,0.00023781213,0.004873695,0.0,0.1,841
367059950,0.0,0.0,0.0,0.0,1155
367060370,3.6856866,2.6454487,0.0,8.2,517
367060490,6.5148935,0.65311736,1.4,7.4,141
367060690,0.0,0.0,0.0,0.0,421
367061190,1.2450339,2.6352055,0.0,9.0,886
367061610,1.0607773,2.6812072,0.0,10.7,849
367061730,4.7892756,4.460704,0.0,12.1,345
367061980,1.3983406,2.9344094,0.0,12.8,1145
367062040,0.002669903,0.016139831,0.0,0.1,412
367062120,3.007768,3.1142673,0.0,9.3,1120
367062370,1.1179966,2.1445231,0.0,11.0,1178
367062680,0.0055555557,0.027482828,0.0,0.2,90
367062890,0.70015454,1.8025051,0.0,6.5,647
367063030,0.9442177,2.3969905,0.0,9.2,441
367063060,5.358534,2.7008576,0.0,9.3,873
367063220,0.0035714288,0.018669145,0.0,0.1,84
367063280,0.0,0.0,0.0,0.0,1120
367064160,0.0036429872,0.019692903,0.0,0.2,1098
367064470,1.8277779,1.97681,0.1,8.0,36
367064840,0.0052238805,0.025431598,0.0,0.2,268
367065250,0.850702,2.097477,0.0,10.6,641
367065790,1.4342006,3.042961,0.0,9.6,538
367066790,0.022344323,0.081206426,0.0,1.0,273
367066970,0.5879791,1.9051882,0.0,11.3,1148
367067110,14.613025,0.5909644,12.6,16.0,238
367067370,0.072199166,0.13234636,0.0,0.9,241
367067820,0.04043127,0.30426487,0.0,3.8,371
367067940,0.0031007752,0.021425687,0.0,0.2,129
367067950,0.28527132,0.2165427,0.0,1.1,129
367067960,0.46528497,2.0959327,0.0,13.3,1158
367068330,0.9908163,1.7563485,0.0,7.0,98
367069240,1.0264707,2.062807,0.0,7.5,544
367069420,0.0019891502,0.013969064,0.0,0.1,1106
367069430,0.0004492363,0.0066904435,0.0,0.1,1113
367070360,1.2470732,1.7119215,0.0,19.1,820
367070480,5.633333,0.7234177,4.8,6.1,3
367070910,0.0,0.0,0.0,0.0,104
367071144,1.6636364,3.038587,0.0,10.2,33
367071220,0.000990099,0.009913267,0.0,0.1,404
367071290,0.021098267,0.0408597,0.0,0.1,346
367071450,0.0,0.0,0.0,0.0,414
367071470,0.00051150896,0.0071428106,0.0,0.1,391
367071510,0.0,0.0,0.0,0.0,415
367071960,,,,,0
367072840,0.0004608295,0.0067884424,0.0,0.1,217
367072930,0.3285467,1.1439425,0.0,8.7,1156
367073370,1.546081,4.095532,0.0,16.0,1161
367073380,0.29447004,1.3299592,0.0,11.4,434
367073650,0.01858407,0.0412931,0.0,0.2,113
367073680,5.52,4.043046,0.2,9.6,10
367073820,0.0,0.0,0.0,0.0,398
367073840,0.9793765,2.6844919,0.0,11.4,417
367074170,3.9130251,3.9308333,0.0,9.9,476
367074840,0.4884924,1.2997807,0.0,7.2,1121
367075010,3.4740913,2.5041227,0.0,9.0,853
367075020,3.7266898,2.5519235,0.0,7.9,1154
367075110,0.56707,1.7131174,0.0,7.8,1157
367075320,0.00097276265,0.009819562,0.0,0.1,1028
367075820,5.33416,2.0154078,0.2,9.2,363
367076210,0.97262776,1.7777363,0.0,7.8,548
367076410,3.4674852,6.861498,0.0,22.7,1018
367076840,3.6755683,2.2572105,0.0,8.5,176
367076910,0.5302214,1.4693696,0.0,6.4,1039
367077480,3.8714287,1.1996031,2.4,5.5,7
367077850,0.37989688,0.84648496,0.0,3.3,194
367078040,0.4578947,0.88977116,0.0,4.2,38
367078110,0.011442194,0.03185129,0.0,0.1,839
367078250,0.000990991,0.009909869,0.0,0.1,1110
367078350,2.260196,2.082777,0.0,5.9,1123
367078410,3.1770332,3.7967386,0.0,10.7,1119
367078810,0.028800001,0.07478591,0.0,0.4,250
367078850,0.9781166,2.1343868,0.0,8.0,1115
367078980,0.33445945,0.90243155,0.0,3.0,148
367079040,0.012804879,0.033465464,0.0,0.1,328
367079070,0.0127795525,0.033439662,0.0,0.1,313
367079310,0.002834008,0.018915322,0.0,0.2,247
367079430,7.370899,1.2439426,4.1,11.2,189
367079510,0.5083051,1.0987794,0.0,7.7,590
367079560,4.0190477,5.8653564,0.0,17.6,1134
367079960,0.18175824,0.72770625,0.0,4.7,455
367080020,0.0,0.0,0.0,0.0,388
367080090,2.1736844,1.2325379,0.0,6.3,1083
367080250,0.08163265,0.05583053,0.0,0.3,1127
367080390,0.5161207,1.3374891,0.0,6.6,1160
367080570,1.1742771,2.171979,0.0,8.1,657
367080670,0.006024096,0.0713059,0.0,1.1,249
367080810,0.00086956524,0.009288455,0.0,0.1,1150
367081140,1.5163934,2.6258724,0.0,12.5,1159
367081260,0.03785005,0.29560384,0.0,3.7,1107
367081860,4.0091076,0.84666157,0.4,6.6,1098
367082000,1.893007,4.065047,0.0,17.1,1144
367082080,6.7815533,9.2495985,0.0,31.5,309
367082090,0.0,0.0,0.0,0.0,16
367082130,0.5936945,1.9084339,0.0,11.5,1126
367082210,0.0,0.0,0.0,0.0,49
367082220,0.0,0.0,0.0,0.0,417
367082430,0.0,0.0,0.0,0.0,2
367082520,0.0,0.0,0.0,0.0,148
367082540,1.6083779,2.3402617,0.0,7.2,1122
367082860,1.9758505,3.8061109,0.0,14.6,1176
367082880,0.25883883,1.1963136,0.0,6.9,1154
367083580,1.3036784,2.487705,0.0,7.6,1169
367083810,1.0532416,2.2069268,0.0,7.0,509
367083980,0.0002840909,0.005330018,0.0,0.1,352
367084070,3.5554972,2.934506,0.0,8.2,191
367084080,0.005437352,0.022702178,0.0,0.1,423
367084540,0.005263158,0.022528179,0.0,0.1,57
367084930,4.914873,5.1378307,0.0,11.4,632
367084960,9.5536585,1.453558,1.0,11.9,328
367085240,0.0005952381,0.0077151675,0.0,0.1,168
367085890,3.6387756,3.855966,0.0,9.4,539
367085940,4.9500003,3.6959715,0.0,9.3,392
367086000,1.6223351,2.1984246,0.0,16.0,197
367086370,0.63246757,1.5382965,0.0,6.8,847
367086440,2.9141912,3.8997192,0.0,10.5,1057
367086720,2.3362963,2.7705195,0.0,7.9,270
367086860,0.0031578948,0.017580403,0.0,0.1,95
367086910,0.0,0.0,0.0,0.0,418
367087140,4.2723603,4.195437,0.0,14.7,1165
367087160,1.6379746,2.1609125,0.0,9.1,1106
367087180,2.517211,2.8496225,0.0,8.3,1133
367087240,7.585279,7.1210213,0.0,16.1,951
367087250,4.7266245,4.060772,0.0,11.7,1108
367088040,0.7375,1.2825967,0.0,4.3,24
367088130,0.0028846154,0.016764287,0.0,0.1,312
367088170,0.008220503,0.11658303,0.0,2.6,1034
367088180,0.012568306,0.12545834,0.0,2.1,1098
367088210,8.833922e-05,0.0029721914,0.0,0.1,1132
367088340,0.054697983,0.32679662,0.0,3.4,298
367089160,0.0,0.0,0.0,0.0,292
367089220,0.12315271,0.12940858,0.0,1.0,406
367089450,5.0655584,4.3117585,0.0,17.8,421
367089490,0.03788969,0.055930566,0.0,0.3,417
367089620,0.01369863,0.03462124,0.0,0.1,73
367089760,0.0,0.0,0.0,0.0,366
367090270,0.00069444446,0.009295069,0.0,0.2,1152
367090310,2.5269642,5.761507,0.0,20.6,1120
367090390,3.2976117,5.318911,0.0,20.9,670
367090420,0.18877006,0.8220308,0.0,4.8,1122
367090590,0.0068141595,0.036420085,0.0,0.4,1130
367090680,0.093635574,0.6226972,0.0,9.4,1147
367090910,6.147482,2.6204693,0.0,9.8,139
367090960,7.3349032,6.13625,0.0,14.5,467
367091050,3.5795732,4.861697,0.0,13.5,656
367091120,1.3389088,3.1673973,0.0,14.1,1118
367091160,0.0004524887,0.00951303,0.0,0.2,442
367091270,8.734884,4.9723945,0.1,14.0,43
367091440,0.0055555557,0.02303447,0.0,0.1,90
367091630,2.1323638,3.8302264,0.0,11.2,1100
367091720,0.3128788,0.9685438,0.0,7.0,132
367091920,0.0,0.0,0.0,0.0,304
367091990,0.84578854,2.1540473,0.0,8.0,1116
367092210,9.146236,0.8054623,5.3,10.3,186
367092230,1.2200521,2.1349206,0.0,10.3,1152
367092680,6.5842104,0.3568074,6.0,7.5,38
367092720,0.65,0.35355335,0.4,0.9,2
367092768,0.20774527,1.1386977,0.0,8.5,1162
367092940,0.00028653294,0.0053528775,0.0,0.1,349
367093020,0.00608365,0.03957147,0.0,0.5,263
367093090,0.04,0.08944272,0.0,0.2,5
367093130,0.00017391305,0.004168473,0.0,0.1,1150
367093520,0.13365217,0.6239823,0.0,7.2,1150
367093690,0.0008764242,0.009324726,0.0,0.1,1141
367093710,0.0125,0.03535534,0.0,0.1,8
367093960,2.6829102,4.646449,0.0,15.0,591
367093970,0.14080146,0.6891873,0.0,8.2,1098
367094010,3.7052631,3.9698157,0.0,10.4,57
367094360,4.057619,5.910293,0.0,16.8,420
367094420,0.024401065,0.042968974,0.0,0.1,1127
367094520,0.033333335,0.056465972,0.0,0.2,24
367094660,5.296781,7.172274,0.0,19.0,932
367095450,2.2630115,2.156684,0.0,5.5,611
367095660,0.40754312,1.2697031,0.0,7.7,464
367095680,0.003163017,0.024489325,0.0,0.4,411
367095720,0.0,0.0,0.0,0.0,410
367096290,0.83884084,2.3895853,0.0,12.1,1156
367096310,2.2767677,2.5242832,0.0,5.8,99
367096360,0.034952298,0.19108023,0.0,3.1,1153
367096510,4.7879677,1.4266262,0.0,8.3,615
367096590,0.0,0.0,0.0,0.0,62
367097210,0.0,0.0,0.0,0.0,415
367097570,1.78783,2.7586067,0.0,10.4,682
367097670,0.051187336,0.3805353,0.0,4.2,1137
367097720,0.7363296,1.5515865,0.0,7.9,534
367097970,0.9322232,2.2604764,0.0,8.0,1111
367098010,0.6816038,1.9734865,0.0,8.1,424
367098050,0.0,0.0,0.0,0.0,50
367098070,0.25574815,1.4411955,0.0,8.9,1096
367098270,0.002238806,0.014812635,0.0,0.1,402
367098280,0.013387242,0.034849755,0.0,0.2,1113
367098340,14.183978,15.724156,0.0,35.2,543
367098660,3.812222,2.4853363,0.0,8.0,810
367098670,1.5493934,2.9100156,0.0,7.8,1154
367099640,4.448077,2.9424872,0.0,9.1,52
367099750,2.1201673,0.8217692,0.0,3.7,1076
367099830,9.2039995,1.0710266,4.4,11.5,150
367100060,1.8873384,1.71827,0.0,6.6,1161
367100370,12.82,11.847446,0.0,23.3,5
367100410,0.18655914,0.15310124,0.0,0.8,186
367100870,7.857567,6.573887,0.0,18.3,707
367101090,0.2782609,0.24112713,0.0,0.8,23
367101390,0.00023255814,0.0048196204,0.0,0.1,860
367101530,0.10055401,0.06831075,0.0,0.4,361
367101870,0.13135889,0.083158165,0.0,0.4,287
367101920,6.107572,11.571836,0.0,31.6,1149
367102000,13.554073,1.5567594,4.1,14.9,712
367102030,1.7812063,2.640731,0.0,13.0,1144
367102610,3.4842105,1.3631152,0.0,7.0,247
367103120,0.24556701,1.2318122,0.0,7.3,485
367103180,5.1638956,2.8544066,0.0,9.7,842
367103880,6.251322,1.9949847,0.0,11.1,1097
367104030,10.427586,6.635936,0.1,18.0,29
367104040,4.8302293,5.711461,0.0,17.5,741
367104050,2.4067962,4.859846,0.0,15.6,309
367104060,3.56,4.594659,0.0,13.9,1005
367104070,5.871627,5.699019,0.0,14.5,504
367104080,5.886076,6.3440723,0.0,15.2,632
367104530,0.8269132,1.9496121,0.0,10.5,1163
367104560,1.3806701,2.3609235,0.0,12.1,1164
367104680,0.00024630543,0.004962917,0.0,0.1,406
367104940,0.0002624672,0.005123155,0.0,0.1,381
367104980,0.11954674,0.103010476,0.0,0.5,353
367105180,4.251712,3.4737036,0.0,9.8,555
367105190,0.09586375,0.54906344,0.0,9.2,411
367105510,0.001754386,0.013157508,0.0,0.1,228
367105910,2.4024029,2.87992,0.0,8.2,541
367106130,3.3655977,4.03141,0.0,11.5,1154
367106730,4.7034483,1.608789,0.0,6.8,29
367106750,0.8435018,2.0784183,0.0,10.5,554
367106880,0.0014693172,0.012037361,0.0,0.1,1157
367107060,0.001935484,0.013821533,0.0,0.1,155
367107280,0.0,0.0,0.0,0.0,1118
367107320,0.0,0.0,0.0,0.0,1162
367107340,2.1191013,2.4025495,0.0,9.2,89
367107680,3.2863636,5.784098,0.0,16.4,506
367107940,0.0,0.0,0.0,0.0,387
367108030,1.9809973,3.5468187,0.0,14.4,1163
367108460,0.0049788137,0.021762226,0.0,0.1,944
367108530,0.0051612905,0.022160195,0.0,0.1,310
367108660,5.1055346,2.4601195,0.0,10.9,524
367108750,0.3319788,2.10719,0.0,19.6,1132
367108810,0.0019900498,0.013983243,0.0,0.1,402
367108820,0.023161035,0.046470962,0.0,0.6,1006
367108840,0.012350597,0.11732671,0.0,2.2,1004
367108850,0.0007142857,0.008451543,0.0,0.1,140
367108910,0.0015748033,0.012455362,0.0,0.1,1143
367108920,0.009400827,0.10110278,0.0,1.9,968
367108940,0.0,0.0,0.0,0.0,137
367109110,0.00087950745,0.009340983,0.0,0.1,1137
367109350,0.04531668,0.07581647,0.0,0.8,1121
367109430,0.27265692,1.2577848,0.0,10.3,1163
367109720,0.28703704,1.3639668,0.0,15.2,1134
367110160,0.0017341041,0.013072766,0.0,0.1,346
367110260,0.04,0.054772258,0.0,0.1,5
367110280,0.14349777,0.69148475,0.0,7.1,1115
367110320,0.030994153,0.046943594,0.0,0.2,342
367110440,5.107188,4.0993633,0.0,11.1,473
367110450,1.4551046,3.1389048,0.0,9.9,813
367110550,0.018345324,0.03872118,0.0,0.1,1112
367110740,0.0,,0.0,0.0,1
367111000,0.0,0.0,0.0,0.0,252
367111050,0.02105263,0.21574719,0.0,3.1,247
367111870,0.0011494253,0.01067468,0.0,0.1,348
367112160,5.5333333,3.3301651,0.0,9.2,9
367112420,0.0005102041,0.007133717,0.0,0.1,392
367112570,1.4434745,2.4690511,0.0,7.4,1157
367112850,2.6352777,4.837827,0.0,17.2,360
367113120,3.7604651,2.8359036,0.0,8.6,430
367113150,2.6167097,3.3287482,0.0,8.9,1161
367113430,2.3405557,2.3331132,0.0,7.3,540
367113620,4.5078945,4.368077,0.0,11.5,190
367113870,0.0,0.0,0.0,0.0,437
367114050,3.512874,2.2832813,0.0,8.1,1103
367114070,0.0072972975,0.027064977,0.0,0.2,370
367114740,0.0020779222,0.014283009,0.0,0.1,385
367114880,0.21351583,0.93023163,0.0,6.5,1169
367115360,0.0,0.0,0.0,0.0,5
367115520,0.0015873016,0.012598816,0.0,0.1,63
367116420,2.6604128,3.7737205,0.0,10.2,1066
367116570,0.06168889,0.06813995,0.0,0.6,1125
367116620,1.5040201,1.9661745,0.0,8.2,199
367117000,2.6471963,4.9633837,0.0,19.3,214
367118440,3.270925,1.6764039,0.0,6.7,681
367118980,0.77502245,1.2772869,0.0,4.2,1113
367119160,0.0018388793,0.013441155,0.0,0.1,1142
367119570,3.5843277,6.243718,0.0,23.6,1123
367119810,0.00023640662,0.0048621665,0.0,0.1,423
367120020,3.1726496,1.8595803,0.3,7.4,117
367120040,7.8558764,1.2329798,3.8,10.1,485
367120060,0.0,0.0,0.0,0.0,358
367120170,0.0,0.0,0.0,0.0,8
367120230,1.8976661,3.254767,0.0,11.8,1114
367120550,3.6519213,4.039179,0.0,12.7,1119
367120570,0.0,0.0,0.0,0.0,329
367120740,9.040909,0.85948986,7.2,10.7,22
367120990,0.0019138756,0.03457411,0.0,0.7,418
367121000,13.05202,7.726477,0.0,20.1,198
367121010,4.383847,3.6013403,0.0,10.9,811
367121040,0.035446428,0.052826937,0.0,0.3,1120
367121850,7.8379455,3.4283214,0.0,11.6,701
367122220,0.001305483,0.016918907,0.0,0.3,383
367122230,0.00015337423,0.003916302,0.0,0.1,652
367122290,3.1873603,2.991693,0.0,7.7,1163
367122330,0.0006116208,0.007808615,0.0,0.1,327
367122360,0.0006472492,0.008032109,0.0,0.1,309
367122420,0.0007317073,0.008533049,0.0,0.1,410
367122610,1.8539063,2.3772511,0.0,6.2,128
367122680,2.522451,2.999798,0.0,8.6,1118
367122690,0.5497696,1.4752979,0.0,8.9,651
367122710,0.30079114,1.0804484,0.0,7.0,632
367122740,2.9318538,2.0392044,0.0,5.9,383
367123450,0.0,0.0,0.0,0.0,418
367123550,0.13043478,0.7449449,0.0,5.8,115
367123560,2.8951895,3.918115,0.0,10.1,1081
367124390,0.045754716,0.061739147,0.0,0.4,424
367124980,7.5648503,4.8291707,0.0,12.3,734
367125000,2.524754,4.4397216,0.0,14.8,610
367125050,4.393462,3.1042864,0.0,9.1,673
367125100,3.9625542,2.216777,0.0,7.2,1151
367125330,2.4685416,2.788908,0.0,8.2,960
367125970,0.0018450185,0.013482154,0.0,0.1,271
367126410,4.120339,1.3205905,0.0,6.0,1062
367126540,2.1532733,2.7825592,0.0,8.2,1115
367126620,0.1007799,0.6114187,0.0,10.1,1154
367127050,1.0722114,2.289184,0.0,8.3,511
367127060,3.4536152,3.008467,0.0,9.1,1065
367127110,1.7559545,2.578451,0.0,7.1,1142
367127120,0.38209343,1.3738811,0.0,8.0,1156
367127172,26.1,,26.1,26.1,1
367127380,0.005181347,0.023334792,0.0,0.2,386
367127480,0.026976744,0.050626583,0.0,0.3,645
367127660,0.0,0.0,0.0,0.0,250
367127770,1.8482842,1.8715894,0.1,8.3,408
367127950,7.3701863,0.34674284,6.0,8.1,161
367128160,0.0013761468,0.011663315,0.0,0.1,436
367128260,3.4717593,2.9363139,0.0,7.7,432
367128890,6.990588,2.3538532,0.0,9.4,85
367128950,0.42817283,1.7079433,0.0,11.9,1111
367129470,0.29404762,2.1157246,0.0,23.8,1008
367129500,1.5333622,2.6537094,0.0,11.7,1157
367129560,5.7670407,2.529798,0.0,8.1,446
367129630,0.0,0.0,0.0,0.0,651
367129640,1.2637343,2.0307915,0.0,5.7,557
367129650,0.761562,1.6135855,0.0,8.4,653
367129670,4.0693007,4.627081,0.0,11.7,987
367129680,0.8708447,1.5513418,0.0,5.7,367
367129820,0.36247706,1.1592861,0.0,7.1,1090
367130150,0.0,0.0,0.0,0.0,211
367130430,0.5220513,1.3769964,0.0,6.2,390
367130870,0.016666668,0.04082483,0.0,0.1,6
367130890,0.0,0.0,0.0,0.0,382
367130910,0.8714795,3.0252266,0.0,14.2,1122
367130960,4.190909,2.3623948,0.2,6.5,11
367131000,0.0040482343,0.019717254,0.0,0.1,1161
367131150,0.004,0.019727878,0.0,0.1,75
367131290,0.0008196722,0.009020502,0.0,0.1,1098
367131650,0.0,0.0,0.0,0.0,4
367132000,2.031739,3.4515095,0.0,10.9,230
367132090,2.0106666,1.2392703,0.0,7.1,675
367132250,0.023529412,0.055371054,0.0,0.2,34
367132570,0.025384616,0.05504596,0.0,0.3,390
367132820,1.9487298,3.6874857,0.0,10.1,433
367132830,7.4728303,0.59589624,5.5,8.8,265
367133160,4.3414426,1.9720227,0.0,7.0,929
367133180,2.5585713,3.04495,0.0,9.4,210
367133230,0.17051888,0.13281359,0.0,0.7,424
367133910,0.0039783004,0.020011207,0.0,0.2,1106
367133950,6.4975758,0.9741305,0.2,8.6,330
367133960,0.024498692,0.043229036,0.0,0.2,1147
367134000,12.873925,1.992596,7.5,16.6,349
367134360,0.0,0.0,0.0,0.0,13
367134520,4.785806,3.4987087,0.0,7.9,310
367135070,1.9290627,2.758975,0.0,10.1,1163
367135080,0.051200002,0.060677107,0.0,0.5,375
367135430,1.162268,2.878284,0.0,8.9,970
367135470,0.00052910054,0.0072739297,0.0,0.1,189
367135480,3.9199998,2.1131997,0.0,7.2,430
367135890,0.002416571,0.015365186,0.0,0.1,869
367136020,0.0038647344,0.019298624,0.0,0.1,414
367136040,0.0,0.0,0.0,0.0,1156
367136470,0.058119655,0.29920563,0.0,2.3,117
367136670,4.9452605,3.4991975,0.0,9.6,422
367136690,0.0015384615,0.012317171,0.0,0.1,650
367136850,0.046285715,0.055890076,0.0,0.2,350
367136880,2.1162562,2.6421716,0.0,6.4,203
367137180,2.28924,3.262143,0.0,10.0,1171
367138050,7.722917,2.4055114,0.0,9.3,48
367138330,1.410219,1.1844759,0.0,2.9,137
367138450,4.098641,2.4786122,0.0,8.5,1177
367138470,4.0945473,0.94771135,0.2,6.7,1137
367138490,1.2739437,4.141848,0.0,16.7,710
367138690,3.7846525,4.529362,0.0,15.2,619
367138710,0.002347826,0.016256776,0.0,0.2,1150
367138730,0.6070339,1.4174579,0.0,8.0,1180
367139000,0.15548629,1.1126897,0.0,25.6,802
367139030,0.04140436,0.04931535,0.0,0.1,413
367139210,0.0121951215,0.03292432,0.0,0.1,82
367139510,1.7786033,2.9455755,0.0,12.2,1117
367139590,0.0,0.0,0.0,0.0,421
367139770,1.4858667,2.528424,0.0,14.0,375
367139820,0.04669052,0.05910974,0.0,0.3,1118
367139970,0.50667244,1.2768533,0.0,6.5,1154
367139980,2.6589887,2.0439944,0.0,5.8,178
367140470,0.020987654,0.050039712,0.0,0.4,405
367140730,0.05142857,0.058006167,0.0,0.2,350
367140820,3.0453296,3.0802498,0.0,9.3,364
367140940,0.825,0.3201562,0.6,1.3,4
367140960,0.00061349693,0.0078119654,0.0,0.1,1141
367141080,0.32466766,1.1424036,0.0,7.2,677
367141210,0.9204137,2.8019357,0.0,21.4,1112
367141250,0.06289926,0.059343264,0.0,0.3,407
367141370,3.5259886,3.3816454,0.0,8.8,354
367141430,0.03783542,0.20189248,0.0,4.2,1118
367141680,0.67675024,2.4179628,0.0,13.0,1157
367141690,0.0,0.0,0.0,0.0,394
367142430,0.1,,0.1,0.1,1
367142710,4.3481736,1.6083924,0.0,6.9,575
367142740,0.0,0.0,0.0,0.0,2
367142780,0.0,0.0,0.0,0.0,56
367142830,1.7216464,2.6870036,0.0,8.2,328
367143160,4.28638,3.7804031,0.0,11.3,558
367143360,4.8113637,2.4732926,0.0,8.0,220
367143380,1.3512937,1.6957359,0.0,5.0,657
367143450,2.9564104,1.8453063,0.0,4.6,39
367143520,1.058209,1.5824941,0.0,6.5,67
367143550,0.0910045,0.032094713,0.0,0.2,667
367143650,2.052142,2.5492692,0.0,7.8,817
367143690,2.257462,1.6399571,0.0,7.4,1119
367143710,1.178203,2.2731125,0.0,10.0,601
367143910,2.6406393,2.462773,0.0,6.3,657
367143920,0.8882556,2.327083,0.0,9.8,1158
367143960,1.8967438,3.770069,0.0,11.7,1167
367144040,0.1704969,0.48545742,0.0,2.1,322
367144080,0.02195122,0.041905817,0.0,0.1,41
367144530,7.7602105,7.036445,0.0,19.6,475
367144820,0.06403162,0.05128073,0.0,0.2,253
367144870,0.0021276595,0.014469022,0.0,0.1,188
367145360,7.759091,0.17364201,7.5,8.1,22
367145380,1.5749354,2.5314538,0.0,7.8,1161
367145440,0.11526452,0.7919579,0.0,8.9,1153
367145620,0.0,0.0,0.0,0.0,41
367145680,2.049151,3.5955493,0.0,9.7,1119
367145750,1.8391304,2.7934914,0.0,10.2,69
367145870,9.813316,14.291433,0.0,35.2,1164
367145960,0.2,,0.2,0.2,1
367146190,5.521973,4.100265,0.0,10.5,223
367146510,4.057366,3.7713861,0.0,8.7,577
367146590,0.0010695187,0.010300081,0.0,0.1,374
367146690,0.0,0.0,0.0,0.0,49
367146720,0.013888889,0.04193473,0.0,0.3,252
367146780,0.4631868,1.3502351,0.0,5.8,1092
367147000,3.0728395,4.042339,0.0,10.3,81
367147410,2.4929135,3.3492284,0.0,8.0,127
367147480,3.2424,2.3528042,0.0,6.0,125
367147860,3.4337118,4.0613875,0.0,12.4,617
367148330,0.16908397,0.25521067,0.0,2.1,262
367148420,0.01324201,0.035296787,0.0,0.2,219
367148440,0.3522124,0.9432818,0.0,15.1,339
367148470,0.0014159292,0.012546971,0.0,0.2,1130
367148620,1.8493458,1.1507344,0.0,6.7,535
367148660,0.04851752,0.31520241,0.0,5.1,1113
367148760,0.28963855,0.74804974,0.0,5.9,415
367148870,0.0,0.0,0.0,0.0,11
367149030,0.004895105,0.022657562,0.0,0.2,429
367149340,3.7955284,2.287958,0.0,7.4,984
367149550,0.00625,0.024358869,0.0,0.1,80
367149890,1.474623,2.7035031,0.0,8.0,1127
367149920,8.425,1.2398827,1.1,10.7,132
367150020,2.3394198,1.02557,0.0,4.5,586
367150170,0.014019521,0.16762497,0.0,3.4,1127
367150210,5.2969327,5.1289353,0.0,17.7,163
367150410,0.0,0.0,0.0,0.0,363
367150680,0.0,0.0,0.0,0.0,347
367151170,4.077656,3.6582077,0.0,10.4,913
367151240,0.62088746,1.7180978,0.0,9.4,924
367151310,6.865934,2.4517736,0.0,9.4,455
367151380,3.0620916,1.891154,0.0,7.1,459
367151450,0.59822226,2.2304227,0.0,11.0,450
367151460,3.628767,2.2476788,0.0,7.4,1168
367151590,0.5,0.9886017,0.1,3.6,16
367151950,5.1272726,1.6452044,0.0,6.5,99
367152240,2.0253012,2.8020394,0.0,7.8,83
367152680,0.006788512,0.02518777,0.0,0.1,383
367152730,2.4991364,3.4228349,0.0,10.1,1158
367152910,0.0,0.0,0.0,0.0,1157
367152940,0.0,0.0,0.0,0.0,315
367152990,0.007292616,0.059358332,0.0,1.2,1097
367153110,0.33097112,1.021607,0.0,4.5,1143
367153430,0.006908463,0.025370756,0.0,0.1,1158
367153580,0.00024213076,0.004920678,0.0,0.1,413
367153930,4.999297,5.2273426,0.0,12.9,854
367154000,0.025433527,0.044986594,0.0,0.2,173
367154860,0.0,0.0,0.0,0.0,6
367155110,0.0,0.0,0.0,0.0,53
367155210,1.2378277,2.6223073,0.0,11.0,267
367155230,8.334533,0.961333,1.0,10.5,139
367155550,2.6837697,1.9119751,0.0,5.6,1146
367155580,0.0,0.0,0.0,0.0,397
367155810,0.0047704773,0.03964614,0.0,0.9,1111
367156260,0.066605836,0.18765014,0.0,3.6,1096
367156270,0.00086956524,0.009325048,0.0,0.1,115
367156350,0.0,0.0,0.0,0.0,81
367156370,0.098156676,0.61226594,0.0,6.4,434
367156710,0.4830702,1.5358814,0.0,7.7,1140
367156850,2.3099222,2.826753,0.0,8.4,1159
367156870,0.0,0.0,0.0,0.0,405
367157090,0.08007055,0.37119305,0.0,6.9,1134
367157110,1.0537153,2.6013227,0.0,9.5,1117
367157150,0.0,0.0,0.0,0.0,418
367157240,2.8,0.46043456,2.3,3.6,6
367157570,1.4285715,2.6075232,0.0,11.1,126
367158090,0.053928573,0.097929806,0.0,0.6,280
367158250,0.013852814,0.035304505,0.0,0.2,1155
367158550,4.2421055,4.51062,0.0,11.4,266
367159020,0.0,0.0,0.0,0.0,369
367159070,5.056044,3.0947702,0.0,10.0,91
367159120,0.0012567325,0.011144746,0.0,0.1,1114
367159130,1.8272318,2.812706,0.0,9.1,1109
367160000,0.00095902354,0.009750155,0.0,0.1,1147
367160010,7.695,0.78891504,5.1,10.1,200
367160030,7.8535714,6.9668097,0.0,17.2,672
367160320,0.3051948,1.2734487,0.0,12.0,1155
367161000,0.00018050542,0.0042466735,0.0,0.1,1108
367161070,7.8392487,3.9781246,0.0,12.2,293
367161150,1.3433844,3.3019145,0.0,11.9,1111
367161570,3.1988294,4.7118955,0.0,13.5,598
367161610,0.00024213076,0.004920678,0.0,0.1,413
367161780,0.06666667,0.05773503,0.0,0.1,3
367161870,2.022375,2.6285007,0.0,8.7,581
367161920,0.03501805,0.06285263,0.0,0.5,277
367161930,0.4212806,0.3312342,0.0,2.3,531
367161940,7.419737,2.8498309,0.0,9.3,380
367161950,0.0049415994,0.028493676,0.0,0.6,1113
367162230,2.4208162,3.413116,0.0,11.5,245
367162270,4.3429437,1.6787772,0.0,8.3,1155
367162510,0.004622871,0.021023596,0.0,0.1,411
367162640,4.826223,7.5670195,0.0,19.8,511
367162740,0.9982664,3.6509318,0.0,22.3,1096
367162750,1.9296263,5.9686503,0.0,30.6,1097
367162820,2.609059,2.756503,0.0,7.8,287
367162830,0.45355612,1.3440685,0.0,7.2,1167
367162840,4.126707,1.7896388,0.1,7.4,1157
367162940,0.41444445,1.3573442,0.0,6.7,1170
367163190,0.0,0.0,0.0,0.0,395
367163580,0.0,0.0,0.0,0.0,15
367163760,1.9739054,4.0051985,0.0,13.3,1142
367164050,1.7594471,3.2266994,0.0,8.3,217
367164070,0.0034722222,0.018316625,0.0,0.1,1008
367164250,0.58763534,1.6805117,0.0,8.9,1108
367165060,1.1519347,2.5991466,0.0,8.8,491
367165270,0.055212013,0.05335142,0.0,0.3,1132
367165430,0.0,0.0,0.0,0.0,407
367165450,2.1261292,3.5609286,0.0,11.9,1129
367165570,1.2595907,2.777991,0.0,9.3,391
367165890,0.23085567,0.2027673,0.0,1.4,1157
367165920,0.0011661808,0.013193735,0.0,0.2,343
367165980,5.7668247,4.4677296,0.0,14.9,844
367166120,0.0,0.0,0.0,0.0,3
367166430,0.0027562447,0.016896745,0.0,0.2,1161
367166440,3.6456354,2.7995102,0.0,8.5,1157
367166520,0.17407408,0.57440794,0.0,3.2,81
367166940,3.4851658,2.0362325,0.0,7.3,1146
367167020,0.82616985,2.0360136,0.0,6.8,1154
367167460,1.936755,1.1885579,0.0,4.1,906
367167740,0.0052238805,0.104738474,0.0,2.1,402
367167790,0.0,0.0,0.0,0.0,416
367167850,0.0046489565,0.021064278,0.0,0.1,1054
367167940,0.6525503,1.3740481,0.0,7.5,647
367168000,0.0,0.0,0.0,0.0,53
367168040,0.025,0.04512819,0.0,0.2,384
367168190,0.15067568,0.82444286,0.0,6.7,444
367168250,0.01923077,0.03991551,0.0,0.2,1040
367168340,1.5588015,2.0734875,0.0,7.7,534
367168450,6.1915965,8.922322,0.0,26.6,595
367169000,11.383885,0.6015034,9.5,13.7,664
367169320,2.4060974,1.2429218,0.0,9.5,1066
367169560,4.852198,1.1212484,0.1,6.9,1069
367169710,0.7337545,2.0350137,0.0,9.2,1108
367170010,2.3544304,2.2769122,0.0,5.7,1106
367170330,3.02948,5.644336,0.0,16.3,519
367170830,0.9698113,1.2599733,0.0,5.9,53
367170860,0.011506623,0.0573515,0.0,1.3,1208
367170930,0.0,0.0,0.0,0.0,379
367170970,0.004435484,0.020629857,0.0,0.1,248
367170990,0.88235295,1.9092847,0.0,7.9,1156
367171010,0.58564013,1.7827654,0.0,12.3,1156
367171050,0.004699739,0.045480605,0.0,1.4,1149
367171320,0.0,0.0,0.0,0.0,33
367171430,0.3741217,1.6527171,0.0,10.8,1167
367171930,1.0748079,2.4403424,0.0,7.9,1171
367171980,0.022222223,0.044095855,0.0,0.1,9
367172060,1.6374999,2.176129,0.0,7.2,224
367172110,0.0,0.0,0.0,0.0,123
367172480,0.006666667,0.02581989,0.0,0.1,15
367173220,0.0,0.0,0.0,0.0,158
367173280,0.7894958,1.8638337,0.0,6.4,1190
367174060,5.765722,6.2397423,0.0,14.7,1129
367174090,0.92444444,1.0813999,0.0,5.3,405
367174120,0.00030487805,0.0055215764,0.0,0.1,328
367174230,0.0,0.0,0.0,0.0,426
367174370,2.5467303,2.1364143,0.0,10.3,734
367174580,0.009929079,0.029940616,0.0,0.1,423
367174670,2.3462648,3.800334,0.0,12.0,1178
367174710,1.4030457,0.8740539,0.1,3.0,197
367175530,0.00086956524,0.009297901,0.0,0.1,345
367175570,0.005952381,0.023707332,0.0,0.1,252
367175640,0.0029411765,0.016916517,0.0,0.1,408
367175740,0.0,0.0,0.0,0.0,374
367175780,0.18632075,0.48245987,0.0,4.0,424
367175860,2.3250222,3.720328,0.0,11.9,1119
367176730,0.0012793178,0.01125011,0.0,0.1,469
367176750,0.010991957,0.031320963,0.0,0.1,373
367177470,0.22619048,0.8873253,0.0,5.8,42
367177660,3.3287332,5.3220596,0.0,18.8,442
367177670,6.8142047,9.437419,0.0,23.7,352
367177840,4.296612,4.739333,0.0,13.4,1092
367178330,0.16418836,0.06276353,0.1,0.4,807
367178530,0.0,0.0,0.0,0.0,38
367179650,0.003940887,0.01950467,0.0,0.1,203
367179790,1.8985277,4.9144506,0.0,18.3,883
367179990,1.9451166,3.4112124,0.0,11.7,1157
367180360,0.00023474179,0.0048450157,0.0,0.1,426
367180790,1.9710478,2.6331127,0.0,7.0,1088
367180890,1.7789632,2.6978824,0.0,9.1,1003
367180970,0.014457831,0.039722864,0.0,0.3,415
367181280,0.0009975062,0.00995,0.0,0.1,401
367181550,1.6723478,3.2325249,0.0,11.6,575
367181730,0.0,0.0,0.0,0.0,224
367181750,1.7108893,2.874178,0.0,7.9,1102
367181760,0.0,0.0,0.0,0.0,58
367181880,7.7448277,10.041174,0.0,24.4,232
367182120,2.7879486,3.736258,0.0,9.8,1170
367182290,0.0009708738,0.009817266,0.0,0.1,412
367182320,0.0014669928,0.013925555,0.0,0.2,409
367182730,0.9443478,2.2958355,0.0,9.3,1150
367182840,5.913295,5.879352,0.0,14.7,346
367182860,3.672826,6.012232,0.0,16.7,276
367183000,0.0,0.0,0.0,0.0,232
367183020,1.2769494,2.9742303,0.0,12.5,1167
367183240,0.0029325513,0.016896524,0.0,0.1,341
367183360,0.2184466,0.96207434,0.0,9.3,1133
367183730,0.06963855,0.060541954,0.0,0.3,415
367183910,0.00048780488,0.0069843032,0.0,0.1,205
367183990,0.125,0.05,0.1,0.2,4
367184660,0.84934264,2.1572018,0.0,8.3,1141
367184740,0.03271028,0.047466397,0.0,0.2,428
367185000,0.0,0.0,0.0,0.0,400
367185050,0.0072972975,0.029281937,0.0,0.5,1110
367185090,0.003690037,0.018886598,0.0,0.1,271
367185180,3.556383,1.6148415,0.4,6.8,188
367185530,1.0791667,1.7707722,0.0,6.2,24
367185680,0.070886075,0.07829383,0.0,0.4,395
367185880,1.1524334,2.8569472,0.0,11.2,1089
367186070,0.121209465,1.1927437,0.0,15.1,1141
367186210,0.0011039559,0.01282677,0.0,0.2,1087
367186340,3.9055603,3.889791,0.0,9.1,1151
367186360,2.599374,2.40613,0.0,6.3,1118
367186370,1.4050622,2.7215195,0.0,9.7,1126
367186380,0.002610261,0.016506353,0.0,0.2,1111
367186410,1.4357759,2.0836322,0.0,7.1,1160
367186630,2.7379024,5.698465,0.0,22.4,839
367186690,0.034426227,0.26887745,0.0,2.1,61
367186840,3.7989557,3.0521297,0.0,7.9,383
367187080,0.0009950249,0.00993771,0.0,0.1,402
367187120,3.4225323,6.1044197,0.0,18.9,466
367187130,1.7193772,3.5646636,0.0,17.6,1156
367187140,1.1871818,2.1685965,0.0,6.8,1100
367187790,1.7847345,3.5865803,0.0,12.6,452
367188380,0.08337778,0.15945628,0.0,0.6,1125
367188450,0.0032345015,0.017715363,0.0,0.1,371
367188610,0.0019247595,0.013745419,0.0,0.1,1143
367188670,5.580247,6.773873,0.0,16.2,81
367188740,0.010526316,0.03085203,0.0,0.1,95
367188940,0.57163864,1.9230497,0.0,8.4,476
367189020,1.8660688,3.4078634,0.0,10.9,669
367189030,0.012673612,0.045040432,0.0,0.7,1152
367189510,3.4410481,4.1281304,0.0,11.1,1145
367189570,1.1903603,2.8798444,0.0,16.5,1027
367189580,0.20339367,0.60793114,0.0,4.6,442
367189610,6.790141,0.7016,2.6,9.8,142
367189840,0.0005586592,0.007474351,0.0,0.1,179
367189890,0.0125,0.0341565,0.0,0.1,16
367189940,0.6082413,1.70368,0.0,8.1,1177
367190220,0.00024271845,0.0049266466,0.0,0.1,412
367190250,0.0030075188,0.018511912,0.0,0.2,399
367190280,7.458696,2.6571143,0.0,9.1,46
367190630,0.004388298,0.022948986,0.0,0.2,752
367191170,4.358548,5.9458466,0.0,14.4,427
367191190,1.431621,2.4973073,0.0,8.3,1129
367191410,5.7857404,1.2543468,1.9,9.3,547
367191630,4.823791,5.961,0.0,13.5,517
367192060,4.0424604,6.256561,0.0,17.6,504
367192240,3.885714,2.280664,1.2,6.7,7
367192710,0.8283749,4.082046,0.0,24.1,1163
367192940,0.027777778,0.04608886,0.0,0.1,18
367192970,7.764151,10.416359,0.0,25.8,477
367193150,0.0038674036,0.026556043,0.0,0.3,362
367193790,0.43056768,1.394804,0.0,6.6,687
367194000,0.7304054,1.4445138,0.0,4.2,148
367194110,3.312987,2.7061992,0.6,9.6,77
367194680,3.1755102,1.1518651,0.1,5.3,147
367195440,8.859649,7.4300756,0.0,18.6,57
367196000,3.7446768,6.6946745,0.0,21.8,526
367196660,6.852,2.865749,0.0,12.7,125
367197230,0.0007009346,0.0083525535,0.0,0.1,428
367197410,0.0050000004,0.021978417,0.0,0.1,60
367198880,0.66758347,1.4000528,0.0,11.3,509
367198950,2.6943562,3.292435,0.0,10.6,1134
367199000,1.4279069,2.0843322,0.0,5.7,43
367199090,0.0,0.0,0.0,0.0,376
367199750,0.0015384615,0.016582498,0.0,0.3,650
367199860,0.0014479639,0.01195111,0.0,0.1,1105
367211000,0.0,0.0,0.0,0.0,423
367214000,0.0,0.0,0.0,0.0,406
367221000,0.0,0.0,0.0,0.0,366
367222000,0.0,0.0,0.0,0.0,416
367240000,0.0881295,0.03345281,0.0,0.2,1112
367255000,0.029411765,0.04696682,0.0,0.1,17
367263000,7.578685,4.5267286,0.0,16.2,441
367265000,0.0002770083,0.005263158,0.0,0.1,361
367267000,0.000536193,0.0073126717,0.0,0.1,373
367276000,0.009929079,0.030721879,0.0,0.2,423
367288000,0.045454547,0.068755165,0.0,0.2,11
367289000,0.0008174387,0.009008295,0.0,0.1,1101
367290000,0.0016129033,0.012631178,0.0,0.1,186
367292000,8.7260036e-05,0.002953981,0.0,0.1,1146
367294000,0.0,0.0,0.0,0.0,180
367297000,0.0002624672,0.005123155,0.0,0.1,381
367299000,9.843804,2.7140822,0.0,14.5,573
367299170,0.0,0.0,0.0,0.0,1157
367299350,0.0,0.0,0.0,0.0,247
367299580,1.1717813,4.6229,0.0,22.1,1134
367299720,0.001635514,0.0126985535,0.0,0.1,428
367299860,0.014159293,0.034914747,0.0,0.1,339
367300080,0.120973445,0.9776479,0.0,19.2,1130
367300090,4.531765,6.072495,0.0,19.0,170
367300160,3.7260578,4.485751,0.0,11.8,591
367300350,1.752931,3.205925,0.0,10.1,1160
367300490,0.00052910054,0.0072739297,0.0,0.1,189
367300850,5.614754,2.554593,0.7,9.1,61
367300910,2.8678126,1.7075881,0.1,10.0,320
367300990,0.009302326,0.07334743,0.0,0.8,301
367301010,0.091088265,0.45792744,0.0,4.7,1167
367301310,0.022847401,0.04824293,0.0,0.3,1173
367301340,0.08699911,0.093887076,0.0,1.0,1123
367301350,4.9758363,1.1306003,1.7,7.8,269
367301390,0.0,0.0,0.0,0.0,399
367301450,0.28347677,1.4069664,0.0,7.6,1162
367301480,3.8773317,5.285024,0.0,102.2,772
367301760,0.00086956524,0.009297901,0.0,0.1,345
367302370,0.86190474,1.9993559,0.0,8.1,1176
367302380,0.00345679,0.018290864,0.0,0.1,405
367302430,0.0,0.0,0.0,0.0,34
367302470,0.05896104,0.08119524,0.0,0.7,385
367302540,0.0002617801,0.005116445,0.0,0.1,382
367303080,0.45345345,1.2558503,0.0,7.0,999
367303180,0.002920354,0.01684512,0.0,0.1,1130
367303720,0.041717794,0.058202412,0.0,0.5,652
367303910,5.304167,3.8321838,0.0,9.8,24
367304000,0.005895692,0.07014063,0.0,1.2,441
367304010,2.4127927,3.9223049,0.0,13.3,555
367304020,0.0007425743,0.008595865,0.0,0.1,404
367304080,0.0,0.0,0.0,0.0,5
367304230,2.2969947,2.4915786,0.1,11.2,366
367304380,0.0057142857,0.023221593,0.0,0.1,1155
367304530,2.3587286,2.3275788,0.0,8.3,1117
367304990,2.3744612,3.818217,0.0,10.4,603
367305040,2.3469224,5.3966403,0.0,16.9,1121
367305050,1.6594595,2.3813465,0.0,6.9,37
367305120,0.045180723,0.05779507,0.0,0.2,166
367305380,4.6266274,2.8099632,0.0,8.4,169
367305420,0.43993086,1.7601498,0.0,10.9,1157
367305570,0.011764705,0.15370195,0.0,2.1,187
367305890,0.6875969,2.056407,0.0,8.9,387
367305920,1.0192022,2.2275045,0.0,10.7,1078
367306340,0.0,0.0,0.0,0.0,404
367306370,2.1564357,2.8952863,0.0,9.8,101
367306490,3.482939,3.9795454,0.0,13.0,592
367306510,0.056410257,0.3686768,0.0,3.1,429
367306520,2.3561845,2.1583612,0.0,6.2,1148
367306820,0.0018716577,0.013570375,0.0,0.1,374
367306860,0.90181816,2.2613447,0.0,12.5,1155
367306890,4.2224917,4.8301697,0.0,11.2,1156
367306920,0.88376737,1.6553593,0.0,11.3,1152
367306940,2.9254467,2.9612215,0.0,9.9,1175
367307120,1.0508921,1.9475611,0.0,11.7,1177
367307320,0.014798206,0.035588104,0.0,0.1,223
367307690,0.0012468828,0.0111104185,0.0,0.1,401
367307820,0.0,0.0,0.0,0.0,400
367307850,0.05165031,0.052265182,0.0,0.2,1121
367308110,0.033333335,0.05,0.0,0.1,9
367308180,0.0055,0.022809435,0.0,0.1,1000
367308230,0.08289676,0.5248165,0.0,6.4,649
367308510,0.100095786,0.11754109,0.0,1.2,1044
367308570,0.0,0.0,0.0,0.0,7
367308610,0.3273196,1.4687182,0.0,9.1,388
367308910,0.0040431265,0.02104919,0.0,0.2,371
367308970,1.3564696,2.3451254,0.0,7.2,1167
367308990,4.553242,3.8706386,0.0,9.9,1172
367309210,0.41322094,1.684954,0.0,11.5,1127
367309330,0.027518427,0.044715676,0.0,0.1,407
367309370,0.28971377,1.307992,0.0,8.1,1118
367309390,0.0017199018,0.017811,0.0,0.3,407
367309420,8.278146e-05,0.0028771767,0.0,0.1,1208
367309740,0.00034542315,0.0058696466,0.0,0.1,1158
367309860,1.2127193,2.8829954,0.0,13.2,456
367309870,0.01448276,0.03531468,0.0,0.1,145
367309910,,,,,0
367309970,0.011904762,0.03243967,0.0,0.1,294
367309990,1.844,2.6866155,0.0,6.3,75
367310050,5.7504816,0.5985139,0.0,7.3,519
367310140,2.1683772,1.2280338,0.0,3.9,838
367310270,4.0623875,3.3633807,0.0,8.6,444
367310330,0.004127257,0.019900553,0.0,0.1,1163
367310510,0.49236113,1.5789208,0.0,11.6,1152
367311050,1.597561,2.562078,0.0,8.1,41
367311480,0.00030487805,0.0055215764,0.0,0.1,328
367311490,2.2755477,2.0487754,0.0,6.0,1141
367311510,1.0853549,2.322387,0.0,11.9,1113
367311590,7.4542685,7.2660766,0.0,18.5,164
367311640,2.2183194,3.8777423,0.0,15.5,595
367311660,0.05,0.063691474,0.0,0.3,54
367311790,0.0012135922,0.010962578,0.0,0.1,412
367311830,0.0006,0.007730428,0.0,0.1,500
367311840,0.0,0.0,0.0,0.0,41
367311850,0.24448337,0.8459732,0.0,3.9,1142
367312120,0.0,0.0,0.0,0.0,25
367312280,0.732948,1.8503774,0.0,6.4,346
367312380,0.045272205,0.077026255,0.0,0.5,349
367312510,0.070649356,0.09945604,0.0,0.7,385
367312950,2.5746768,2.4663682,0.0,7.6,928
367313000,0.0,0.0,0.0,0.0,279
367313120,0.39509803,1.4764076,0.0,9.9,612
367313160,3.6318583,4.54685,0.0,12.7,1130
367313240,9.533007,1.8453188,0.0,12.9,918
367313530,0.79363394,1.722155,0.0,6.5,1131
367313760,0.0,0.0,0.0,0.0,1042
367313850,0.45719922,1.6797805,0.0,9.4,507
367313950,4.44,1.9282116,1.7,5.9,5
367314350,3.7076924,1.4323133,0.4,6.8,273
367314380,0.9561021,2.081451,0.0,12.0,1098
367314420,0.18592322,0.64753914,0.0,5.6,547
367314430,0.22743745,1.0479388,0.0,7.4,1159
367314440,0.09025916,0.06730052,0.0,0.5,1119
367314490,2.7165368,3.907002,0.0,10.9,641
367314510,1.1976764,2.5648606,0.0,9.6,1119
367314530,0.01233871,0.03362925,0.0,0.3,1240
367314660,0.0,0.0,0.0,0.0,43
367314810,6.7635255,8.180981,0.0,23.2,573
367314820,6.8247423,4.81666,0.0,11.2,97
367314830,0.06727748,0.0989151,0.0,1.2,1146
367314870,0.5973981,1.4115263,0.0,8.3,1153
367315000,0.015089515,0.035840526,0.0,0.1,391
367315220,0.0,0.0,0.0,0.0,545
367315470,0.002081448,0.014282752,0.0,0.1,1105
367315540,0.48694518,1.7817122,0.0,10.7,1149
367315610,0.0,0.0,0.0,0.0,400
367315630,11.2300005,0.44234222,10.6,12.0,10
367315790,9.278135,3.009164,0.0,12.2,311
367316130,5.6979165,3.3837214,0.0,8.3,48
367316350,5.201911,5.8710117,0.0,16.3,157
367316420,0.013354038,0.034971178,0.0,0.2,322
367316630,4.42549,5.1465845,0.0,16.0,561
367316740,0.44363958,2.0433247,0.0,24.6,1132
367316910,0.01536232,0.037686735,0.0,0.2,345
367317080,0.03514212,0.05978555,0.0,0.4,1161
367317270,0.6074496,2.3641374,0.0,15.7,1141
367317340,15.953031,13.418061,0.0,32.0,66
367317630,0.12389771,0.7601287,0.0,7.5,1134
367317710,0.0006006006,0.0077381623,0.0,0.1,333
367317990,0.191133,0.17833164,0.0,1.2,203
367318540,0.0,0.0,0.0,0.0,585
367318570,1.8726174,2.275702,0.0,5.7,745
367318640,5.25,0.8720984,3.4,6.3,10
367318730,0.6630047,3.1904643,0.0,21.5,1065
367318750,5.6647515,2.9060407,0.0,9.6,905
367318760,1.561848,2.9579499,0.0,9.3,671
367318950,0.018911917,0.03921115,0.0,0.1,386
367319320,2.8851662,3.477328,0.0,10.3,1173
367319330,0.004953032,0.02170652,0.0,0.1,1171
367319370,7.4548388,1.9797034,3.5,10.1,31
367319430,1.226302,2.550793,0.0,8.8,1152
367320000,0.003491272,0.033731002,0.0,0.6,401
367320010,0.009226191,0.028982693,0.0,0.1,336
367320030,0.004491726,0.021849643,0.0,0.2,423
367320210,0.4137255,0.3477824,0.0,2.1,255
367320490,0.0,0.0,0.0,0.0,426
367320510,3.1513293,1.868528,0.0,5.5,489
367320710,2.2586744,1.5022794,0.0,5.1,513
367320740,3.1764104,1.4369017,0.0,4.9,390
367320750,0.0013975155,0.0117478855,0.0,0.1,644
367320890,3.3252907,1.3709714,0.0,4.8,344
367321010,2.6953847,2.5960512,0.0,8.0,585
367321040,2.721829,1.5296657,0.0,4.4,339
367321050,3.9802198,2.1884034,0.0,6.7,182
367321070,0.0015503876,0.012364144,0.0,0.1,645
367321280,0.0066767833,0.02498091,0.0,0.1,659
367321330,0.0069767446,0.02554985,0.0,0.1,172
367321680,0.0031088083,0.017378105,0.0,0.1,386
367321740,0.05775862,0.6220794,0.0,6.7,116
367321850,0.029032258,0.04614144,0.0,0.1,31
367322850,0.0,0.0,0.0,0.0,2
367323010,0.19403794,1.5560303,0.0,13.6,1107
367323150,0.026763286,0.044293914,0.0,0.1,1035
367323230,1.3709887,1.7864903,0.0,6.3,1072
367323360,4.6566668,3.3367012,0.0,8.5,30
367323540,0.0,0.0,0.0,0.0,2
367323610,0.002008032,0.014055762,0.0,0.1,249
367323780,0.55564785,1.6446787,0.0,7.2,602
367324040,2.802439,3.0174897,0.0,7.8,41
367324580,0.0,0.0,0.0,0.0,9
367324660,0.00028328612,0.005322463,0.0,0.1,353
367324810,0.021409215,0.061495833,0.0,0.6,1107
367325080,0.006265664,0.026254257,0.0,0.2,399
367325130,1.5033255,3.1569245,0.0,12.3,842
367325150,1.5466372,4.143016,0.0,20.7,1130
367325460,3.070515,3.5846426,0.0,10.2,563
367325520,3.8037124,4.257184,0.0,9.1,431
367325730,0.008187135,0.08853908,0.0,2.0,684
367325750,0.020524018,0.058891907,0.0,0.6,1145
367325760,1.5657068,2.6849446,0.0,12.6,1146
367325850,0.0016129033,0.012631178,0.0,0.1,186
367325910,0.0,0.0,0.0,0.0,5
367326060,5.545055,1.4440886,0.0,7.2,91
367326110,0.0,0.0,0.0,0.0,329
367326780,3.1489363,3.8291116,0.0,11.0,94
367327040,3.3327847,3.2583888,0.0,9.7,729
367327120,6.171696,5.7052846,0.0,13.2,1120
367327210,0.14044118,0.09613161,0.0,0.4,136
367327250,0.14136513,1.1008,0.0,12.0,1216
367327330,3.8643174,5.3873606,0.0,15.2,1121
367327360,0.035570472,0.2746186,0.0,2.8,149
367327540,1.0427468,2.172408,0.0,7.1,1165
367327620,0.04127424,0.34950367,0.0,4.6,361
367327630,0.86138463,1.2834257,0.0,3.7,650
367327650,2.8950267,4.02088,0.0,10.4,1126
367327760,0.00086956524,0.009325048,0.0,0.1,115
367327850,0.062068965,0.048586022,0.0,0.1,377
367327910,0.0103448285,0.030491924,0.0,0.1,406
367327960,0.0014925373,0.012170929,0.0,0.1,134
367327970,0.23105691,0.9423244,0.0,4.5,615
367328020,1.9868551,3.0875087,0.0,9.5,601
367328540,0.45865053,1.3489593,0.0,6.1,1156
367328780,0.012142858,0.032949403,0.0,0.2,1120
367328790,0.6334474,2.3489983,0.0,13.8,1169
367330080,0.0028503565,0.016660444,0.0,0.1,421
367330120,0.0,0.0,0.0,0.0,306
367330450,3.835821,2.9249036,0.0,7.8,67
367330510,0.77265483,2.2467544,0.0,11.8,1130
367330820,0.015145985,0.03687046,0.0,0.2,1096
367330830,0.34800443,1.2038099,0.0,6.0,902
367330890,1.2521164,2.3489664,0.0,6.9,1134
367330940,2.4806702,3.7163112,0.0,11.2,388
367331010,0.05,0.05773503,0.0,0.1,4
367331070,0.01509434,0.060116,0.0,0.4,53
367331110,0.4223368,1.3657899,0.0,8.6,1164
367331150,0.007142857,0.025795849,0.0,0.1,308
367331330,0.0014362658,0.011903399,0.0,0.1,1114
367331430,0.013775511,0.03870051,0.0,0.3,392
367331570,7.4888887,1.6939561,3.8,9.8,27
367331730,0.0,0.0,0.0,0.0,1196
367331770,6.057143,3.07455,3.2,12.3,7
367331830,0.916129,1.3874664,0.0,7.5,93
367331980,0.0010714286,0.010313816,0.0,0.1,280
367331990,0.0,0.0,0.0,0.0,302
367332010,0.0,0.0,0.0,0.0,372
367332090,0.016363638,0.045182385,0.0,0.5,330
367332830,0.008542247,0.094364494,0.0,1.9,1077
367332840,0.08832645,0.05768804,0.0,0.3,968
367332910,0.17683567,0.57142216,0.0,4.1,1144
367332930,0.16459854,1.0863396,0.0,9.7,1096
367332950,0.763907,2.0612907,0.0,8.7,1075
367333720,0.00069444446,0.008333334,0.0,0.1,144
367333740,2.5051327,2.5795002,0.0,6.8,565
367333760,0.001010101,0.010050379,0.0,0.1,99
367333770,3.8818183,0.11677483,3.8,4.1,11
367333780,0.28180382,0.80939484,0.0,5.8,632
367333880,0.00046224962,0.006788394,0.0,0.1,649
367333930,0.0011450382,0.010659568,0.0,0.1,262
367333940,0.22161172,0.71269614,0.0,4.9,546
367334040,0.00097517733,0.009831198,0.0,0.1,1128
367334320,0.0,0.0,0.0,0.0,43
367334410,0.12777777,0.5094107,0.0,3.8,72
367334590,0.0,0.0,0.0,0.0,408
367334660,0.3,0.0,0.3,0.3,2
367334770,0.0064102565,0.024525018,0.0,0.1,390
367334810,1.4454243,2.354623,0.0,9.5,601
367334910,5.4063435,5.328744,0.0,12.3,536
367335230,0.0,0.0,0.0,0.0,4
367335360,0.0075471695,0.026450766,0.0,0.1,371
367335510,6.26118,2.609079,0.1,11.1,644
367335590,0.048148148,0.44807515,0.0,6.6,243
367335830,1.5712217,3.5572116,0.0,15.0,1105
367335930,0.0,0.0,0.0,0.0,53
367336000,0.02240566,0.04174521,0.0,0.1,424
367336190,0.43693772,1.81238,0.0,11.5,1156
367336380,2.9180555,2.565224,0.0,7.5,72
367336580,0.3848199,1.3914766,0.0,11.3,1166
367336620,0.0062043797,0.025638552,0.0,0.2,274
367336720,5.886765,3.1188402,0.0,8.9,204
367336760,0.0013618676,0.011601463,0.0,0.1,514
367336982,7.2,,7.2,7.2,1
367337450,2.597143,3.0208576,0.0,7.8,35
367337690,1.1743902,3.0663126,0.0,10.2,1148
367337920,0.78397286,2.0607934,0.0,7.8,443
367337960,10.133333,0.9488438,8.3,12.0,636
367338000,0.9231051,0.31184945,0.0,1.9,818
367338120,2.3789475,3.9962242,0.0,14.6,399
367338260,3.899403,5.046704,0.0,11.9,335
367338310,0.0,0.0,0.0,0.0,758
367338430,1.728018,3.0175977,0.0,14.1,1110
367339120,0.0,0.0,0.0,0.0,400
367339130,1.365625,2.7054653,0.0,8.3,96
367339240,0.8177446,1.4441198,0.0,4.9,603
367339380,0.025557011,0.048218094,0.0,0.3,763
367339560,0.08399281,0.7787196,0.0,10.0,1112
367339590,0.0,0.0,0.0,0.0,51
367339630,0.0010033445,0.0099830385,0.0,0.1,299
367339650,6.935777,7.024956,0.0,21.1,341
367340090,0.03871528,0.37831455,0.0,7.3,1152
367340130,0.16344085,0.9511203,0.0,7.2,279
367340160,0.0003875969,0.006225728,0.0,0.1,258
367340290,0.002,0.0140175335,0.0,0.1,400
367340430,0.26169264,0.99687135,0.0,6.7,449
367340440,0.7887295,1.8202422,0.0,9.3,488
367340460,2.8075821,2.285767,0.0,7.0,1187
367340680,3.551757,4.287273,0.0,10.4,626
367341010,0.0,0.0,0.0,0.0,407
367341030,0.3,0.30771685,0.0,2.4,291
367341190,0.0019390582,0.013808478,0.0,0.1,361
367341220,0.008333334,0.028232986,0.0,0.1,24
367341340,0.00562249,0.023081947,0.0,0.1,249
367341450,0.021754809,0.041573126,0.0,0.2,832
367341590,0.0,0.0,0.0,0.0,428
367341890,3.3394337,3.830895,0.0,9.6,459
367342210,4.8236613,2.982459,0.0,9.4,579
367342230,6.8519163,5.380125,0.0,12.6,574
367342960,12.361933,1.4757501,1.3,13.6,859
367343230,0.7325175,1.8360419,0.0,10.5,1144
367343420,0.57433707,1.6384168,0.0,7.5,1169
367343430,2.7553725,2.6866686,0.0,8.3,1154
367343460,1.1410306,2.40485,0.0,9.8,524
367343490,2.2339683,2.6712472,0.0,9.7,315
367343510,2.3142858,2.760857,0.0,10.0,273
367343530,1.1478056,2.0375793,0.0,9.0,638
367343630,8.526712,3.8038266,0.0,12.6,584
367343790,0.0,0.0,0.0,0.0,10
367344010,3.5112088,2.7382078,0.0,8.4,455
367344810,0.72086513,1.9470077,0.0,11.9,393
367344920,2.90625,1.8664218,0.0,5.7,1088
367345360,0.19121562,0.8169948,0.0,7.4,1127
367345720,1.6243243,2.1630023,0.0,6.1,74
367345940,0.0,0.0,0.0,0.0,400
367346050,0.0038135594,0.029648136,0.0,0.3,236
367346290,3.4562335,0.658956,1.1,5.2,377
367346510,0.0010335917,0.0101269875,0.0,0.1,387
367347130,7.8848248,12.451323,0.0,36.3,1140
367347150,0.0,0.0,0.0,0.0,1148
367347650,0.0038426353,0.019231122,0.0,0.1,1093
367348080,3.5412788,1.5618944,0.0,7.0,172
367348220,11.076412,3.0558982,0.0,12.2,797
367348240,0.043366335,0.2449501,0.0,2.2,505
367348670,0.0014450867,0.011951285,0.0,0.1,346
367348960,0.004480458,0.020697335,0.0,0.1,1049
367349170,0.2523585,0.9414008,0.0,8.2,424
367349290,0.0,0.0,0.0,0.0,365
367349430,0.20394391,0.9142979,0.0,9.6,1141
367349450,1.4090431,2.704669,0.0,9.5,1139
367349790,0.00072332734,0.008477884,0.0,0.1,1106
367349860,0.0,0.0,0.0,0.0,418
367350050,3.1395454,4.333388,0.0,13.4,440
367350060,0.00473613,0.02188364,0.0,0.2,739
367350170,0.022122303,0.24420519,0.0,4.1,1112
367350190,0.49602765,1.4341018,0.0,7.5,1158
367350310,0.09856734,0.103241764,0.0,0.6,349
367350360,0.034292568,0.057588067,0.0,0.3,417
367350460,4.460256,0.8753672,0.1,5.7,234
367351210,11.477315,5.108597,0.0,16.2,216
367351520,3.9140804,3.3638625,0.0,11.6,696
367351740,4.442202,7.3732266,0.0,22.6,436
367352010,0.00028490028,0.0053376053,0.0,0.1,351
367352250,1.4339026,2.653584,0.0,11.4,1171
367352550,5.7908163,3.5827792,0.0,9.9,98
367352630,1.2510841,2.501257,0.0,12.3,1153
367352890,3.3471596,2.5372965,0.0,10.9,1109
367352920,0.01984127,0.04059212,0.0,0.2,378
367353070,8.128157,6.38923,0.0,14.8,689
367353090,10.1195345,3.4775314,0.0,13.6,988
367353110,16.453663,0.941072,14.0,18.4,628
367353590,0.0009852217,0.009889003,0.0,0.1,406
367353660,0.304614,1.5259671,0.0,12.8,1127
367354090,1.4932344,3.0130029,0.0,16.1,606
367354350,8.738571,6.238294,0.0,14.4,70
367354360,7.9621267,5.104293,0.0,15.0,602
367354540,2.727209,3.2605834,0.0,13.0,1143
367355120,0.005198238,0.022208933,0.0,0.1,1135
367355240,2.8883748,4.4171424,0.0,11.8,843
367355270,0.0002747253,0.0052414243,0.0,0.1,364
367356110,0.021212121,0.104948215,0.0,2.4,1155
367356340,0.018130312,0.11006153,0.0,1.6,353
367356580,0.0,0.0,0.0,0.0,353
367357110,2.389237,2.9083886,0.0,8.6,734
367357150,4.799647,3.046458,0.0,11.6,850
367357310,0.22227979,1.0868857,0.0,7.6,386
367357330,0.6639687,1.7311156,0.0,9.4,383
367358240,0.000913242,0.009523511,0.0,0.1,438
367358330,0.1820711,0.80192494,0.0,7.3,647
367358340,1.1274222,2.5595558,0.0,8.7,1156
367359070,0.0,0.0,0.0,0.0,75
367359580,4.37438,2.6622155,0.0,7.1,242
367359790,3.5695133,5.804805,0.0,20.8,1007
367359930,1.176,3.182451,0.0,11.4,1100
367359940,0.0012820513,0.011286186,0.0,0.1,156
367360240,0.029568108,0.04643432,0.0,0.2,301
367360260,0.011214954,0.03767755,0.0,0.3,428
367360270,0.019444443,0.04013865,0.0,0.1,36
367360360,3.3564415,6.1893163,0.0,16.8,326
367360410,0.034649123,0.09609724,0.0,1.2,228
367360430,2.292974,2.8908908,0.0,9.8,612
367360510,3.2344632,3.542306,0.0,9.4,354
367360560,0.0031690141,0.017548308,0.0,0.1,284
367361050,0.0007181329,0.008447581,0.0,0.1,1114
367361210,0.0,0.0,0.0,0.0,420
367361620,5.3196077,1.9212517,0.0,7.9,51
367361740,0.0,0.0,0.0,0.0,250
367361870,0.26666668,0.057735033,0.2,0.3,3
367361960,11.322264,0.36177802,10.3,12.0,530
367361970,0.03495935,0.04831465,0.0,0.2,369
367362000,0.0,0.0,0.0,0.0,426
367362010,9.020251,1.6299131,4.3,11.9,953
367362268,4.5,,4.5,4.5,1
367362420,1.3332589,2.164899,0.0,5.4,448
367362460,3.115963,2.1466193,0.0,7.2,758
367362710,3.0237513,2.8034167,0.0,9.6,1141
367362960,2.5592048,3.3458562,0.0,13.4,1157
367363000,0.06370371,0.066909924,0.0,0.7,270
367363590,0.010731707,0.03098941,0.0,0.1,410
367363650,4.0272903,2.6758962,0.0,9.2,524
367363740,0.4631068,1.1993502,0.0,4.9,412
367363780,1.6111611,3.667041,0.0,12.9,1111
367363930,4.7522936,6.6032333,0.0,21.2,218
367364150,3.459524,0.10605914,3.3,3.6,42
367364240,0.32840237,0.52100354,0.0,5.5,507
367364280,2.1935825,2.9184287,0.0,7.6,1044
367364440,0.7644934,2.0658598,0.0,12.6,1135
367364760,2.69701,4.0710034,0.0,13.2,602
367365210,0.58829224,1.6106622,0.0,7.1,1136
367365310,0.0046195653,0.02142774,0.0,0.2,1104
367365380,0.32668465,1.5019405,0.0,9.3,1113
367365680,0.0015873016,0.012531621,0.0,0.1,189
367366210,0.0,0.0,0.0,0.0,381
367366340,0.80101436,1.8315386,0.0,9.7,1183
367366390,1.9542199,4.1137824,0.0,17.6,391
367366480,0.016826924,0.037455566,0.0,0.1,416
367366520,0.0,0.0,0.0,0.0,418
367366670,0.047490347,0.07080277,0.0,0.5,518
367367270,9.087423,6.373956,0.0,18.3,326
367367390,0.021327015,0.0410591,0.0,0.1,211
367367430,14.590956,7.216966,0.0,27.4,785
367367530,0.18518518,0.8427404,0.0,7.8,1161
367367620,3.7037294,2.496246,0.0,7.5,1153
367367640,0.0,0.0,0.0,0.0,378
367367840,10.096497,5.847106,0.0,18.0,314
367367970,0.0,0.0,0.0,0.0,339
367368170,0.12420213,0.9174292,0.0,8.7,1128
367368180,2.0343435,5.508012,0.0,18.9,99
367368210,0.007788945,0.026833486,0.0,0.1,398
367368250,0.0,0.0,0.0,0.0,313
367368460,0.9232159,2.7511027,0.0,12.8,1107
367368480,0.35872194,1.4471582,0.0,11.4,1158
367368820,0.34870422,1.473898,0.0,9.5,1119
367368850,0.06938053,0.5686063,0.0,5.2,1130
367369060,0.00025951557,0.005089855,0.0,0.1,1156
367369550,0.45189655,1.8011203,0.0,10.7,1160
367369720,0.9169761,2.393386,0.0,10.9,1131
367369920,1.1322035,2.405257,0.0,7.2,944
367369930,4.8478646,1.3468955,0.0,7.0,1124
367369940,1.3144171,2.5668912,0.0,9.6,326
367369980,3.1185627,3.16288,0.0,9.6,167
367370000,0.24120481,0.15468058,0.0,0.8,415
367370160,0.002991453,0.05860795,0.0,1.5,936
367370230,0.0022038568,0.014701159,0.0,0.1,363
367370870,0.0,0.0,0.0,0.0,357
367370960,0.0,0.0,0.0,0.0,384
367371170,6.9948454,1.3006473,0.7,11.3,194
367371410,2.5986395,3.0325055,0.0,8.0,441
367371510,1.6621119,2.596509,0.0,6.8,644
367371520,0.008403362,0.10236019,0.0,1.5,238
367371790,1.8482352,2.798351,0.0,9.2,850
367371810,3.4637167,4.3248396,0.0,9.7,678
367371820,0.14373523,0.11228876,0.0,0.6,423
367371830,0.013350126,0.034054484,0.0,0.1,397
367371840,3.7700694,2.3597205,0.0,7.1,1156
367371850,0.71623313,2.0556958,0.0,10.3,1115
367372810,3.3598962,5.3018327,0.0,17.4,1157
367373000,0.002745793,0.016348597,0.0,0.1,1129
367373280,1.716,2.5253727,0.0,9.2,475
367373420,2.98,4.1191926,0.0,10.8,320
367373630,0.75912666,1.9702169,0.0,8.7,1145
367373640,0.0022727274,0.014960044,0.0,0.1,132
367373660,0.41766304,1.4363515,0.0,7.4,1104
367373880,0.0,0.0,0.0,0.0,397
367373960,7.071327,4.2766457,0.0,12.1,422
367373970,1.801615,2.8374336,0.0,8.7,805
367374140,0.0,0.0,0.0,0.0,1051
367374590,0.06724138,0.10216349,0.0,0.6,232
367374630,0.13434257,0.73867005,0.0,5.9,1156
367374930,1.6417383,2.3449593,0.0,6.1,1162
367374990,1.8472344,2.773807,0.0,11.6,1139
367375070,0.0006163328,0.007832493,0.0,0.1,649
367375090,12.022581,5.694847,0.0,16.6,62
367375350,0.03064067,0.04643355,0.0,0.2,718
367375360,0.0033837934,0.01904918,0.0,0.2,1123
367375550,0.7989655,2.2892177,0.0,9.3,290
367375620,0.0,0.0,0.0,0.0,1164
367375730,1.772305,2.676546,0.0,7.1,1141
367375750,0.0003257329,0.0057073017,0.0,0.1,307
367375970,6.2138357,5.535452,0.0,12.2,571
367376020,2.9476416,1.7316798,0.0,8.7,212
367376340,0.83274335,2.501861,0.0,11.7,339
367376370,0.0028545943,0.01868119,0.0,0.2,1121
367376440,8.936551e-05,0.0029894065,0.0,0.1,1119
367376530,0.28222865,0.18054733,0.0,1.2,1041
367376640,1.6698385,2.5275455,0.0,9.2,1177
367376740,3.6581373,5.4719987,0.0,16.3,1020
367376810,0.3756098,2.3384478,0.0,19.1,1107
367376880,4.0734377,2.6493347,0.0,9.0,128
367377430,3.9136362,3.3292634,0.0,8.0,44
367377490,0.0012903226,0.01130396,0.0,0.1,310
367377760,0.0012406948,0.0110830935,0.0,0.1,403
367377890,0.0012403101,0.027836248,0.0,0.7,645
367378120,1.1139153,2.3999145,0.0,13.6,1157
367378170,1.168052,2.2870655,0.0,6.9,1155
367378180,0.9128296,1.9594375,0.0,10.1,1138
367378280,4.7482014,2.0027645,0.0,6.8,139
367378670,0.003717472,0.022928203,0.0,0.2,1076
367378710,0.0,0.0,0.0,0.0,4
367378960,3.1961854,3.865969,0.0,11.9,734
367379070,1.3898551,2.2680438,0.0,9.1,207
367379110,0.0,0.0,0.0,0.0,12
367379190,0.007404181,0.026195304,0.0,0.1,1148
367379290,0.012662619,0.036504444,0.0,0.3,1153
367379320,5.859735,10.337404,0.0,32.1,755
367379540,4.0587034,2.4071171,0.0,8.0,1126
367379660,2.317802,3.6135516,0.0,11.8,1101
367379670,1.3578712,2.8598986,0.0,10.6,1118
367379770,0.10138648,0.12113149,0.0,1.0,1154
367379810,3.3478444,3.1142888,0.0,12.6,719
367379820,7.4800005,7.6476793,0.5,16.5,5
367379890,2.705569,4.0076737,0.0,13.2,413
367379910,2.855416,3.0766773,0.0,10.2,877
367380280,0.17988361,1.0240264,0.0,10.4,1203
367380840,0.2519084,0.90207887,0.0,5.1,131
367380880,9.376543,11.270224,0.0,28.2,648
367380890,1.0393846,2.125242,0.0,7.0,325
367380940,0.027891157,0.0448682,0.0,0.1,1029
367381000,0.0,0.0,0.0,0.0,431
367381320,0.15090129,0.7070166,0.0,6.8,1165
367381610,0.00038659797,0.006209672,0.0,0.1,776
367381920,0.0054,0.022624405,0.0,0.1,500
367381930,9.266956,1.7132559,0.0,11.6,460
367382090,6.9126086,6.243597,0.0,18.6,230
367382280,0.0012738854,0.013786418,0.0,0.2,314
367382320,0.32386485,1.09304,0.0,5.6,947
367382920,0.7423805,2.303413,0.0,10.3,1109
367383660,0.0005123826,0.007142779,0.0,0.1,1171
367384000,0.0,0.0,0.0,0.0,439
367384020,3.3748748,2.387951,0.0,6.7,800
367384040,0.2440678,0.5943871,0.0,7.0,413
367384410,0.021112077,0.045079414,0.0,0.4,1151
367384460,5.3862586,2.7715397,0.0,8.8,735
367384520,0.0014311271,0.011882377,0.0,0.1,1118
367384580,0.0,0.0,0.0,0.0,424
367384710,0.046064813,0.05036549,0.0,0.2,432
367384780,0.27792868,1.3484206,0.0,8.9,1178
367385380,0.46353275,1.9791002,0.0,24.4,351
367385530,9.131192,2.3166347,0.0,12.0,109
367385550,0.012349397,0.062170397,0.0,0.7,332
367385760,0.00045330916,0.0067205937,0.0,0.1,1103
367385940,6.957895,0.60877883,6.1,8.3,38
367385950,0.46986303,1.568625,0.0,8.8,657
367386460,4.9033895,1.8501527,0.0,6.8,118
367386570,1.2596039,1.859643,0.0,9.2,1161
367386710,0.00094339624,0.009712859,0.0,0.1,106
367386890,0.17166212,1.5246209,0.0,23.5,1101
367386950,2.0778182,1.7245307,0.0,10.4,550
367387060,1.4380785,4.9138575,0.0,24.1,1145
367387070,0.36666667,0.057735022,0.3,0.4,3
367387350,5.0613294,3.123045,0.0,10.0,331
367387420,3.0392187,7.0782466,0.0,25.0,691
367387860,0.29553026,1.277809,0.0,12.2,1141
367387930,0.45310795,1.2620354,0.0,5.7,917
367388170,2.4980264,2.96469,0.0,8.7,608
367388340,1.606822,3.1421814,0.0,13.0,601
367388450,0.0,0.0,0.0,0.0,1160
367388520,0.004295943,0.025521701,0.0,0.3,419
367388530,0.744306,2.2609136,0.0,14.2,1124
367388580,2.4888887,2.5682495,0.0,7.8,477
367388640,0.4174603,1.6046846,0.0,7.4,63
367388660,0.022453703,0.05215093,0.0,0.4,432
367388680,0.59931684,1.5839579,0.0,9.4,1171
367389000,0.22205128,1.1037333,0.0,13.2,390
367389230,1.0596871,2.7111251,0.0,10.2,1151
367389450,0.0072489083,0.092033334,0.0,2.0,1145
367389480,0.58510447,1.4818954,0.0,8.7,1101
367389530,0.8727114,1.9353143,0.0,8.7,1147
367389540,0.16975881,0.76792365,0.0,6.4,1078
367389840,8.9525514e-05,0.0029920815,0.0,0.1,1117
367390130,1.3458987,1.927081,0.0,9.6,573
367390470,0.023618093,0.043695476,0.0,0.2,398
367390720,0.0019553073,0.013852298,0.0,0.1,1074
367390740,0.0,0.0,0.0,0.0,1102
367390870,1.269544,2.059451,0.0,5.8,614
367390880,2.4441006,1.5795903,0.0,8.6,517
367390890,3.130466,0.7617451,0.8,4.9,279
367391180,2.844091,3.24883,0.0,10.2,220
367391240,0.35416666,0.9914439,0.0,5.1,48
367391260,2.4082615,4.120481,0.0,12.8,1162
367391830,7.082873,9.302729,0.0,29.9,362
367391920,4.9440947,4.575699,0.0,11.1,254
367392000,4.6372013,1.2113488,0.2,8.7,586
367392020,0.12542595,0.56376445,0.0,4.4,763
367392030,0.57055014,1.5073477,0.0,6.6,618
367392090,5.7,0.2828428,5.5,5.9,2
367392170,0.05,0.07071068,0.0,0.1,2
367392650,0.015555555,0.036446393,0.0,0.1,90
367393020,1.6547922,2.9842799,0.0,9.7,1179
367393030,4.8098664,4.6682987,0.0,14.9,750
367393180,0.1638484,0.17380941,0.0,1.0,343
367393270,1.0461698,3.5807753,0.0,15.7,483
367393390,0.00024509805,0.0049507376,0.0,0.1,408
367393650,1.9781388,2.886242,0.0,11.6,1139
367393670,0.0,0.0,0.0,0.0,26
367393830,0.00017857143,0.0042238827,0.0,0.1,1120
367394060,0.009966778,0.030005537,0.0,0.1,301
367394690,4.463158,5.7289867,0.0,23.8,76
367394940,0.50395864,1.6540717,0.0,12.6,1162
367395010,1.4876298,1.5934479,0.0,5.3,1156
367395270,0.8823214,1.4524916,0.0,4.5,1120
367395280,0.38076922,1.4227527,0.0,8.7,286
367395870,0.015789473,0.0920438,0.0,1.0,228
367395980,2.766847,3.712524,0.0,9.6,555
367396080,6.1770835,0.486132,4.4,7.4,144
367396110,0.0,0.0,0.0,0.0,5
367396120,2.5920584,3.1619263,0.0,9.9,617
367396130,0.006,0.023989795,0.0,0.1,50
367396140,0.46351236,1.544786,0.0,8.0,1173
367396520,2.1521473,3.841985,0.0,11.4,1141
367396620,4.0957375,3.7282636,0.0,10.8,305
367396670,0.5926091,2.092242,0.0,11.2,1123
367396710,0.6050621,1.9426903,0.0,11.0,1126
367396720,3.026292,2.5553257,0.0,7.7,445
367396770,0.21228956,1.1018001,0.0,9.6,594
367396890,0.027137548,0.052967742,0.0,0.5,269
367396930,0.0016574586,0.012784765,0.0,0.1,362
367397090,2.3490067,3.7441106,0.0,13.0,755
367397320,0.03974026,0.05108138,0.0,0.2,385
367397340,0.0,0.0,0.0,0.0,84
367397450,0.0,0.0,0.0,0.0,415
367397580,0.008658009,0.082953215,0.0,1.2,231
367397760,0.005376344,0.022572372,0.0,0.1,651
367397990,0.122752495,0.84355307,0.0,6.8,901
367398280,0.0,0.0,0.0,0.0,423
367398340,0.0025993884,0.027269319,0.0,0.5,654
367398450,2.977311,3.4207752,0.0,9.4,357
367398520,0.003735632,0.051073313,0.0,0.9,348
367398790,6.347881,3.9569783,0.0,10.8,1109
367398810,0.007035176,0.025606079,0.0,0.1,398
367398920,0.109281965,0.08662334,0.0,0.5,1142
367398940,2.051101,3.135982,0.0,10.4,1090
367399210,0.0,0.0,0.0,0.0,787
367399230,0.0,0.0,0.0,0.0,409
367399340,0.009497207,0.030297752,0.0,0.2,358
367399360,0.84004796,1.855191,0.0,7.1,417
367399880,1.899689,2.5620887,0.0,8.2,643
367399980,6.505437,1.9409229,0.0,8.8,1030
367400240,0.00024038462,0.0049029035,0.0,0.1,416
367400370,0.0125,0.03535534,0.0,0.1,8
367400420,5.8202057,7.3885403,0.0,17.4,1069
367400740,1.59326,3.4010525,0.0,14.4,727
367400840,3.5619717,3.0335443,0.0,8.2,71
367400930,0.019132653,0.047075745,0.0,0.3,392
367401030,0.7859042,2.3072636,0.0,12.3,1128
367401170,0.7449189,1.6391829,0.0,7.5,1171
367401290,1.6824831,3.2507627,0.0,10.6,1039
367401320,0.5,1.6485872,0.0,9.0,288
367401480,0.0,0.0,0.0,0.0,175
367401670,0.0007162041,0.008436302,0.0,0.1,1117
367401940,0.24793577,1.4219689,0.0,12.7,436
367401960,2.0500891,3.3021688,0.0,9.9,1124
367402050,1.6380166,3.1958182,0.0,11.9,605
367402280,0.0,0.0,0.0,0.0,28
367402370,0.06486487,0.04806512,0.0,0.1,74
367402410,2.9698112,1.1098837,0.0,3.9,106
367402440,0.19061728,0.61415714,0.0,7.6,405
367402450,2.5320756,2.4428098,0.0,6.2,371
367402520,4.213172,1.2538238,0.0,6.2,744
367402530,2.6666667,2.660606,0.0,7.2,18
367402540,1.672,1.8506145,0.0,4.6,125
367402550,1.9530972,2.9615307,0.0,8.3,339
367402560,0.0,0.0,0.0,0.0,649
367402570,0.00046153847,0.0067831865,0.0,0.1,650
367402650,3.3672633,1.4372169,0.0,4.8,391
367402660,2.432184,2.3472524,0.0,5.6,174
367402680,0.00031007754,0.0055641355,0.0,0.1,645
367402690,3.5115755,1.5821365,0.0,5.2,311
367402730,2.716279,0.3063487,2.1,3.2,86
367402820,0.3494382,1.1584324,0.0,5.5,1157
367402950,0.0,0.0,0.0,0.0,218
367402990,3.8785048,2.5592659,0.0,7.0,428
367403140,0.029516995,0.048300937,0.0,0.2,1118
367403330,0.0026570049,0.016101772,0.0,0.1,414
367403580,3.2521663,3.0631614,0.0,8.7,1131
367403640,0.0,,0.0,0.0,1
367403960,0.0,0.0,0.0,0.0,369
367403980,0.014016173,0.034762356,0.0,0.1,371
367404630,0.041860465,0.049916875,0.0,0.1,43
367404790,0.034309626,0.094956495,0.0,2.0,717
367404860,0.00034246576,0.0058520576,0.0,0.1,292
367404910,1.6557034,2.6629443,0.0,7.4,526
367405720,2.6431563,1.8878062,0.0,5.5,621
367405770,0.105949655,0.53515095,0.0,5.2,437
367405820,0.056147896,0.48490426,0.0,7.1,1163
367405830,0.0,0.0,0.0,0.0,392
367405840,0.8569756,2.322174,0.0,10.7,1025
367406030,7.2995095,6.2465715,0.0,17.9,204
367406410,0.0,0.0,0.0,0.0,403
367406570,0.92566997,1.2407584,0.0,19.4,709
367406610,0.0015527951,0.014685022,0.0,0.2,322
367406770,3.85,5.537668,0.0,13.7,14
367406910,0.011007027,0.032074846,0.0,0.2,427
367407750,1.7940657,2.8457482,0.0,8.9,792
367407980,7.5916667,3.737644,0.0,12.8,192
367408160,3.8330357,2.8097463,0.0,8.5,672
367408260,6.8338466,3.1780634,0.0,9.6,65
367408380,0.0015151516,0.01415027,0.0,0.2,396
367408390,0.0096,0.029498482,0.0,0.1,375
367408490,0.59931034,2.7526016,0.0,36.0,290
367408580,0.0009852217,0.009889003,0.0,0.1,406
367408780,0.0858156,0.6149691,0.0,6.0,423
367408930,0.46069154,0.26969233,0.0,1.4,1099
367409260,0.0,0.0,0.0,0.0,378
367409290,0.00036101084,0.006008418,0.0,0.1,277
367409340,3.667619,2.132558,0.0,6.2,525
367409660,0.65373445,4.489646,0.0,57.9,482
367409750,0.002538071,0.029303271,0.0,0.5,394
367410250,1.8753885,2.4365604,0.0,9.2,1158
367410780,4.4145513,2.0788357,0.0,6.8,323
367410990,5.4678855,1.6966559,0.0,8.0,1012
367411050,2.1565218,1.602048,0.0,6.3,943
367411230,0.0005681818,0.0075377836,0.0,0.1,176
367411370,0.012265759,0.032832354,0.0,0.1,587
367411610,8.466667,0.23094043,8.2,8.6,3
367411870,0.117539585,0.81299466,0.0,7.4,821
367411920,0.00080213905,0.008932178,0.0,0.1,374
367411940,0.03787879,0.39616904,0.0,6.9,330
367411950,0.0,0.0,0.0,0.0,153
367411960,0.0010928962,0.010411116,0.0,0.1,366
367411970,0.0,0.0,0.0,0.0,39
367412450,0.14000002,0.07367884,0.0,0.3,15
367412560,2.1218977,1.9505328,0.0,6.6,685
367412610,2.810274,2.6632814,0.0,8.7,584
367412620,1.8633587,2.2363718,0.0,7.1,393
367412630,0.3394093,1.1715914,0.0,8.0,1185
367412710,1.9401826,3.8742454,0.0,18.0,438
367412830,0.0003549246,0.005949613,0.0,0.1,1127
367412990,0.0,0.0,0.0,0.0,7
367413040,8.480673,7.1267495,0.0,21.4,119
367413160,0.004166667,0.020087529,0.0,0.1,96
367413270,0.00026478377,0.0051411665,0.0,0.1,1133
367413340,1.1777382,2.2756839,0.0,12.6,1123
367413350,1.9979718,2.8300128,0.0,8.0,1134
367414110,4.0593114,2.550887,0.0,8.7,639
367414130,0.0031132074,0.01942824,0.0,0.3,1060
367414170,0.0,0.0,0.0,0.0,319
367414180,0.0,0.0,0.0,0.0,291
367414380,0.0660326,0.47258753,0.0,6.7,368
367414780,0.0018604652,0.013543943,0.0,0.1,215
367414810,9.595402,1.0555366,0.0,11.1,348
367415010,1.7750652,2.4864423,0.0,10.9,1151
367415160,2.542474,4.81461,0.0,13.3,1156
367415180,0.008519793,0.12230085,0.0,2.4,1162
367415390,7.3984413,5.981223,0.0,16.1,770
367415840,0.00050251256,0.0070745344,0.0,0.1,995
367416060,7.1294336,2.9027677,0.0,9.5,795
367416150,0.07452831,0.4440209,0.0,4.4,106
367416320,0.0012987013,0.011396058,0.0,0.1,77
367416420,0.20642202,0.8413256,0.0,6.3,109
367416520,0.0,0.0,0.0,0.0,28
367416750,1.1160929,2.887594,0.0,9.8,1162
367416790,0.0049261083,0.051403698,0.0,0.8,406
367416830,,,,,0
367416890,0.12423699,0.9578379,0.0,9.1,1114
367417570,0.6701909,1.52418,0.0,7.0,681
367417740,0.006812652,0.02709174,0.0,0.2,411
367417780,0.0065015485,0.024693573,0.0,0.1,323
367418130,0.0011600928,0.010720547,0.0,0.1,431
367418240,0.023350254,0.09774469,0.0,0.9,197
367418360,0.0,0.0,0.0,0.0,424
367419000,0.0059225513,0.11025708,0.0,2.3,439
367419080,2.519665,3.547575,0.0,11.5,1134
367419130,0.010256411,0.030735474,0.0,0.1,39
367419290,0.009090909,0.035996053,0.0,0.2,88
367419310,4.182353,7.771804,0.0,25.4,306
367419340,0.80938053,2.2652223,0.0,11.1,1130
367419590,0.003940887,0.019480575,0.0,0.1,406
367419720,0.92602736,1.4767184,0.0,5.4,146
367419770,3.6156793,3.9404657,0.0,9.8,287
367419870,5.72663,1.1853834,0.0,6.8,184
367419960,4.9251165,4.6358037,0.0,11.1,215
367420170,5.550933,4.7749343,0.0,12.5,536
367420280,0.010309278,0.03128443,0.0,0.2,388
367420350,3.1996093,0.95229334,0.1,5.6,256
367420410,0.91475403,2.1963303,0.0,9.8,1159
367420440,1.3194349,3.1984344,0.0,10.7,1168
367420450,3.344186,1.0355173,0.0,5.4,516
367420750,0.07272727,0.100905,0.0,0.3,11
367420820,0.00024570024,0.004956816,0.0,0.1,407
367420850,0.049606297,0.056017876,0.0,0.3,381
367421310,4.0557294,3.1887562,0.0,8.7,384
367421590,1.5369146,1.9883013,0.0,7.5,1089
367421660,0.0015740742,0.012452843,0.0,0.1,1080
367421730,1.07,1.6095142,0.0,7.9,70
367421740,1.5344715,2.0315063,0.0,5.1,615
367421980,7.2087865,6.5852838,0.0,15.8,478
367421990,0.0,0.0,0.0,0.0,366
367422000,20.335531,2.541069,9.0,25.2,1168
367422010,0.003631285,0.025828995,0.0,0.4,1074
367422020,0.0017636684,0.013168494,0.0,0.1,1134
367422220,0.001084991,0.012716826,0.0,0.3,1106
367422430,3.3320556,3.0548542,0.0,9.7,861
367422720,3.9446807,0.48936895,3.1,4.9,47
367422770,1.2855486,2.577576,0.0,13.3,1121
367422920,0.006666667,0.040616717,0.0,0.3,60
367423000,0.023891626,0.042694762,0.0,0.1,406
367423260,0.5741453,1.6311588,0.0,7.2,468
367423550,0.0004819277,0.0069337124,0.0,0.1,415
367423620,0.010989011,0.031448547,0.0,0.1,91
367423730,2.0708003,3.6493092,0.0,13.7,1137
367423930,0.19719627,0.15132205,0.0,0.8,321
367424090,0.07033159,0.3593435,0.0,5.2,1146
367424310,0.92145324,1.6096789,0.0,8.5,289
367424420,1.7899058,2.9733438,0.0,11.2,743
367424740,0.0,0.0,0.0,0.0,65
367424810,0.03716012,0.14536193,0.0,2.5,331
367424830,1.0613282,2.1915665,0.0,8.2,512
367424960,4.8467565,5.103967,0.0,13.8,817
367425210,0.00025445293,0.0050443327,0.0,0.1,393
367425230,0.004761905,0.021723447,0.0,0.2,1113
367425370,4.7197676,2.476123,0.0,14.2,172
367425520,6.058991,9.738124,0.0,26.7,773
367425650,0.0,0.0,0.0,0.0,5
367425680,0.054166667,0.33834732,0.0,3.7,408
367425910,0.0005988024,0.0077266046,0.0,0.1,334
367426120,7.5563107,6.1469593,0.0,15.9,206
367426230,2.9666665,3.4881184,0.0,8.2,111
367426260,0.008633094,0.06655704,0.0,0.8,556
367426330,0.0037037039,0.019062588,0.0,0.1,54
367426410,4.0056257,7.96674,0.0,23.5,871
367426660,0.3531915,1.1947078,0.0,5.1,47
367426770,3.8980024,2.1630833,0.3,10.9,901
367426830,1.0797567,2.6892698,0.0,13.2,1151
367426860,7.0466666,0.14573291,6.8,7.4,15
367426920,0.3231198,1.4276383,0.0,8.9,359
367426950,1.922,3.2374556,0.0,9.3,500
367427060,0.0,0.0,0.0,0.0,20
367427260,0.35761246,1.4168384,0.0,8.7,1156
367427270,1.7067382,2.6682456,0.0,6.8,1024
367427470,7.2400002,11.871309,0.4,28.3,5
367427490,6.6508474,2.4349732,0.1,10.5,59
367427540,0.0004608295,0.0067884424,0.0,0.1,217
367427650,2.4403226,4.0940766,0.0,11.6,62
367427670,0.0001980198,0.004447736,0.0,0.1,1010
367428150,0.056726456,0.47668052,0.0,5.4,446
367428170,1.4418261,2.5709224,0.0,12.7,1150
367428270,0.000990099,0.009913267,0.0,0.1,404
367428330,7.9378834,1.0587398,6.3,9.6,1011
367428440,2.7129831,2.575501,0.0,6.2,647
367428620,6.3436794,4.1420503,0.0,11.6,1147
367428690,2.3724136,2.6344852,0.0,7.9,1131
367428750,0.031054687,0.2881761,0.0,5.1,512
367428760,0.26873785,0.90970415,0.0,5.6,515
367429570,3.2666667,5.5716543,0.0,9.7,3
367430030,0.0,0.0,0.0,0.0,1025
367430070,0.57513046,1.4275136,0.0,7.3,575
367430210,2.6528056,1.5065907,0.0,5.0,695
367430290,3.795224,1.3497975,0.0,5.0,335
367430330,4.4432926,3.2379842,0.0,9.5,328
367430370,0.47037035,0.2643058,0.1,1.0,27
367430750,1.2582289,2.841904,0.0,9.3,1118
367430760,0.038913235,0.33415547,0.0,6.1,1141
367430780,1.1767695,2.3203647,0.0,10.0,1102
367430790,0.9169507,2.506582,0.0,9.3,1115
367430810,0.69359463,1.8840674,0.0,7.2,1046
367430840,0.15412621,0.8255102,0.0,6.7,412
367430850,0.020466322,0.04870801,0.0,0.4,1158
367430870,1.9506061,1.9296006,0.0,9.9,330
367430980,0.0,0.0,0.0,0.0,219
367431060,3.9133277,3.9455965,0.0,12.2,1178
367431130,0.004731183,0.024968933,0.0,0.3,930
367431280,1.7,,1.7,1.7,1
367431410,0.0009876543,0.009901113,0.0,0.1,405
367431550,9.472658,3.0568242,0.0,13.2,395
367431634,0.0,,0.0,0.0,1
367431640,0.732841,1.7719698,0.0,11.4,1151
367431830,1.6912601,1.8023363,0.1,5.8,492
367431860,0.015517242,0.036363978,0.0,0.1,116
367432090,0.0013565891,0.011573607,0.0,0.1,1032
367432180,3.2213914,3.860768,0.0,9.7,1150
367432220,0.10604534,0.08536155,0.0,0.6,397
367432470,4.457249,4.271114,0.0,12.6,538
367432710,0.010927153,0.04366668,0.0,0.3,302
367432880,0.21773309,1.6079332,0.0,13.6,1094
367432980,0.0034912718,0.018378807,0.0,0.1,401
367433150,0.0,0.0,0.0,0.0,427
367433570,0.6212766,1.665841,0.0,10.6,470
367433620,0.63807225,1.5738798,0.0,10.2,415
367433650,0.03767956,0.2121454,0.0,3.3,905
367433690,3.4855263,1.4799187,0.0,4.8,380
367433770,0.0006890612,0.008275887,0.0,0.1,1161
367433780,1.7470217,3.168881,0.0,10.2,1108
367433990,1.4556841,2.2848675,0.0,8.7,519
367434000,0.02826087,0.04906687,0.0,0.4,322
367434020,0.0005988024,0.0077382326,0.0,0.1,167
367434080,3.5,0.9475113,2.2,4.7,10
367434160,11.444619,10.387031,0.0,28.6,511
367434320,2.7550447,4.5936236,0.0,14.8,783
367434360,3.2506306,4.7303247,0.0,13.7,555
367434580,1.736,2.4616106,0.0,8.5,850
367434610,3.7150517,1.6312927,0.0,5.3,485
367434630,0.9785714,0.9299947,0.0,2.9,14
367435050,7.7995195,3.6432652,0.0,12.4,208
367435150,4.1896214,3.0457904,0.0,10.0,607
367435420,0.0044303797,0.02064235,0.0,0.1,158
367435470,0.0019464721,0.013831991,0.0,0.1,411
367435670,2.3344882,3.816942,0.0,15.2,635
367435730,0.010160428,0.030253194,0.0,0.1,374
367435750,6.3166146,4.744117,0.0,12.5,644
367435780,1.2244387,2.2837062,0.0,8.9,1158
367435870,0.0011560693,0.010705217,0.0,0.1,346
367436030,2.2061539,2.8065083,0.0,7.7,1170
367436230,8.190435,10.418994,0.0,27.8,115
367436440,0.0,0.0,0.0,0.0,217
367436570,0.0011661808,0.010751517,0.0,0.1,343
367436690,0.8731656,1.8512298,0.0,8.1,477
367437150,0.24590309,1.2063465,0.0,8.3,1135
367437380,2.1061225,2.2742128,0.0,6.3,294
367437430,0.67006093,1.2474539,0.1,9.3,1149
367437640,0.23621434,1.1738915,0.0,7.0,1157
367437840,4.235187,0.94786024,0.0,5.7,1151
367438210,6.7217393,3.6758015,0.3,10.4,46
367438530,3.5308025,6.6968975,0.0,22.0,1159
367438630,4.383582,0.17285217,4.0,4.7,67
367438650,5.875,1.2737739,4.0,6.8,4
367438690,1.1980525,2.4311163,0.0,11.6,1181
367438710,1.15,1.0606601,0.4,1.9,2
367438910,0.00026455027,0.005143445,0.0,0.1,378
367439230,6.754737,2.6995854,0.0,10.2,380
367439360,4.9106064,2.3035564,0.0,9.3,1122
367439390,5.5039315,4.057985,0.0,11.6,814
367439490,0.0,0.0,0.0,0.0,205
367439590,0.023177085,0.042251393,0.0,0.1,384
367439810,1.4200172,2.0810096,0.0,9.6,1159
367440130,0.0015037594,0.012185516,0.0,0.1,399
367440310,0.0,0.0,0.0,0.0,1156
367440810,3.4068751,5.214603,0.0,16.6,480
367440830,3.6080632,4.706483,0.0,18.1,1079
367440840,0.0086720865,0.02818077,0.0,0.1,369
367440940,0.020512821,0.040907387,0.0,0.1,39
367441020,1.6331263,2.4131167,0.0,8.4,483
367441040,3.0934148,2.0755959,0.0,5.5,410
367441360,2.7205608,3.336158,0.0,8.7,107
367441370,0.004572908,0.020898711,0.0,0.1,1159
367441490,0.41135135,1.5708643,0.0,9.5,555
367441530,0.0023310024,0.021490544,0.0,0.2,429
367441870,0.49948412,1.630217,0.0,8.4,1163
367442120,3.712174,6.2946177,0.0,23.7,230
367442150,0.00064102566,0.007987107,0.0,0.1,624
367442380,0.0027874564,0.018489275,0.0,0.2,287
367442390,7.1191473,8.413664,0.0,27.8,1196
367442550,2.4317248,2.4591482,0.0,7.6,1119
367442640,1.5545673,2.8297691,0.0,8.4,416
367442770,2.7952464,3.5218158,0.0,10.7,1157
367442780,0.0,0.0,0.0,0.0,15
367443060,2.4235454,2.80786,0.0,7.5,1100
367443610,0.114285715,0.121498585,0.0,0.3,7
367443670,0.026298702,0.14480111,0.0,2.3,308
367443920,1.1882501,1.8441677,0.0,10.6,1200
367444220,0.30086806,1.0386865,0.0,8.6,1152
367444420,3.557576,1.4222066,0.2,6.2,99
367444540,1.8053061,2.5631995,0.0,10.0,490
367444590,8.364706,1.7732532,0.5,10.1,646
367444730,3.0453417,1.274073,0.0,5.7,1127
367444740,0.7209735,1.4784526,0.0,4.8,1130
367444940,0.93567073,2.5614598,0.0,10.6,656
367444970,0.0,0.0,0.0,0.0,373
367445000,1.4747345,4.083003,0.0,14.2,471
367445050,0.10120482,0.04838755,0.0,0.5,1162
367445120,0.011858975,0.03238245,0.0,0.1,312
367445260,0.009326425,0.02915587,0.0,0.1,193
367445470,0.0014693172,0.012037361,0.0,0.1,1157
367445510,7.7911763,0.1590413,7.4,8.1,68
367445570,0.019900497,0.0723802,0.0,0.7,402
367445660,0.12131148,0.1239822,0.0,0.8,61
367446260,0.0011111111,0.01051144,0.0,0.1,180
367446290,0.0,0.0,0.0,0.0,385
367446340,0.013461539,0.03651629,0.0,0.2,364
367446370,5.915972,3.6986108,0.0,9.6,432
367446870,0.0,0.0,0.0,0.0,428
367446940,2.1724637,0.91499054,0.0,4.2,552
367447060,0.015686275,0.07742172,0.0,1.0,408
367447110,0.0049327356,0.02170378,0.0,0.1,223
367447850,0.023978202,0.042753324,0.0,0.1,367
367448060,0.29407036,0.9873623,0.0,6.3,995
367448570,0.0012367491,0.011056825,0.0,0.1,1132
367448590,0.85743946,1.6975832,0.0,6.3,1156
367448840,3.2961905,2.628221,0.0,8.0,210
367449040,1.8516825,3.0213108,0.0,8.7,1159
367449270,0.010510511,0.030715033,0.0,0.1,333
367449480,2.2675326,2.6549082,0.0,6.8,77
367449660,0.0013333333,0.011547006,0.0,0.1,75
367449780,0.6099558,1.9959744,0.0,8.0,452
367449870,0.097777784,0.025755899,0.0,0.2,405
367450000,0.0,0.0,0.0,0.0,408
367450340,0.0,0.0,0.0,0.0,30
367450570,4.926858,5.18567,0.0,14.1,592
367450580,0.013021703,0.1826585,0.0,4.7,1198
367450790,0.0,0.0,0.0,0.0,183
367451080,0.00094017095,0.00965468,0.0,0.1,1170
367451090,0.95517236,1.5749345,0.0,6.1,29
367451120,0.0005607477,0.007470776,0.0,0.1,1070
367451270,3.8938503,2.9897482,0.0,7.1,374
367451290,7.88081,3.7451856,0.0,11.4,766
367451430,6.8078604,2.623064,0.3,30.6,229
367451560,0.00023696682,0.004867924,0.0,0.1,422
367451720,0.047222223,0.06914411,0.0,0.3,72
367452650,1.7937174,5.943098,0.0,25.7,1146
367452710,0.45957896,1.6949316,0.0,11.3,475
367452810,4.1521964,5.122743,0.0,14.0,1161
367452870,0.8501667,1.3131796,0.0,4.5,600
367452990,0.11309628,0.93723714,0.0,9.2,1153
367453000,0.11215597,0.3068774,0.0,3.9,436
367453020,2.9984732,1.9042047,0.1,7.5,1048
367453030,5.583274,0.6036537,3.9,7.2,281
367453040,0.0005,0.0070622014,0.0,0.1,400
367453420,0.6911894,0.6581209,0.1,4.9,454
367453560,0.00084033614,0.009141199,0.0,0.1,357
367453620,5.7620254,5.1629624,0.0,43.2,237
367454140,0.00076142134,0.008703714,0.0,0.1,394
367454680,0.0,0.0,0.0,0.0,2
367455140,1.8558453,2.7618108,0.0,9.2,1112
367455220,0.1984091,0.16035898,0.0,0.9,440
367455580,6.2518945,6.7954917,0.0,14.8,607
367455770,11.528201,1.0236732,9.1,13.1,695
367455780,2.4209707,5.359483,0.0,16.6,577
367456140,0.6,,0.6,0.6,1
367456350,0.5690617,1.6626401,0.0,11.3,1183
367456430,0.43842834,1.0729164,0.0,8.3,1158
367456640,3.957922,3.3072207,0.0,9.5,1155
367456680,0.5701113,1.5597434,0.0,5.9,629
367456750,2.6507177,1.9677233,0.0,6.0,209
367456760,2.5828319,2.7622256,0.0,8.3,1130
367456810,0.0,0.0,0.0,0.0,436
367456820,0.239375,1.0915396,0.0,7.5,160
367456830,0.022469137,0.18297277,0.0,3.1,405
367456840,3.9145253,1.3258246,0.1,5.5,537
367456850,2.7154622,2.6466413,0.0,8.3,595
367456860,0.018994413,0.1623421,0.0,3.2,537
367456870,0.34015614,1.0896971,0.0,9.9,1153
367456880,4.7783504,4.2866125,0.0,8.8,97
367456890,4.8869567,0.6305152,3.1,5.8,23
367456920,2.946442,1.6994959,0.0,4.9,267
367456930,0.8160246,1.6209438,0.0,6.9,649
367456940,0.0015325671,0.012290347,0.0,0.1,1044
367456950,0.4987091,1.5066913,0.0,7.1,1162
367456960,8.492617,2.241406,0.0,10.5,623
367456980,2.9956603,1.347505,0.0,5.6,1060
367457250,5.8055277,8.126384,0.0,28.5,1194
367457580,3.248305,3.5981019,0.0,12.2,236
367457590,0.9232356,2.1349938,0.0,11.5,921
367457870,0.0,0.0,0.0,0.0,358
367457960,0.000877193,0.009338352,0.0,0.1,342
367458050,2.3749733,2.0455215,0.0,7.4,931
367458460,0.0039534885,0.019509071,0.0,0.1,430
367458590,1.4017391,2.1061683,0.0,8.6,460
367458610,0.85902774,2.0686746,0.0,7.1,1152
367458630,0.0,0.0,0.0,0.0,26
367458640,2.6894965,3.4457874,0.0,9.4,1152
367458670,0.16803493,0.81771797,0.0,9.4,1145
367458710,0.0,0.0,0.0,0.0,151
367458760,0.41788548,0.8825203,0.0,7.2,1135
367458770,0.2852814,1.2033423,0.0,6.8,1155
367458790,0.0,0.0,0.0,0.0,7
367458840,3.3203125,3.9484692,0.0,11.6,1280
367459070,0.0010416667,0.010166157,0.0,0.1,384
367459110,0.0006029285,0.0077447398,0.0,0.1,1161
367459570,0.50828135,1.5916821,0.0,9.1,1123
367459860,0.0035433073,0.018523676,0.0,0.1,254
367460010,0.06595745,0.0852331,0.0,0.7,376
367460260,0.016587678,0.0577464,0.0,0.6,422
367460360,0.312007,0.9544473,0.0,5.2,1141
367460420,0.007834102,0.026932875,0.0,0.1,217
367460470,0.0010928962,0.010411116,0.0,0.1,366
367460660,0.00097323605,0.009829114,0.0,0.1,411
367460960,0.4568799,1.4112637,0.0,7.3,1141
367460990,5.534563,3.0498278,0.0,10.4,515
367461340,1.2012411,2.1988246,0.0,9.2,564
367461350,0.3321212,0.8609402,0.0,5.3,165
367461370,0.0055555557,0.022970038,0.0,0.1,180
367461710,2.737903,3.6848881,0.0,11.1,992
367461940,0.036546186,0.07585341,0.0,0.8,747
367462070,0.5428808,1.6112578,0.0,7.9,604
367462350,0.0019323672,0.013782653,0.0,0.1,414
367462360,1.5540825,2.0827496,0.0,6.0,1139
367463010,0.5800676,1.5720296,0.0,7.3,592
367463020,6.788841,7.0040736,0.0,18.2,1156
367463060,0.0,0.0,0.0,0.0,39
367463310,0.0026572188,0.01609007,0.0,0.1,1129
367463990,0.14520124,0.6195524,0.0,5.8,646
367464150,0.0026706234,0.01614632,0.0,0.1,337
367464670,0.6047702,1.9823623,0.0,11.0,1153
367464840,0.00054054055,0.007335554,0.0,0.1,1110
367465570,0.15884544,0.7929683,0.0,7.7,1074
367465650,0.0,0.0,0.0,0.0,358
367465950,0.027361566,0.046798237,0.0,0.2,307
367465960,2.069459,2.8494895,0.0,7.1,1146
367465980,2.0387511,2.9353926,0.0,11.1,1089
367466150,1.281826,2.6508696,0.0,8.9,1161
367466470,0.96307415,2.0315497,0.0,11.1,1132
367466650,0.6431896,1.7799299,0.0,7.7,1160
367467010,0.0669265,0.5408896,0.0,6.9,898
367467120,0.8506053,3.1675587,0.0,16.1,413
367467170,1.5212121,3.0139408,0.0,9.3,1155
367467180,0.14725609,0.5426964,0.0,4.2,984
367467330,0.13719007,0.8320047,0.0,7.2,363
367467480,0.0,0.0,0.0,0.0,3
367467650,0.003233831,0.017711742,0.0,0.1,402
367467740,3.7543352,6.360416,0.0,18.5,346
367467970,2.687805,0.4605032,1.5,3.9,123
367467980,0.1315371,0.7501041,0.0,5.8,1132
367468230,0.7844393,1.8471241,0.0,8.5,437
367468270,5.140694,0.7967995,2.1,8.0,317
367468580,0.17836538,0.72262484,0.0,6.0,208
367468610,5.2160354,2.6599598,0.0,9.9,1135
367468640,4.9549108,2.669981,0.0,8.3,672
367468730,4.760329,1.2330602,0.0,7.2,1094
367468880,4.609524,5.1645985,0.0,16.3,42
367468890,0.0,0.0,0.0,0.0,296
367468920,0.12713523,0.5902762,0.0,7.7,1124
367468960,0.63909674,2.0524912,0.0,8.6,775
367469020,1.3803599,1.955063,0.0,8.8,667
367469050,0.5768194,1.5175952,0.0,5.6,1113
367469070,1.4767386,2.9854794,0.0,9.3,417
367469220,0.013243243,0.03394193,0.0,0.1,370
367469260,0.010294117,0.030500544,0.0,0.1,136
367469290,9.128776,4.3275995,0.0,12.2,980
367469450,4.3357143,2.2866337,0.1,7.2,42
367469480,0.0077956994,0.026846498,0.0,0.1,372
367469690,0.0,0.0,0.0,0.0,1086
367469910,3.2636726,3.0816746,0.0,8.6,501
367470340,0.00047732698,0.0069006165,0.0,0.1,419
367470580,1.6208898,2.9075398,0.0,8.4,517
367470880,0.07927171,0.08815542,0.0,0.5,357
367471080,3.0497599,5.4847713,0.0,16.3,1041
367471360,0.796875,1.8619249,0.0,7.7,32
367471380,5.2636366,3.559852,0.4,12.6,11
367471440,1.1832117,1.8823706,0.0,6.6,137
367471480,0.0051344745,0.022097023,0.0,0.1,409
367471640,0.03587302,0.048039094,0.0,0.1,315
367471780,0.014285714,0.03779645,0.0,0.1,7
367471790,2.3009465,3.1373162,0.0,8.7,317
367471820,0.4175221,1.1669325,0.0,6.6,565
367471840,0.0028571428,0.016707668,0.0,0.1,175
367471850,1.5575862,2.0275292,0.0,7.8,580
367471910,6.6526318,0.4718385,5.5,7.1,19
367471930,0.06733436,0.3334895,0.0,4.7,649
367472000,7.908519,1.1429228,3.8,10.1,540
367472050,0.00024213076,0.004920678,0.0,0.1,413
367472120,5.756943,2.4527457,0.0,10.3,1073
367472390,2.364394,2.6663163,0.0,14.2,528
367472580,0.27714285,1.4302349,0.0,13.4,1120
367472930,5.293985,1.5197943,0.0,7.6,266
367472940,3.206818,3.0434186,0.0,7.6,308
367473140,0.23498265,0.6761676,0.0,4.7,1152
367473230,0.24348608,0.2294333,0.0,1.1,1113
367473490,2.3432503,2.7604682,0.0,9.1,1163
367473510,2.2959754,3.4832678,0.0,10.7,1143
367473520,0.031868134,0.31143194,0.0,4.0,182
367473530,0.005244755,0.02230253,0.0,0.1,1144
367473550,0.28522122,0.9809628,0.0,4.6,1130
367473590,2.4864452,3.2123978,0.0,11.5,1173
367473630,4.5058823,3.2142882,0.0,8.9,102
367473820,1.5983871,2.7858946,0.0,10.3,496
367474170,2.850294,2.8724763,0.0,7.7,340
367474360,0.005504587,0.048752706,0.0,0.5,109
367474640,7.4004946,6.5669303,0.0,17.8,607
367474680,2.5082872,2.8312519,0.0,7.1,181
367474710,0.16833185,1.0043769,0.0,10.5,1121
367474720,2.3252032,3.296634,0.0,11.7,492
367474790,5.4406843,1.6797417,0.0,8.9,1111
367474890,0.004462475,0.07366954,0.0,1.6,493
367474990,0.0,0.0,0.0,0.0,10
367475030,1.4168956,2.4301019,0.0,10.6,728
367475170,10.538288,10.714633,0.0,25.1,222
367475360,2.0690713,0.80880153,0.0,3.7,1109
367475440,0.03742204,0.25027654,0.0,3.3,481
367475780,0.5185576,1.1754076,0.0,4.3,1137
367476050,1.4468518,2.2305124,0.0,7.9,540
367476610,0.0004987531,0.009987524,0.0,0.2,401
367476840,0.113649026,0.58874935,0.0,4.7,1077
367476850,1.7277777,1.7989558,0.0,5.6,18
367476930,0.8940439,1.8939122,0.0,7.3,638
367476950,1.6427481,2.05565,0.0,8.9,131
367477180,0.058137435,0.052207064,0.0,0.2,1106
367477280,6.94033,6.331596,0.0,18.2,667
367477290,3.0186956,2.8441846,0.0,9.9,230
367477410,0.0,0.0,0.0,0.0,65
367477560,0.21830009,1.1410673,0.0,7.1,1153
367477690,0.011514053,0.031933624,0.0,0.1,1103
367477760,0.9286432,2.378352,0.0,10.4,398
367477880,0.0,0.0,0.0,0.0,2
367477950,0.028021978,0.04497247,0.0,0.1,364
367477980,1.2076305,2.7060745,0.0,9.1,498
367478120,0.0062962966,0.02433474,0.0,0.1,270
367478230,0.0004796163,0.006917105,0.0,0.1,417
367478440,3.2925675,3.600702,0.0,9.0,592
367478450,0.39484537,1.2108456,0.0,7.2,1164
367478770,0.5690608,1.5964214,0.0,8.4,543
367478830,0.040830452,0.05646412,0.0,0.3,289
367478960,0.022047244,0.16136591,0.0,2.7,381
367479000,10.280212,0.5031433,9.5,11.8,283
367479080,0.5502595,1.0858595,0.0,6.0,1156
367479390,0.7059341,2.362358,0.0,11.0,455
367479560,0.0,0.0,0.0,0.0,369
367479570,0.06322418,0.3593733,0.0,3.3,397
367479630,1.072782,2.5299523,0.0,11.0,665
367479650,1.3882352,2.7923105,0.0,8.6,867
367479870,6.527158,3.5161886,0.0,10.4,950
367479930,1.9772344,2.4816296,0.0,6.6,1186
367479950,1.330693,2.3926606,0.0,6.4,202
367479990,4.0268126,5.384764,0.0,14.0,1145
367480010,2.3848324,4.1374464,0.0,12.7,1134
367480070,6.554321,2.0027363,0.0,9.4,405
367480130,0.004545455,0.02085624,0.0,0.1,396
367480250,0.0034914953,0.018364664,0.0,0.1,1117
367480260,0.0012173913,0.016119536,0.0,0.3,575
367480370,0.00064043916,0.0079807285,0.0,0.1,1093
367481060,5.772534,7.357376,0.0,17.7,1176
367481310,3.2638888,4.5205655,0.0,12.1,504
367481380,0.006043956,0.024990538,0.0,0.2,364
367481540,0.0031419287,0.018064972,0.0,0.2,923
367481570,1.370506,2.2955022,0.0,11.8,1146
367481590,0.5528855,1.4736692,0.0,11.4,1161
367481620,2.1899998,2.7710524,0.0,11.2,480
367481630,1.366092,2.6248891,0.0,10.7,696
367481650,0.81597584,1.8685946,0.0,8.1,1158
367481660,0.0029035013,0.016797641,0.0,0.1,1171
367481670,2.1676977,3.2561767,0.0,13.5,1164
367482050,1.6860001,2.551591,0.0,7.8,50
367482160,0.2,0.17022064,0.0,1.0,362
367482250,5.859051,4.5304823,0.0,18.1,801
367482310,0.020804197,0.04082333,0.0,0.2,1144
367482320,0.0,0.0,0.0,0.0,393
367482470,1.789715,2.928097,0.0,10.3,807
367482540,1.2482301,2.4093997,0.0,8.5,452
367482550,0.25858587,1.2253244,0.0,8.0,396
367482760,0.0,0.0,0.0,0.0,141
367482910,0.00048426152,0.006946226,0.0,0.1,826
367482970,2.2926118,5.738719,0.0,24.2,1164
367482990,5.3900533,4.095924,0.0,16.9,754
367483640,0.0,0.0,0.0,0.0,293
367483670,0.003366697,0.019027907,0.0,0.2,1099
367483790,0.0006451613,0.008019186,0.0,0.1,310
367483830,1.7230558,2.9094672,0.0,12.8,1093
367483860,0.0,0.0,0.0,0.0,21
367483890,0.04089636,0.056162715,0.0,0.3,357
367484180,0.75775397,2.1530778,0.0,7.6,374
367484250,1.9887835,2.5533097,0.0,6.9,1159
367484260,0.12165605,0.7000108,0.0,5.0,785
367484710,2.5058064,3.5976212,0.0,10.7,310
367485240,4.2775865,1.492207,0.1,7.1,58
367485260,0.005738476,0.02326858,0.0,0.1,1063
367485290,4.2607007,2.7569702,0.0,7.2,799
367485790,0.0,0.0,0.0,0.0,78
367485830,4.616265,1.316345,0.1,7.9,166
367485840,0.0,0.0,0.0,0.0,90
367485980,0.011653543,0.035826515,0.0,0.3,635
367486050,0.8184783,0.98705125,0.0,7.7,92
367486210,0.0023738872,0.01708704,0.0,0.2,337
367486370,0.010516605,0.030690886,0.0,0.1,1084
367486440,0.0007556675,0.008665466,0.0,0.1,794
367486660,0.005454546,0.022813017,0.0,0.1,110
367486750,0.6602339,1.7681142,0.0,9.4,513
367486910,0.110267475,0.721079,0.0,8.1,1159
367486930,0.17160495,0.0854906,0.0,0.4,81
367486980,1.1722338,2.3649378,0.0,6.9,479
367487030,5.245455,1.9168286,0.2,7.9,88
367487130,0.0007009346,0.014501048,0.0,0.3,428
367487290,2.8532066,2.6801155,0.0,7.7,421
367487360,1.4243162,2.1257896,0.0,10.5,658
367487560,0.011051212,0.12568396,0.0,1.8,371
367487570,3.3741734,4.2155437,0.0,9.3,1119
367487630,0.02020548,0.041896112,0.0,0.2,292
367487960,0.22114725,1.0170221,0.0,9.2,1168
367488280,0.11041308,0.66420996,0.0,6.7,1162
367488370,3.415671,1.0797917,0.9,5.1,1155
367488450,0.0012658228,0.011203105,0.0,0.1,237
367488490,2.0224137,2.9885454,0.0,8.1,1160
367488650,0.008488064,0.028844696,0.0,0.2,377
367488790,0.5186441,2.480953,0.0,27.1,295
367489440,1.2767346,2.4758444,0.0,12.4,490
367489490,0.0,0.0,0.0,0.0,2
367489520,4.101041,2.5888748,0.0,8.2,1153
367489640,0.0,0.0,0.0,0.0,392
367489730,3.1037834,3.3344295,0.0,10.3,1163
367489820,1.3174545,2.0581653,0.0,6.8,275
367489830,6.1921735,3.3982232,0.0,10.3,115
367489960,0.40148884,0.8193237,0.0,6.3,403
367489990,4.878406,2.313641,0.0,9.5,389
367490030,0.02173913,0.04132886,0.0,0.1,253
367490230,2.9797754,4.487778,0.0,11.1,178
367490530,0.010250569,0.031834062,0.0,0.2,439
367490630,2.0146067,2.5432775,0.0,9.2,178
367490790,1.203195,2.6927032,0.0,10.2,939
367490860,0.63977075,1.7138026,0.0,7.9,1134
367491060,5.9619045,2.758528,0.2,8.5,21
367491270,5.6956677,1.5387446,0.0,9.6,277
367491450,0.0,0.0,0.0,0.0,44
367491650,0.10275862,0.62513053,0.0,7.1,290
367491660,0.057312254,0.42772782,0.0,6.8,759
367491710,0.0018245005,0.014023848,0.0,0.2,1151
367491860,2.0579565,2.4150517,0.0,6.8,597
367491870,0.028260872,0.07502013,0.0,0.4,46
367492110,3.5523899,3.925438,0.0,11.7,1067
367492140,0.0,0.0,0.0,0.0,414
367492190,0.8509804,1.2610111,0.0,3.7,51
367492340,4.34394,0.51943266,3.0,5.5,132
367492360,0.00081300817,0.009016696,0.0,0.1,123
367492660,0.001754386,0.013245324,0.0,0.1,57
367492880,0.0,0.0,0.0,0.0,119
367492890,0.0,0.0,0.0,0.0,342
367492920,0.011459266,0.032424733,0.0,0.2,1117
367492940,0.25027472,0.23123796,0.0,1.5,364
367493000,2.10704,3.5671914,0.0,12.6,625
367493370,0.58257514,1.8018119,0.0,8.3,1165
367493450,0.024953444,0.20590909,0.0,2.6,537
367493650,7.7374077,1.1219873,0.6,9.4,270
367493740,1.850302,2.7863622,0.0,8.2,1159
367493760,3.8845544,4.7674136,0.0,18.2,1133
367493870,3.4002619,2.3332303,0.0,8.3,382
367494020,0.013575865,0.034782875,0.0,0.2,1127
367494250,0.004477612,0.020719897,0.0,0.1,268
367494610,0.0,0.0,0.0,0.0,2
367494690,0.010086455,0.034620043,0.0,0.3,347
367494880,0.23333335,0.057735033,0.2,0.3,3
367494890,0.1,,0.1,0.1,1
367495000,0.026158039,0.044009525,0.0,0.1,367
367495080,0.0021739132,0.014602907,0.0,0.1,368
367495210,2.123054,1.9120862,0.0,3.9,334
367495520,0.66977274,3.1926339,0.0,20.0,440
367495590,0.066403165,0.11451116,0.0,0.8,253
367496150,1.7776158,2.6370757,0.0,7.0,1166
367496180,0.09178082,0.13025063,0.0,0.8,365
367496240,11.690322,11.140906,0.0,27.0,93
367496470,0.09389313,0.10701918,0.0,0.5,786
367496720,0.0,0.0,0.0,0.0,378
367496740,1.185205,2.4492738,0.0,8.5,1122
367496750,2.1284173,1.9819998,0.0,4.9,278
367496950,2.1550348,1.8770306,0.0,9.5,576
367496980,0.7453846,1.8581152,0.0,8.3,1170
367497070,3.0064268,4.11117,0.0,9.9,1167
367497510,0.020215634,0.18872534,0.0,3.2,371
367497560,2.026164,3.2618506,0.0,8.6,451
367497610,0.5753846,1.9661194,0.0,9.2,1105
367497990,0.006880734,0.02712651,0.0,0.2,218
367498080,4.94,2.3901882,2.7,9.0,5
367498110,2.3530211,3.3019934,0.0,10.9,662
367498220,0.0,0.0,0.0,0.0,427
367498270,0.21818183,0.087386295,0.1,0.4,11
367498350,0.004341085,0.020393832,0.0,0.1,645
367498360,0.021350764,0.04207403,0.0,0.2,459
367498680,0.6856269,0.95782816,0.0,3.6,654
367498910,4.196893,4.0919213,0.0,11.7,1030
367498970,0.005902778,0.04337525,0.0,0.5,288
367499090,0.22854686,1.1447374,0.0,7.6,1163
367499260,2.21,1.9570101,0.0,5.5,10
367499610,0.052941173,0.17362908,0.0,0.7,17
367499990,0.0,,0.0,0.0,1
367500120,0.014479638,0.03522942,0.0,0.1,442
367500140,0.45933014,2.657855,0.0,39.2,418
367500230,0.043986253,0.053722657,0.0,0.2,291
367500410,5.938646,0.48695445,3.4,6.9,458
367500440,6.295238,0.18021154,6.0,6.6,21
367500460,1.6182525,2.4634128,0.0,11.0,1156
367500650,3.0525985,3.4110746,0.0,9.2,635
367500880,0.93730885,1.9057943,0.0,8.7,654
367500890,1.0765748,1.7008127,0.0,7.8,508
367501160,0.114035085,0.12821248,0.0,0.9,114
367501370,0.0,0.0,0.0,0.0,368
367501540,11.092239,0.235032,10.3,11.8,567
367501660,0.21186094,0.8438437,0.0,6.2,489
367501670,0.01946472,0.043736525,0.0,0.3,411
367501860,0.48818493,1.2062362,0.0,8.4,584
367501880,0.013245033,0.034010775,0.0,0.1,151
367501920,0.024111675,0.24168268,0.0,4.9,1182
367502040,3.5464864,3.7358139,0.0,9.9,185
367502170,0.16686903,0.86613286,0.0,6.4,1153
367502290,0.20415647,0.89951366,0.0,7.9,409
367502540,0.1256167,0.7087356,0.0,9.3,1054
367502750,0.0,0.0,0.0,0.0,2
367502810,0.005263158,0.027406642,0.0,0.3,399
367503060,10.344444,0.4798726,9.7,11.4,9
367503230,1.3468628,4.76675,0.0,33.2,510
367503240,0.06885389,0.54264,0.0,6.3,1143
367503310,7.17963,2.6449656,0.0,9.5,108
367503380,0.026785715,0.044340868,0.0,0.1,392
367503540,4.224512,2.3386977,0.0,6.7,461
367503580,0.8476021,1.8086704,0.0,6.2,563
367503760,0.33377284,1.2582823,0.0,7.4,986
367503920,6.247462,1.7929287,0.0,8.3,788
367503940,2.9833333,3.414847,0.0,9.6,90
367504180,0.44,0.6322296,0.0,1.8,15
367504420,0.0,0.0,0.0,0.0,97
367504690,0.0022058825,0.014705521,0.0,0.1,408
367504860,0.0,0.0,0.0,0.0,361
367504890,2.699718,2.8064048,0.0,7.8,1064
367504950,0.19175573,0.81040204,0.0,7.3,655
367504960,0.8136715,1.8898753,0.0,10.1,1163
367504970,0.5457344,1.7674388,0.0,7.1,1137
367504980,0.73882145,1.317558,0.0,9.3,1154
367504990,0.08660869,0.67847276,0.0,6.5,1150
367505010,1.8876923,3.040573,0.0,8.8,1170
367505030,0.583391,1.610636,0.0,6.6,1156
367505040,2.5766666,2.9941504,0.0,7.9,1050
367505050,2.862747,2.5983512,0.0,6.8,1165
367505060,0.22209607,0.94673294,0.0,6.3,1145
367505070,2.8387096,1.8144469,0.0,6.9,1147
367505080,1.7558749,2.0073547,0.0,5.8,1183
367505380,0.29429892,1.0870086,0.0,7.0,649
367505510,2.992616,1.5950532,0.0,5.4,474
367505580,0.02148148,0.04112018,0.0,0.1,405
367505630,10.577093,0.78679556,7.5,12.4,633
367505650,1.6535126,2.7016695,0.0,10.3,1153
367505660,4.2604165,1.7814238,0.0,6.7,624
367505670,0.37913793,1.1114415,0.0,5.6,1160
367505680,2.683126,2.154895,0.0,5.6,1126
367505750,6.0757008,0.66797936,4.6,6.8,107
367505770,0.2773556,1.0032918,0.0,6.0,658
367505780,2.557533,2.9235065,0.0,9.5,1135
367505870,3.474563,2.4305992,0.0,6.8,1144
367506050,0.00072992704,0.008522714,0.0,0.1,411
367506060,0.3379538,0.34599665,0.0,2.5,303
367506190,0.0016216217,0.012647721,0.0,0.1,370
367506240,0.009674658,0.0295739,0.0,0.1,1168
367506270,0.0,0.0,0.0,0.0,4
367506440,0.4110631,1.1941243,0.0,6.8,1157
367506560,0.83554506,2.2320857,0.0,10.2,211
367506690,1.0116776,1.9635925,0.0,5.5,608
367506730,0.0002754821,0.005248639,0.0,0.1,363
367506740,4.504042,1.0590737,0.1,6.7,1138
367506840,0.49144825,1.4568883,0.0,8.7,725
367506850,0.4107468,1.443425,0.0,8.6,1098
367506940,3.1211267,1.4781027,0.0,5.4,213
367507050,0.00048076923,0.006925394,0.0,0.1,416
367507070,0.008601217,0.08426072,0.0,1.4,1151
367507080,3.9488373,1.6973832,0.0,6.1,172
367507210,0.015561224,0.036993,0.0,0.2,392
367507220,1.6828221,3.464097,0.0,11.7,1141
367507260,0.016129032,0.04184677,0.0,0.2,155
367507390,0.8415556,2.4226534,0.0,12.1,450
367507520,0.53854793,1.9852747,0.0,12.0,1157
367507690,0.013302752,0.03487598,0.0,0.2,654
367507730,0.022836538,0.19483112,0.0,3.2,416
367507790,0.0,0.0,0.0,0.0,1028
367507810,5.5,0.0,5.5,5.5,2
367507960,0.0012669683,0.011189501,0.0,0.1,1105
367508050,4.15,5.8689866,0.0,8.3,2
367508280,0.005665236,0.023127643,0.0,0.1,1165
367508330,0.014961307,0.03568452,0.0,0.1,1163
367508430,0.71034485,1.5605401,0.0,5.4,1160
367508440,0.6638298,1.7308866,0.0,6.0,376
367508680,0.00028929606,0.0053734304,0.0,0.1,1037
367508870,0.659375,1.4643856,0.0,5.6,32
367509140,0.0,0.0,0.0,0.0,6
367509360,0.0,0.0,0.0,0.0,21
367509430,0.0,0.0,0.0,0.0,25
367509510,0.22123817,1.0415488,0.0,8.7,1163
367509520,0.0052500004,0.02233124,0.0,0.1,400
367509760,1.2893391,3.8031213,0.0,20.5,469
367509840,3.7402232,3.3863325,0.0,9.1,1166
367509850,0.9263964,2.4756227,0.0,10.5,1110
367510010,0.035014838,0.048391536,0.0,0.2,337
367510030,0.002833638,0.01660079,0.0,0.1,1094
367510420,0.0,0.0,0.0,0.0,1164
367510430,2.050087,4.4888716,0.0,15.5,1150
367510770,2.0454307,1.8102901,0.0,8.5,1149
367510870,0.15088758,1.0726646,0.0,10.1,169
367510880,0.2,,0.2,0.2,1
367511020,4.289726,3.3775268,0.0,10.8,146
367511230,1.7880726,3.3593612,0.0,21.1,1157
367511240,0.011538462,0.031987023,0.0,0.1,416
367511270,2.272588,2.6646786,0.0,7.1,1109
367511340,0.0026829268,0.017624775,0.0,0.2,410
367511370,0.21617162,1.0458856,0.0,6.2,303
367511740,0.005540166,0.02290801,0.0,0.1,361
367512010,6.0941176,1.2530708,0.1,7.6,408
367512210,0.00440678,0.020559452,0.0,0.1,295
367512340,0.03359649,0.40249798,0.0,7.2,1140
367512530,0.19183147,0.7836608,0.0,7.4,1163
367512630,1.1882566,4.536617,0.0,25.4,1107
367512640,0.3412214,1.0552338,0.0,7.5,131
367512840,3.6621952,3.7491689,0.0,11.6,1148
367512870,2.3332767,3.55135,0.0,11.4,589
367512920,0.30411664,1.2946706,0.0,6.8,1166
367512930,0.00030627873,0.0055299997,0.0,0.1,653
367513010,0.9338066,2.2267551,0.0,11.1,1127
367513020,0.37992832,1.3763245,0.0,9.7,1116
367513030,3.3079004,4.000202,0.0,12.4,924
367513040,0.7560673,2.1084137,0.0,10.3,1129
367513050,0.45232454,1.7572572,0.0,10.5,1097
367513120,4.669456,2.9322798,0.0,7.7,239
367513130,0.0048823017,0.022741033,0.0,0.2,1147
367513140,0.00024213076,0.004920678,0.0,0.1,413
367513150,0.064439654,0.3638742,0.0,5.2,464
367513160,0.83656794,2.2633271,0.0,9.2,979
367513170,0.06542923,0.3990538,0.0,4.7,431
367513180,0.0,0.0,0.0,0.0,388
367513190,0.73255813,1.7920411,0.0,9.4,559
367513210,1.3686242,3.0859027,0.0,11.0,596
367513220,1.2892246,2.3875477,0.0,11.9,761
367513230,6.492033,4.4899173,0.0,11.8,1205
367513420,0.058597285,0.34500757,0.0,3.3,442
367513750,0.00074738415,0.008619216,0.0,0.1,669
367513840,0.035,0.0988087,0.0,0.4,20
367513880,0.0055813957,0.026733803,0.0,0.3,430
367514120,0.0,0.0,0.0,0.0,441
367514360,0.28255162,0.7397771,0.0,3.7,533
367514490,3.1091437,2.768787,0.0,9.4,689
367514520,0.0,0.0,0.0,0.0,1117
367514620,0.0038580247,0.019274112,0.0,0.1,648
367514630,0.007894737,0.027327633,0.0,0.1,38
367514640,0.0007800312,0.008804294,0.0,0.1,641
367514780,0.00048076923,0.006925394,0.0,0.1,416
367514980,0.00069124426,0.008294887,0.0,0.1,434
367515090,0.7981064,1.7175528,0.0,7.2,1109
367515280,4.279116,1.9429475,0.0,7.6,1154
367515290,1.4052951,2.412489,0.0,10.6,1152
367515320,0.9941328,2.0431316,0.0,11.8,1159
367515330,1.1500001,2.197902,0.0,10.8,1152
367515340,0.19809525,0.18809825,0.0,1.1,105
367515360,0.029629631,0.04609109,0.0,0.1,54
367515670,0.00050377834,0.007088767,0.0,0.1,397
367515760,1.3378378,2.526238,0.0,10.8,629
367515850,1.4142735,2.921707,0.0,10.7,1163
367515860,0.42610922,1.3975868,0.0,6.2,586
367515970,0.047253706,0.058923215,0.0,0.5,1147
367516020,0.0029080678,0.016811159,0.0,0.1,1066
367516330,0.001540154,0.013184717,0.0,0.2,909
367516350,0.7134737,2.0030007,0.0,11.2,475
367516470,0.51411873,1.8536481,0.0,11.1,1112
367516630,4.06875,3.0980575,0.0,9.9,96
367516730,0.00017969453,0.0042371326,0.0,0.1,1113
367516830,7.3136363,0.71666914,4.8,8.2,22
367516930,1.1571865,2.328564,0.0,8.2,327
367516950,2.8560913,4.199199,0.0,12.9,1141
367517140,0.026415095,0.046287555,0.0,0.2,212
367517150,0.009627329,0.029542476,0.0,0.1,322
367517320,4.55639,4.4511604,0.0,10.9,626
367517330,0.043641116,0.050830763,0.0,0.2,1148
367517380,8.27236,1.0549653,4.2,10.3,644
367517540,0.00952381,0.029710175,0.0,0.1,42
367517630,0.00031847134,0.0056388243,0.0,0.1,628
367517730,0.0057522124,0.05838251,0.0,1.0,678
367517750,0.9594017,2.6024237,0.0,13.7,468
367517760,2.4648147,3.2706695,0.0,14.9,1188
367517810,1.4983517,2.5724738,0.0,10.1,182
367517830,4.3354836,1.1029167,0.1,5.9,62
367517860,0.003448276,0.01827081,0.0,0.1,377
367517960,4.159155,4.8199162,0.0,11.4,71
367518270,0.002925532,0.016874589,0.0,0.1,376
367518480,1.1333333,1.724943,0.0,5.3,36
367518570,0.99192244,1.8847023,0.0,8.7,619
367518670,0.069132656,0.24503513,0.0,2.5,392
367518780,5.199482,7.0346856,0.0,23.8,386
367518920,13.300413,0.89914775,11.3,14.7,725
367519080,2.0005953,1.4404937,0.0,8.4,672
367519170,0.0,0.0,0.0,0.0,135
367519240,6.594975,5.680339,0.0,13.1,597
367519270,2.1730592,3.9363885,0.0,11.0,438
367519290,0.0,0.0,0.0,0.0,14
367519320,4.303122,0.94928503,0.0,6.1,1121
367519330,1.8441176,2.670463,0.0,10.7,136
367519380,0.037134502,0.090265036,0.0,0.8,342
367519450,8.894156,2.6987035,0.0,13.6,907
367519490,0.0012722646,0.011221775,0.0,0.1,393
367519920,1.4398625,2.6063404,0.0,8.4,1164
367520270,5.1201963,1.6075594,0.0,6.7,510
367520510,4.584375,3.9255054,0.1,9.2,64
367520810,0.0022935779,0.014981338,0.0,0.1,654
367520870,0.04673367,0.054766595,0.0,0.3,398
367521420,1.6411817,2.5530229,0.0,11.4,1117
367521460,0.0,0.0,0.0,0.0,44
367521510,0.0,0.0,0.0,0.0,588
367521740,1.2520599,2.524437,0.0,12.9,534
367521810,0.3944669,1.3783791,0.0,10.4,741
367522010,1.4441471,2.637047,0.0,7.3,299
367522070,0.0,0.0,0.0,0.0,50
367522170,1.7602316,2.2637506,0.0,6.1,518
367522180,1.7472222,2.7705064,0.0,9.4,36
367522210,0.0006696429,0.008164844,0.0,0.1,448
367522240,4.0534987,1.7773093,0.0,5.9,443
367522430,0.024137931,0.044955418,0.0,0.2,116
367522540,1.1093563,2.2678707,0.0,11.1,1165
367522680,4.9,,4.9,4.9,1
367522850,2.5841043,2.0545375,0.0,6.4,843
367522910,1.8231958,2.6690671,0.0,11.7,582
367522920,0.11312776,0.7039786,0.0,8.6,1135
367522940,0.0,,0.0,0.0,1
367523170,2.3108375,2.579201,0.0,10.0,406
367523340,0.0010928962,0.010425407,0.0,0.1,183
367523350,2.0220215,2.2334704,0.0,6.1,277
367523390,2.9382355,2.7561963,0.0,10.1,408
367523440,0.02310345,0.042222302,0.0,0.1,290
367523580,0.13030836,0.9444432,0.0,9.1,1135
367523620,0.00048250906,0.006933692,0.0,0.1,829
367524030,0.028000003,0.045050308,0.0,0.1,150
367524110,1.277721,2.2441785,0.0,7.4,1176
367524120,0.0037333332,0.018983059,0.0,0.1,375
367524240,1.1703639,1.5280569,0.0,4.6,1154
367524270,3.1543367,2.550484,0.0,6.1,1176
367524420,0.5785918,1.4852957,0.0,7.0,1051
367524510,0.021428572,0.041529972,0.0,0.1,42
367524530,0.00051813474,0.0071981577,0.0,0.1,193
367524560,0.0024193549,0.01538566,0.0,0.1,372
367524680,1.2546326,2.2722223,0.0,8.9,626
367524710,3.0916305,2.9259624,0.0,8.8,1147
367525000,1.206087,2.7279708,0.0,8.8,1150
367525060,0.39583334,1.2853498,0.0,7.3,552
367525310,0.06083916,0.076459296,0.0,0.6,429
367525380,4.876233,3.1221414,0.0,8.1,223
367525770,0.0014680484,0.012032236,0.0,0.1,1158
367526160,1.2904762,2.3031487,0.0,8.8,651
367526170,0.0006144393,0.007820508,0.0,0.1,651
367526550,0.20358306,0.6595417,0.0,4.5,614
367526570,0.34153846,1.1645895,0.0,8.2,650
367526590,1.1951817,2.183929,0.0,8.7,1183
367526740,0.8078534,1.4940797,0.0,5.5,382
367527050,6.589671,4.1869054,0.0,10.9,213
367527220,5.302299,5.7176,0.0,17.7,609
367527250,0.00041322314,0.0064282436,0.0,0.1,242
367527750,0.06106195,0.054011222,0.0,0.2,339
367527770,0.0076923077,0.02773501,0.0,0.1,13
367527930,12.794118,13.268294,0.0,32.2,391
367528050,0.92966545,1.7943058,0.0,7.9,1136
367528070,2.602619,2.925054,0.0,7.6,840
367528110,3.7294886,1.6941807,0.0,5.7,841
367528180,2.5391533,2.9014163,0.0,9.3,567
367528420,1.0156828,2.914605,0.0,15.8,1135
367529030,1.5242845,3.6591508,0.0,16.8,1223
367529040,0.0015313936,0.012289242,0.0,0.1,653
367529150,1.7026886,2.5939236,0.0,7.8,1153
367529420,4.117998,4.3407784,0.0,13.5,1139
367529860,0.16077349,0.09815706,0.0,0.6,724
367530040,0.0014184398,0.011839061,0.0,0.1,423
367530080,3.5115802,4.4538493,0.0,11.9,829
367530150,0.028895184,0.17324829,0.0,2.8,353
367530220,0.0035683203,0.018557986,0.0,0.1,1149
367530230,4.134452,2.758846,0.0,9.7,447
367530330,0.0009708738,0.009853293,0.0,0.1,103
367530350,0.00024752476,0.004975186,0.0,0.1,404
367530460,3.0,,3.0,3.0,1
367530470,0.41304737,0.7435528,0.0,3.6,1119
367530490,5.088889,2.0830884,0.0,8.7,324
367530590,0.0048275865,0.0375359,0.0,0.6,1160
367530640,0.030631479,0.14140293,0.0,1.7,1061
367530760,7.864267,2.8772764,0.0,10.0,375
367530790,0.004368932,0.020490088,0.0,0.1,206
367531160,0.0006849315,0.008261827,0.0,0.1,292
367531220,0.0031810768,0.018463286,0.0,0.2,1226
367531350,0.20405406,0.19228986,0.0,1.6,370
367531620,0.06630728,0.060378112,0.0,0.4,371
367531640,0.0816092,0.07442961,0.0,0.4,348
367531670,0.09565218,0.08757966,0.0,0.5,966
367531710,4.0722337,9.979636,0.0,42.0,479
367531730,0.067885116,0.07818268,0.0,0.5,383
367531740,0.110545136,0.11315751,0.0,1.3,1119
367531780,3.5826724,3.978608,0.0,9.8,1160
367531790,1.2240351,2.0266447,0.0,10.2,1140
367531920,0.01419753,0.08907202,0.0,0.9,162
367532480,0.028472222,0.04961622,0.0,0.2,288
367532570,3.4230769,3.0706158,0.0,10.8,650
367532810,2.815826,3.4777436,0.0,10.9,1150
367532820,2.4838235,2.212301,0.0,6.0,272
367532830,3.7386818,1.4627596,0.0,7.4,1153
367532840,4.31099,1.3420599,0.0,7.2,1101
367532850,0.46363637,0.52205884,0.0,1.5,11
367532880,0.0020851435,0.014294896,0.0,0.1,1151
367532910,0.026973113,0.04498395,0.0,0.2,1153
367533020,8.787216,0.6957184,6.3,10.6,352
367533040,0.06507177,0.39796823,0.0,3.8,627
367533050,4.0527163,0.8403614,0.0,6.0,497
367533150,1.2696892,2.0239718,0.0,7.0,1158
367533180,0.08017241,0.35592356,0.0,3.0,1160
367533190,0.0002617801,0.0051119747,0.0,0.1,1146
367533290,5.8592515,2.7724586,0.2,11.6,454
367533780,0.33244917,1.3971967,0.0,10.4,1131
367533910,0.0028070176,0.016546391,0.0,0.1,285
367533920,1.098458,1.8614297,0.0,6.7,454
367533940,2.3310976,2.4060843,0.0,8.9,1148
367533950,1.6045536,3.0854478,0.0,12.3,1120
367534010,0.109957084,0.07889104,0.0,0.4,1165
367534240,7.4370165,9.919925,0.0,26.0,181
367534260,1.9755411,2.9579532,0.0,7.8,462
367534390,0.0,0.0,0.0,0.0,424
367534590,0.043642614,0.049622618,0.0,0.1,873
367534680,3.7221837,3.3753343,0.0,9.7,1154
367534690,0.9856624,2.0852368,0.0,8.3,551
367534840,1.7692513,1.9241691,0.0,6.6,748
367534880,0.731746,1.8006562,0.0,11.4,1134
367534910,0.65952384,0.50945187,0.0,2.6,42
367535250,0.5092046,1.431662,0.0,6.3,1119
367535260,0.027956003,0.054666143,0.0,0.4,1091
367535280,4.2078123,0.3377351,3.6,5.0,64
367535290,3.3922613,4.0487,0.0,9.8,1163
367535790,0.0147826085,0.037918545,0.0,0.2,345
367535850,18.976595,4.01137,0.0,22.9,141
367535950,1.7050315,4.375459,0.0,15.2,318
367536290,0.03319672,0.07146632,0.0,0.7,244
367536590,0.07309322,0.5164148,0.0,5.0,472
367536660,1.9758409,2.814881,0.0,7.9,327
367536820,0.015085159,0.04435093,0.0,0.3,411
367536940,0.010852713,0.03363478,0.0,0.2,129
367537070,1.8027194,4.8806424,0.0,20.6,1140
367537080,1.6374046,1.3438942,0.0,5.6,131
367537260,2.6368663,3.4598525,0.0,9.0,217
367537320,0.0019950124,0.014000356,0.0,0.1,401
367537410,0.0012437811,0.011096731,0.0,0.1,402
367537450,2.7865582,4.3926616,0.0,15.2,1168
367537590,0.0,0.0,0.0,0.0,78
367537610,0.004843305,0.021498596,0.0,0.1,351
367537630,2.3236966,2.2163694,0.0,5.3,211
367537710,2.2095282,2.3374114,0.0,6.3,1081
367537770,0.18121547,0.71407616,0.0,9.2,543
367537780,0.0,0.0,0.0,0.0,3
367537970,1.5971428,3.4151406,0.0,10.5,840
367537990,0.0029761905,0.01704378,0.0,0.1,168
367538070,5.386275,3.0315025,0.0,8.7,51
367538140,7.295221,2.0764928,0.0,10.4,272
367538170,0.00048780488,0.0069757598,0.0,0.1,410
367538280,0.00081521744,0.011643599,0.0,0.2,368
367538350,0.08669683,0.66295236,0.0,7.2,1105
367538710,2.058407,4.0936737,0.0,21.6,113
367538870,0.15770492,0.17419358,0.0,1.7,305
367538940,0.0006965174,0.008320787,0.0,0.1,1005
367539050,,,,,0
367539060,6.2924733,2.0748,0.0,8.7,372
367539090,2.537322,3.9285736,0.0,10.6,1053
367539140,2.1710744,2.3585424,0.0,5.8,484
367539160,3.8692858,1.7323775,0.0,5.7,280
367539380,0.25,0.1,0.2,0.4,4
367539390,0.015151516,0.035900388,0.0,0.1,396
367539420,0.0,0.0,0.0,0.0,152
367539760,0.0,0.0,0.0,0.0,312
367539810,0.7162511,1.997555,0.0,8.6,1163
367539920,1.6187446,2.9092722,0.0,9.8,1163
367540020,3.0324724,3.1856358,0.0,16.3,271
367540040,0.00047169812,0.006859905,0.0,0.1,424
367540340,0.86249995,1.9159604,0.0,6.2,48
367540360,0.7690128,2.095287,0.0,10.4,1094
367540420,5.5067797,2.8171268,0.0,8.2,177
367540560,3.232504,3.1824896,0.0,12.9,643
367540650,0.0,0.0,0.0,0.0,8
367541160,0.5697778,1.7384484,0.0,7.1,450
367541350,0.08652174,0.6432085,0.0,9.6,1150
367541370,0.6368627,1.5943023,0.0,10.5,1020
367541650,2.5173333,2.406712,0.0,5.9,75
367541690,0.6029126,1.5355736,0.0,10.2,1133
367541740,4.3896103,0.4731152,3.2,5.2,77
367541760,0.0,0.0,0.0,0.0,414
367541980,3.489931,1.6290727,0.0,6.2,1162
367542070,0.075716846,0.42923638,0.0,5.9,1116
367542320,0.34982488,1.3766664,0.0,8.3,1142
367542390,4.92765,5.925351,0.0,13.6,217
367542420,0.0033851785,0.018592281,0.0,0.2,1093
367542650,1.9763386,6.1197186,0.0,31.8,1158
367542740,4.6485715,2.2451706,0.0,8.1,105
367542760,1.0658915,2.7629023,0.0,9.9,1161
367542970,0.021728972,0.041288402,0.0,0.1,428
367543280,0.008905381,0.028495358,0.0,0.1,1078
367543390,3.277411,3.4143553,0.0,8.5,1182
367543570,0.09841269,0.67634124,0.0,5.9,126
367543760,6.0829268,0.88258946,3.0,7.7,82
367543810,2.6383636,2.8697278,0.0,9.9,550
367543820,7.0026455,1.7909204,5.6,12.7,567
367543860,0.6340301,1.4564142,0.0,5.8,1196
367543870,3.4848099,3.725315,0.0,8.6,79
367543890,0.014251208,0.034999754,0.0,0.1,414
367543910,3.0661886,2.3904498,0.0,7.8,837
367544000,1.1686535,3.109746,0.0,10.4,453
367544060,2.3391304,1.7669826,0.0,4.1,115
367544110,2.1087558,2.002162,0.0,8.5,434
367544280,0.033333335,0.04729838,0.0,0.1,150
367544550,1.9613637,3.0360022,0.0,9.1,44
367544620,14.950001,12.347173,0.0,28.2,318
367544950,3.2487745,3.1492286,0.0,8.5,408
367544960,0.42239317,1.2012017,0.0,7.0,1170
367544970,0.010026857,0.03063982,0.0,0.2,1117
367545030,0.0,0.0,0.0,0.0,1084
367545510,0.5884616,1.3100988,0.0,4.5,78
367545690,0.17848101,0.9176369,0.0,7.6,711
367545860,0.0011669659,0.010744227,0.0,0.1,1114
367546090,1.2898306,2.4190073,0.0,7.5,295
367546220,0.0,0.0,0.0,0.0,327
367546250,0.78591067,1.9805001,0.0,10.1,1164
367546320,0.13955697,0.3137866,0.0,4.0,316
367546670,0.0,0.0,0.0,0.0,178
367546860,0.620751,1.5676768,0.0,8.6,1012
367546880,0.44263017,1.3263073,0.0,11.1,1133
367546890,1.418102,2.5894358,0.0,12.2,1138
367547090,0.8663986,2.2792869,0.0,11.7,1119
367547220,0.013127414,0.033835374,0.0,0.1,259
367547280,0.0,0.0,0.0,0.0,1150
367547290,0.1,,0.1,0.1,1
367547310,0.22520547,4.035028,0.0,77.1,365
367547560,0.002375297,0.015245976,0.0,0.1,421
367547750,2.7219875,2.818986,0.0,7.5,1137
367547820,7.2081966,7.035094,0.0,16.1,915
367547910,0.0,0.0,0.0,0.0,2
367548090,3.0614755,2.2518926,0.0,5.7,244
367548170,0.5470383,1.6421592,0.0,7.8,1148
367548230,0.862234,1.9604454,0.0,11.5,1128
367548360,0.012465374,0.033078436,0.0,0.1,361
367548420,0.012588652,0.033979498,0.0,0.3,1128
367548540,0.0,0.0,0.0,0.0,400
367548880,0.014634146,0.040411457,0.0,0.4,369
367548930,0.0046920823,0.021157272,0.0,0.1,1023
367549150,0.0,0.0,0.0,0.0,135
367549260,0.5109059,1.1971521,0.0,7.8,1137
367549430,2.1268735,2.9785094,0.0,12.3,1161
367549670,0.22650087,1.1809763,0.0,8.2,1166
367549710,0.0042105266,0.023327073,0.0,0.3,1140
367549830,1.5362617,2.8725345,0.0,11.0,535
367549860,0.0,0.0,0.0,0.0,404
367549870,1.3074174,2.4755204,0.0,9.5,1119
367549960,0.0058479533,0.023533711,0.0,0.1,171
367550000,7.7485523,1.4717137,3.9,9.1,449
367550070,6.1560245,3.4734395,0.0,11.1,166
367550090,2.16,1.4431447,0.4,4.3,10
367550130,0.0121951215,0.032762926,0.0,0.1,410
367550230,0.0044609667,0.020683005,0.0,0.1,269
367550410,0.037795275,0.06290473,0.0,0.4,127
367550460,0.0,0.0,0.0,0.0,3
367550490,3.365019,3.082453,0.0,7.7,526
367550510,0.0091331275,0.17305335,0.0,4.2,646
367550670,0.0026666666,0.01988783,0.0,0.2,150
367550760,3.090909,1.8904397,0.0,6.4,66
367550960,0.003773585,0.019238025,0.0,0.1,53
367550980,0.06044776,0.069396995,0.0,0.5,670
367551000,0.0,0.0,0.0,0.0,216
367551060,0.2592,0.27623507,0.0,2.7,125
367551270,0.9692175,2.116995,0.0,11.5,1163
367551330,2.6599522,2.811045,0.0,26.5,839
367551340,0.09623319,0.64728695,0.0,10.2,1115
367551640,0.009944751,0.075354695,0.0,0.9,181
367551660,3.8714287,0.4070802,3.4,4.3,7
367551680,0.20671256,0.93028647,0.0,7.4,1162
367551860,0.0018744143,0.013568365,0.0,0.1,1067
367552070,0.038493723,0.4714503,0.0,8.0,956
367552120,0.45346448,1.6215502,0.0,11.3,1169
367552130,0.011508951,0.032456707,0.0,0.2,1173
367552270,0.011555556,0.04172377,0.0,0.4,225
367552340,0.15030864,0.079276316,0.0,0.4,324
367552410,3.035593,4.1940827,0.0,12.1,1121
367552680,4.185246,0.40366492,2.9,4.8,61
367552980,0.0,0.0,0.0,0.0,386
367553290,0.91210043,2.7296684,0.0,11.9,438
367553370,0.0045576408,0.020865787,0.0,0.1,1119
367553420,0.010311751,0.112293184,0.0,1.6,417
367553550,0.00988214,0.045905735,0.0,0.7,1103
367554160,3.225,2.0139832,0.0,6.5,32
367554180,0.77474403,2.2597377,0.0,8.3,293
367554310,1.2296103,2.3518512,0.0,6.9,385
367554440,0.00028089888,0.0052999896,0.0,0.1,356
367554470,0.00040983607,0.0064018443,0.0,0.1,244
367554830,0.982012,2.1845233,0.0,6.8,1173
367554950,0.00061349693,0.007814536,0.0,0.1,652
367555000,0.78969073,2.0342119,0.0,8.8,97
367555330,1.8397937,2.582443,0.0,11.3,872
367555720,0.018209876,0.038652286,0.0,0.1,324
367555880,5.955556,3.035907,0.1,8.7,18
367556020,5.4586954,3.7760623,0.0,8.8,138
367556120,1.0630491,2.1265419,0.0,7.6,387
367556250,0.73831165,1.6548504,0.0,7.9,616
367556290,0.0,0.0,0.0,0.0,409
367556320,0.6843813,1.4826022,0.0,7.1,493
367556330,0.6698139,2.1321347,0.0,8.6,752
367556370,0.16397695,0.7534884,0.0,6.5,347
367556630,6.841113,6.6348486,0.0,15.5,647
367556640,0.013882353,0.03660389,0.0,0.2,425
367556670,2.1743302,3.4427607,0.0,11.0,1157
367556730,2.893955,1.8774333,0.0,9.7,579
367556980,0.3,0.08164966,0.2,0.4,4
367557020,0.009039548,0.028715339,0.0,0.1,354
367557310,0.0,0.0,0.0,0.0,411
367557370,0.005882353,0.024253562,0.0,0.1,17
367557410,4.9822707,2.3450532,0.0,7.9,1145
367558070,0.0029972752,0.017058961,0.0,0.1,1101
367558150,0.21223776,1.4833131,0.0,13.1,1144
367558180,1.6608015,2.9703918,0.0,8.5,1023
367558410,0.00023255814,0.0048224283,0.0,0.1,430
367558580,0.006934932,0.025415605,0.0,0.1,1168
367558650,0.016250001,0.03856508,0.0,0.2,1120
367558680,2.7609403,3.1366916,0.0,9.2,553
367558770,6.4305882,1.577422,0.0,8.4,425
367559030,0.20986547,0.69346464,0.0,4.6,223
367559610,0.3,,0.3,0.3,1
367559620,2.2393608,5.761417,0.0,22.6,1095
367559840,1.1714537,2.1116114,0.0,13.7,1135
367559870,0.0,0.0,0.0,0.0,253
367559940,0.021453287,0.041120995,0.0,0.1,289
367560590,7.3814387,4.161124,0.0,12.1,1126
367560890,0.6675606,1.6119397,0.0,9.6,1156
367560930,1.3504639,2.3326228,0.0,7.5,539
367560980,0.95034426,2.9571772,0.0,12.5,1162
367560990,2.1924138,4.095193,0.0,11.8,1160
367561070,0.0002898551,0.0053799106,0.0,0.1,690
367561140,4.114573,3.7500086,0.0,10.3,199
367561260,0.39466667,1.5860883,0.0,9.1,150
367561320,0.34298092,1.34249,0.0,8.7,1154
367561370,4.7571425,3.0887735,0.0,10.3,1141
367561430,2.1741586,2.0689774,0.0,7.0,832
367561460,1.1820998,2.6744988,0.0,8.7,1162
367561730,0.033536587,0.20150475,0.0,2.8,492
367561840,0.014647888,0.03540847,0.0,0.1,355
367561870,1.2079792,2.7783961,0.0,10.2,1153
367562310,0.006666667,0.02511236,0.0,0.1,75
367562360,0.0,0.0,0.0,0.0,197
367562810,0.0013245033,0.011470281,0.0,0.1,151
367562820,3.148279,2.1220176,0.0,6.9,1133
367562850,0.0,0.0,0.0,0.0,411
367563090,0.00080000004,0.008912385,0.0,0.1,1125
367563240,0.0,0.0,0.0,0.0,408
367563270,0.017500002,0.038076118,0.0,0.1,240
367563310,0.0007537689,0.00866009,0.0,0.1,398
367563360,0.10347222,0.72799677,0.0,9.6,1152
367563930,1.6991203,2.9314787,0.0,10.0,682
367564140,0.0005249344,0.007235696,0.0,0.1,381
367564240,0.014377683,0.035124037,0.0,0.1,466
367564470,0.06422339,0.55643374,0.0,8.5,1146
367564930,1.1515625,2.4883344,0.0,9.2,128
367564940,2.7129278,3.2272196,0.0,12.3,263
367564950,2.604535,2.6854875,0.0,9.6,441
367565110,0.30205834,1.0199702,0.0,4.8,1166
367565270,0.0,0.0,0.0,0.0,294
367565520,2.5192661,3.0814402,0.0,7.9,109
367565570,0.0011976048,0.010894107,0.0,0.1,334
367565650,5.3910055,1.6523592,0.0,8.3,189
367565660,0.20025975,1.0410341,0.0,7.4,1155
367565750,0.5686837,2.5695648,0.0,20.6,942
367565830,0.0071253073,0.025756372,0.0,0.1,407
367565910,4.9,8.400596,0.0,14.6,3
367566040,0.0,0.0,0.0,0.0,72
367566130,0.023493975,0.13894883,0.0,2.7,996
367566940,2.4439025,3.8448634,0.0,10.8,123
367566980,8.675,4.74344,0.0,12.7,12
367567020,0.6391304,1.7311949,0.0,8.2,23
367567220,0.06972112,0.38392645,0.0,2.8,251
367567240,3.04,1.9568683,0.3,6.8,10
367567350,2.9210355,0.49612197,0.2,4.2,618
367567410,0.0014084508,0.011867817,0.0,0.1,71
367567460,0.0065822788,0.029500326,0.0,0.3,395
367567590,8.348137,0.5909596,5.4,9.6,322
367567690,1.6219779,2.5991006,0.0,6.7,273
367567990,2.1884685,2.2385492,0.0,9.8,1110
367568020,4.253291,3.0772808,0.0,9.0,1109
367568250,0.07840531,0.19069727,0.0,2.4,301
367568350,2.765605,4.7934093,0.0,20.2,471
367568460,0.016911764,0.19484815,0.0,4.8,1088
367568710,1.8794179,1.258973,0.0,6.3,481
367568840,1.6830927,1.6474005,0.0,6.7,485
367568960,3.6958647,3.151882,0.0,7.7,266
367569030,0.005821475,0.023430068,0.0,0.1,773
367569450,0.00023419205,0.0048393393,0.0,0.1,427
367569460,0.0007125891,0.008421376,0.0,0.1,421
367569630,2.4118166,2.04811,0.0,7.6,567
367569640,3.1524887,3.409897,0.0,9.7,442
367569680,0.396875,0.45108995,0.0,2.2,64
367569830,2.2368908,3.4062774,0.0,10.2,862
367569850,5.016129,5.5401583,0.0,13.5,496
367569990,0.00591716,0.023664678,0.0,0.1,169
367570060,0.00096852303,0.009805461,0.0,0.1,413
367570080,2.0129452,3.2213657,0.0,9.4,1151
367570750,0.70968753,1.8918402,0.0,10.2,320
367570920,3.226143,2.1124914,0.0,8.9,700
367570970,6.539557,9.561803,0.0,38.2,948
367571070,0.001793722,0.01330219,0.0,0.1,223
367571310,0.091095895,0.103824615,0.0,0.8,292
367571450,4.2493563,6.549469,0.0,20.1,1088
367571660,0.006369983,0.025822693,0.0,0.2,1146
367571670,0.013671276,0.03977486,0.0,0.3,651
367571760,0.778125,2.0668595,0.0,11.6,160
367571770,0.33202785,1.322224,0.0,7.3,1149
367571850,1.9298419,3.4468179,0.0,16.3,506
367571920,0.0,0.0,0.0,0.0,412
367572040,0.064599484,0.05393993,0.0,0.3,1161
367572310,0.020903954,0.040777624,0.0,0.1,177
367572390,2.0862172,2.5175478,0.0,6.6,682
367573350,0.0027777778,0.016454345,0.0,0.1,396
367573410,0.00034512513,0.0058671203,0.0,0.1,1159
367573420,0.016169155,0.046975892,0.0,0.6,402
367573610,0.33265123,1.3687102,0.0,7.5,1124
367573820,5.0177755,3.3791356,0.0,10.0,827
367573920,0.054678902,0.058455307,0.0,0.4,1090
367574050,0.023832923,0.048596576,0.0,0.4,407
367574340,0.006761566,0.058467116,0.0,0.9,281
367574490,0.53511906,3.7584553,0.0,65.1,336
367574650,0.06778524,0.09230929,0.0,0.5,298
367574720,1.4379492,2.1932845,0.0,8.5,1141
367574880,1.3154305,2.5279682,0.0,9.8,1173
367575120,1.3888112,2.5483034,0.0,10.8,572
367575130,1.8020252,2.7706923,0.0,12.4,1185
367575230,0.0066964286,0.025051996,0.0,0.1,224
367575520,0.008282828,0.09407138,0.0,1.7,990
367575550,0.5508046,1.5102165,0.0,5.9,435
367575560,0.25241795,0.82608104,0.0,6.5,1158
367575610,0.0,0.0,0.0,0.0,420
367575850,0.12765433,0.098883264,0.0,0.6,405
367575990,0.09532794,0.033064485,0.0,0.3,1113
367576060,1.137645,2.5784981,0.0,12.1,1121
367576510,0.31594205,0.9173533,0.0,17.9,414
367576750,0.54733336,1.8176086,0.0,10.6,450
367576940,0.0050793653,0.021992546,0.0,0.1,315
367577390,0.44539878,1.6196022,0.0,8.5,163
367577510,0.0,0.0,0.0,0.0,33
367577620,0.5187553,1.5039957,0.0,6.6,1173
367578080,2.4628901,1.867833,0.0,5.6,1121
367578110,0.0,0.0,0.0,0.0,410
367578120,0.053731345,0.0680949,0.0,0.4,402
367578710,9.641758,11.4893875,0.0,30.6,819
367578830,0.050734658,0.051212594,0.0,0.2,1157
367579030,0.019902913,0.039975543,0.0,0.1,412
367579070,0.0012722646,0.011221775,0.0,0.1,393
367579120,0.044054054,0.34575206,0.0,3.6,370
367579190,0.0,0.0,0.0,0.0,145
367579230,1.172333,2.3338406,0.0,8.2,1153
367579470,0.0,0.0,0.0,0.0,159
367579880,0.010179641,0.030283408,0.0,0.1,334
367579920,1.3350923,2.7742558,0.0,12.4,758
367580190,1.1555556,1.5756834,0.0,4.4,9
367580310,0.010869565,0.03146964,0.0,0.1,46
367580490,5.4797754,3.0533953,0.0,10.4,89
367580620,0.5566464,1.5255752,0.0,6.0,1151
367580820,0.0,0.0,0.0,0.0,40
367580860,0.0,0.0,0.0,0.0,308
367580880,3.6890907,1.940077,0.0,6.5,220
367580930,8.47788,9.010779,0.0,26.7,217
367581090,0.00051546394,0.0071702995,0.0,0.1,388
367581120,2.6072564,2.2962043,0.0,7.6,1006
367581140,0.44931236,1.1247504,0.0,5.7,509
367581150,0.109618716,0.812587,0.0,9.4,1154
367581180,0.09117647,0.03870551,0.0,0.2,204
367581220,1.6138629,2.7578075,0.0,9.8,642
367581330,0.026415097,0.1117415,0.0,1.2,318
367581490,2.955659,3.99909,0.0,11.4,645
367581570,8.253846,6.8919797,0.0,22.5,26
367581670,0.0015570935,0.012386182,0.0,0.1,1156
367581680,2.431458,3.102846,0.0,10.8,1173
367581960,0.33257508,1.3401308,0.0,6.5,1099
367581980,2.1612444,3.942919,0.0,11.5,1125
367582020,0.00953125,0.05412354,0.0,1.2,640
367582150,0.047290213,0.18835661,0.0,2.2,1144
367582190,4.88337,7.1566563,0.0,21.9,908
367582530,0.005792683,0.023396196,0.0,0.1,328
367582840,3.0585227,2.2798336,0.0,6.3,176
367582850,4.5043135,1.6650459,0.0,6.8,1136
367583000,0.028571429,0.2139788,0.0,2.3,119
367583130,0.008691911,0.034253597,0.0,0.5,1162
367583170,0.37018183,1.4687345,0.0,9.2,1100
367583470,0.28918204,1.2417676,0.0,10.8,1137
367583480,0.2416165,0.9190964,0.0,5.0,1163
367583670,0.7511749,1.86048,0.0,12.2,1149
367584050,0.0041237115,0.01990949,0.0,0.1,388
367584390,1.6245382,2.4668016,0.0,8.2,1137
367584490,2.2153184,3.882502,0.0,11.8,1162
367584510,0.3158163,0.95197254,0.0,6.3,1176
367584520,0.32540688,1.3352364,0.0,7.0,1106
367584530,0.357971,0.7910168,0.0,3.3,69
367584550,5.9151545,3.1741316,0.0,9.2,1102
367584630,0.002515178,0.018226631,0.0,0.3,1153
367585110,0.08382353,0.036959615,0.0,0.1,136
367585170,2.2796025,2.834824,0.0,6.9,1157
367585310,0.0,0.0,0.0,0.0,2
367585510,1.3778716,2.3211236,0.0,8.4,592
367585560,4.243817,3.841936,0.0,11.5,744
367585640,0.002027027,0.014116199,0.0,0.1,296
367585740,0.0,0.0,0.0,0.0,427
367585780,0.21614459,0.23334281,0.0,2.4,415
367585870,0.29397592,1.0055186,0.0,6.5,1079
367585910,0.7903382,0.3126824,0.0,3.4,207
367586220,7.392424,3.5271385,0.0,10.4,132
367586250,3.5164351,0.745961,0.8,6.7,432
367586340,0.5457143,1.0279456,0.0,4.4,35
367586370,0.014070352,0.034859244,0.0,0.1,199
367586380,0.0025830257,0.018073091,0.0,0.2,271
367586480,0.040143367,0.06262812,0.0,0.2,279
367586510,2.4630136,3.5634353,0.0,8.4,146
367586630,0.03533654,0.054453537,0.0,0.4,416
367586750,0.15984654,0.76679087,0.0,7.2,1173
367586890,0.008072917,0.027277416,0.0,0.1,384
367586910,7.0284653,2.276675,0.0,9.3,1075
367586920,2.3529837,3.989124,0.0,10.6,553
367587010,1.6910745,2.8025293,0.0,11.3,1154
367587190,3.8441126,2.6862538,0.0,8.4,1138
367587270,4.16746,2.3226821,0.0,6.2,126
367587330,1.7693877,2.387136,0.0,7.6,49
367587420,4.1327405,0.8168292,2.1,7.1,281
367587440,0.004278075,0.020245269,0.0,0.1,1122
367587590,0.00049751246,0.0070446557,0.0,0.1,402
367587620,12.452245,8.935706,0.0,23.5,245
367587660,3.2512822,0.6739578,1.3,4.8,78
367587710,7.0756707,2.2396193,0.0,8.9,522
367587840,0.0010135135,0.010033157,0.0,0.1,296
367587860,0.0,0.0,0.0,0.0,186
367587930,0.00025839795,0.0050789015,0.0,0.1,1161
367587990,0.00060658576,0.007768071,0.0,0.1,1154
367588040,0.0022364217,0.0148101775,0.0,0.1,313
367588180,0.009225092,0.028991524,0.0,0.1,271
367588290,2.4351754,3.2934313,0.0,11.3,1140
367588580,0.0,0.0,0.0,0.0,822
367588620,0.1,0.14142136,0.0,0.2,2
367588630,8.348837,0.96396303,4.0,10.0,43
367588670,0.07059337,0.06351424,0.0,0.6,1146
367588940,2.9647639,2.2781713,0.0,6.9,911
367588960,2.3924801,2.4658225,0.0,7.6,625
367589010,0.00046620046,0.006819906,0.0,0.1,429
367589050,0.000477707,0.006900603,0.0,0.1,628
367589070,0.023661973,0.04450733,0.0,0.2,355
367589090,0.29999998,0.42895222,0.0,0.9,6
367589170,0.00015948963,0.0039936155,0.0,0.1,627
367589210,0.035883427,0.2804902,0.0,6.5,1098
367589280,0.666509,1.8135053,0.0,8.1,1057
367589290,0.0021077285,0.014381052,0.0,0.1,427
367589310,0.030964466,0.046839923,0.0,0.2,394
367589320,0.014391144,0.03516493,0.0,0.1,271
367589340,0.02478261,0.04438631,0.0,0.2,1150
367589350,0.03803828,0.0500645,0.0,0.2,418
367589490,0.31717557,4.3115067,0.0,69.8,262
367589520,0.6113461,1.7273952,0.0,7.6,1040
367589540,0.016903915,0.08072923,0.0,1.4,1124
367589590,0.0014018692,0.011770531,0.0,0.1,428
367589940,0.019160105,0.18027852,0.0,3.1,381
367590130,0.00027027028,0.0051987525,0.0,0.1,370
367590250,0.0,0.0,0.0,0.0,388
367590270,2.226933,2.3704383,0.0,6.2,1151
367590310,2.9113822,3.760716,0.0,8.6,123
367590380,0.0032051282,0.017670358,0.0,0.1,156
367590460,0.018464193,0.03881743,0.0,0.1,1159
367590560,1.645142,5.755153,0.0,31.0,1163
367590780,1.0836099,2.879478,0.0,10.7,482
367590890,2.848867,3.3417165,0.0,8.0,706
367590950,0.0016580311,0.012775883,0.0,0.1,965
367591130,0.0005524862,0.0074329413,0.0,0.1,181
367591250,1.213555,2.7031133,0.0,12.9,1173
367591660,0.005263158,0.022941574,0.0,0.1,19
367591810,1.424308,3.5089602,0.0,12.4,1156
367591950,2.1631398,3.0251956,0.0,8.1,1153
367591990,4.2748513,4.8669,0.0,13.7,672
367592080,0.00045045046,0.0067115608,0.0,0.1,222
367592190,0.1,,0.1,0.1,1
367592280,0.011785096,0.033315267,0.0,0.2,1154
367592310,0.051194537,0.057101265,0.0,0.3,293
367592460,0.46875,2.5977829,0.0,32.6,368
367592530,1.7325095,2.393441,0.0,9.4,526
367592540,0.027472528,0.044699017,0.0,0.1,364
367592590,4.4900875,7.29282,0.0,22.4,343
367592640,0.73318624,2.0365677,0.0,8.2,1133
367592840,2.346129,2.790814,0.0,8.4,310
367593050,0.08886228,0.8739272,0.0,12.2,835
367593180,0.010047847,0.030099716,0.0,0.1,418
367593210,0.8023466,2.2669365,0.0,8.3,1108
367593250,0.05454546,0.0522233,0.0,0.1,11
367593340,0.0,0.0,0.0,0.0,1038
367593360,0.013994911,0.034737647,0.0,0.1,393
367593530,0.32083333,1.4491314,0.0,7.1,24
367593540,0.021052632,0.040821996,0.0,0.1,380
367593760,0.025916232,0.043874953,0.0,0.1,382
367594130,0.0,0.0,0.0,0.0,53
367594140,0.0025179856,0.015695363,0.0,0.1,278
367594190,3.313582,3.5188637,0.0,8.4,751
367594230,0.34912473,1.230368,0.0,8.8,914
367594260,0.013743219,0.050617035,0.0,0.2,1106
367594450,0.016037736,0.036869895,0.0,0.1,106
367594470,2.218085,2.1527538,0.0,8.8,1128
367594560,1.2681818,2.9924328,0.0,9.5,22
367594960,0.021558441,0.041176226,0.0,0.1,385
367595180,0.09745547,0.4738424,0.0,6.1,1179
367595460,0.11042945,0.56051475,0.0,4.7,652
367595470,0.0,0.0,0.0,0.0,4
367595480,0.0014184398,0.011839061,0.0,0.1,423
367595560,1.4587849,1.7467147,0.0,5.0,609
367595620,5.7799997,0.2585675,5.2,6.3,85
367595750,3.1802666,1.949245,0.2,7.7,375
367596020,0.081818186,0.06030227,0.0,0.2,11
367596160,0.08753315,0.088296615,0.0,0.5,377
367596190,3.1556098,2.560081,0.0,7.7,410
367596390,1.2732067,2.356104,0.0,9.0,474
367596750,1.4714007,2.8066509,0.0,11.6,514
367596760,2.7728043,2.9287534,0.0,9.6,945
367596830,0.0,0.0,0.0,0.0,259
367596840,1.4391736,1.3662691,0.0,4.8,605
367596850,6.5249696,3.2279227,0.0,9.6,821
367596940,0.024283154,0.049499076,0.0,0.5,1116
367597130,0.0,,0.0,0.0,1
367597250,4.5164695,1.564378,0.0,6.7,1099
367597270,2.3509824,2.5103173,0.0,8.7,916
367597330,0.0029411765,0.016937336,0.0,0.1,204
367597350,4.5800176,2.519786,0.0,7.3,1146
367597530,0.07486583,0.056800157,0.0,0.3,1118
367597640,2.1454787,3.9665456,0.0,14.4,1128
367597650,1.8404782,3.61974,0.0,13.1,1129
367597910,0.002647059,0.016076665,0.0,0.1,340
367598120,0.004132231,0.019986222,0.0,0.1,121
367598250,0.0016528926,0.018181818,0.0,0.2,121
367598280,0.002269693,0.014903501,0.0,0.1,749
367598380,0.0004608295,0.0067805992,0.0,0.1,434
367598390,2.1827588,8.813467,0.0,47.9,29
367598440,2.3486972,1.6196913,0.0,8.1,1113
367598530,0.0,0.0,0.0,0.0,14
367598830,0.0018691589,0.014659793,0.0,0.2,642
367598950,4.8,3.1918087,0.0,7.7,124
367598960,4.5738006,1.5142093,0.0,6.0,271
367598970,2.1481376,3.2982717,0.0,8.6,349
367598980,2.050897,1.9912856,0.0,5.1,892
367598990,1.2985075,2.5996823,0.0,13.1,201
367599140,0.0025641026,0.016012816,0.0,0.1,39
367599210,6.0764446,4.2046223,0.0,11.5,1125
367599320,0.60431033,1.2615651,0.0,5.6,116
367599370,0.6720575,2.2655618,0.0,10.9,1113
367599530,5.2907977,1.6096855,0.0,8.2,163
367599550,3.2371323,2.8067634,0.0,7.0,1088
367599740,2.8614926,2.4949272,0.0,6.7,1005
367599750,0.014975846,0.038968224,0.0,0.3,414
367599760,3.8156157,1.5445579,0.0,6.6,333
367599780,0.00015360983,0.003919309,0.0,0.1,651
367599790,1.2299057,2.4421482,0.0,7.6,1167
367599850,1.5544673,4.0390663,0.0,13.6,1164
367599860,0.0004784689,0.0069088456,0.0,0.1,418
367599960,0.0070469803,0.025636762,0.0,0.1,298
367600340,0.0,0.0,0.0,0.0,166
367600490,0.07998259,0.12639329,0.0,0.7,1149
367600580,0.001754386,0.013245324,0.0,0.1,57
367600750,0.5646958,1.5170685,0.0,7.5,1167
367600830,0.0,0.0,0.0,0.0,12
367600870,8.377926,2.2905061,0.0,11.5,376
367601010,5.4771085,2.8990884,0.0,8.5,83
367601040,0.06428572,0.30457178,0.0,2.3,70
367601060,3.527975,1.670846,0.0,5.8,479
367601130,4.889855,4.348089,0.0,16.8,138
367601620,3.7568922,1.5818815,0.0,5.3,1139
367601830,0.00023419205,0.0048393393,0.0,0.1,427
367602150,0.0010781671,0.010341302,0.0,0.1,371
367602170,0.013888889,0.03463119,0.0,0.1,360
367602240,4.3939395,4.894936,0.0,12.5,462
367602250,0.010771993,0.074096754,0.0,1.3,1114
367602270,3.089875,2.573828,0.0,6.9,800
367602350,1.7369515,3.737773,0.0,28.6,433
367602470,0.0,0.0,0.0,0.0,431
367602520,1.584492,3.307172,0.0,11.8,1122
367602530,0.6150975,2.2989204,0.0,12.7,1179
367602540,0.011220716,0.03158159,0.0,0.1,811
367602610,0.05822785,0.41362917,0.0,4.5,632
367602640,0.58506876,0.55551374,0.0,3.7,509
367602710,6.3530354,3.8101585,0.0,10.0,560
367602730,0.021038963,0.040811572,0.0,0.1,385
367602740,2.5596235,3.3836055,0.0,8.1,478
367602750,0.053170733,0.06635605,0.0,0.7,410
367602770,0.71,1.5463452,0.0,7.4,110
367602790,0.010926366,0.044447366,0.0,0.7,421
367602890,5.032811,4.733538,0.0,11.0,1021
367603000,0.00085984526,0.009236804,0.0,0.1,1163
367603170,0.37142855,0.63695705,0.0,1.4,7
367603210,0.97175044,1.8064352,0.0,7.8,1154
367603350,0.19139072,0.8172509,0.0,7.2,302
367603360,0.022439023,0.041768983,0.0,0.1,410
367603920,0.0,0.0,0.0,0.0,322
367604060,0.00952381,0.03007926,0.0,0.1,21
367604450,0.0012145749,0.010975884,0.0,0.1,247
367604470,0.08753315,0.06505738,0.0,0.4,377
367604770,2.167753,4.769439,0.0,28.1,583
367604920,0.5176101,1.3653085,0.0,6.1,636
367604980,0.0,0.0,0.0,0.0,336
367605130,0.0007853403,0.00883093,0.0,0.1,1146
367605150,3.620667,7.2279844,0.0,28.2,1229
367605210,0.00048780488,0.0069757598,0.0,0.1,410
367605330,0.107507505,0.15475623,0.0,2.1,333
367605450,2.623077,2.6203706,0.0,10.8,286
367605530,0.0441358,0.2882576,0.0,4.0,324
367605650,0.014180929,0.036304493,0.0,0.2,409
367605670,0.43076926,1.8633239,0.0,12.1,52
367605680,5.665385,4.803225,0.0,13.3,780
367605770,9.4696974e-05,0.0030772872,0.0,0.1,1056
367605850,0.48062223,1.8130993,0.0,10.5,1125
367605870,0.07537688,0.14579491,0.0,1.4,398
367606000,6.020359,5.4525623,0.0,15.1,1115
367606270,6.831818,8.224664,0.0,19.4,132
367606280,0.07890071,0.56753165,0.0,5.6,1128
367606290,0.083333336,0.14420825,0.0,1.6,336
367606370,2.884038,3.1483738,0.0,8.6,1159
367606390,0.021469466,0.13215911,0.0,1.6,1048
367606520,0.013496933,0.09133482,0.0,1.0,489
367606820,4.72093,2.7846994,0.0,8.3,43
367606840,0.0,0.0,0.0,0.0,21
367606860,1.139553,2.5517266,0.0,9.5,1163
367606910,4.240909,0.85879654,2.8,5.1,66
367607220,0.00018691589,0.0043233773,0.0,0.1,535
367607250,0.0051858253,0.026452364,0.0,0.3,1157
367608420,0.0032948928,0.01785765,0.0,0.1,1214
367608470,1.3513793,1.9003605,0.0,7.2,1160
367608620,0.0428777,0.050391044,0.0,0.2,695
367608840,,,,,0
367608850,0.0,0.0,0.0,0.0,296
367608860,4.645628,6.081945,0.0,16.7,1155
367609050,0.0,,0.0,0.0,1
367609150,0.91180015,2.3698008,0.0,10.6,1161
367609520,0.0033898305,0.029036386,0.0,0.3,118
367609770,0.24796748,1.1047846,0.0,6.4,123
367609780,0.0064102565,0.02623635,0.0,0.2,234
367610060,0.024025975,0.043548163,0.0,0.2,308
367610230,0.0,0.0,0.0,0.0,122
367610270,0.9372131,1.9938762,0.0,7.2,610
367610280,2.60491,2.1243033,0.0,5.2,611
367610410,0.2779703,0.2023064,0.0,1.0,404
367610460,0.0,0.0,0.0,0.0,204
367610510,3.477564,1.5180452,0.3,6.0,156
367610550,0.5493162,1.5827569,0.0,6.6,1170
367610590,1.3832699,2.3941383,0.0,9.5,1052
367610660,0.4463557,1.2524046,0.0,6.9,343
367610670,0.00025641025,0.0050636968,0.0,0.1,390
367610920,0.0,0.0,0.0,0.0,419
367610930,0.001659751,0.01280236,0.0,0.1,241
367610960,0.0016997168,0.012944393,0.0,0.1,353
367611000,0.003457447,0.018294284,0.0,0.1,376
367611060,0.0,0.0,0.0,0.0,466
367611160,0.0047244094,0.02124395,0.0,0.1,381
367611240,0.4686775,1.8227166,0.0,9.3,431
367611250,0.08325123,0.20615593,0.0,3.1,1015
367611260,1.7810752,2.4131615,0.0,7.1,465
367611270,0.0,0.0,0.0,0.0,243
367611420,0.20755395,1.0026934,0.0,8.1,278
367611430,0.91317624,1.7674769,0.0,6.9,1146
367611880,0.00094339624,0.009712859,0.0,0.1,106
367612050,2.5059147,1.2276231,0.0,5.2,727
367612070,0.0015228427,0.014185817,0.0,0.2,394
367612230,0.0022727272,0.015075567,0.0,0.1,44
367612240,0.043962486,0.1661544,0.0,3.3,853
367612290,4.9890847,3.556982,0.0,9.4,568
367612310,5.9313064,3.8759828,0.0,10.2,773
367612320,0.0,0.0,0.0,0.0,312
367612330,0.020342398,0.13740496,0.0,1.5,993
367612350,0.0,0.0,0.0,0.0,1037
367612470,0.0067553734,0.08319574,0.0,1.6,977
367612480,0.0,0.0,0.0,0.0,261
367612490,0.0,0.0,0.0,0.0,207
367612520,0.0,0.0,0.0,0.0,811
367612530,0.0,0.0,0.0,0.0,152
367612570,0.07647059,0.043723732,0.0,0.1,17
367612650,0.0009836066,0.009885017,0.0,0.1,305
367612660,0.3,0.9539392,0.0,4.5,23
367612770,0.00048899755,0.0069842613,0.0,0.1,409
367613390,0.023809524,0.045354735,0.0,0.3,420
367613480,0.18529412,0.12003073,0.0,0.5,68
367613490,0.40733945,1.069149,0.0,4.2,218
367613760,0.0020533882,0.01743858,0.0,0.3,974
367613790,0.58320343,1.560061,0.0,6.7,1155
367613940,0.113231555,0.7932376,0.0,7.9,786
367614020,0.6651474,2.072475,0.0,11.0,1119
367614030,0.0013774105,0.011660559,0.0,0.1,1089
367614410,0.09837476,0.07259534,0.0,0.5,1046
367614550,4.893778,1.8298752,0.3,8.0,225
367614560,3.5633607,2.8289495,0.0,11.0,857
367614610,0.080629535,0.091971874,0.0,0.5,413
367614640,0.0659204,0.10407063,0.0,0.8,402
367614710,0.1744186,0.681767,0.0,3.8,43
367614749,0.0,0.0,0.0,0.0,643
367614860,0.0006993007,0.008342859,0.0,0.1,429
367614880,1.1920745,2.23454,0.0,7.8,858
367614890,1.7143375,2.3361883,0.0,6.2,551
367614930,0.7789735,1.7800735,0.0,6.8,604
367614940,0.07648069,0.48920965,0.0,5.1,1165
367615130,4.33922,2.2216797,0.0,10.3,436
367615260,5.1333337,2.952513,0.1,8.6,21
367615560,0.0018666666,0.013552565,0.0,0.1,375
367615660,0.010693641,0.030947994,0.0,0.1,346
367615680,0.047074012,0.38231248,0.0,5.2,1162
367615770,2.7116838,2.439183,0.0,8.3,1164
367615940,0.0051351353,0.022101223,0.0,0.1,370
367615990,3.383602,4.425194,0.0,13.4,744
367616040,3.646033,2.7823002,0.0,8.2,1147
367616090,0.00026385224,0.005136655,0.0,0.1,379
367616140,1.4711206,2.1916177,0.0,8.5,232
367616350,0.009655173,0.029568646,0.0,0.1,435
367616650,0.004304636,0.021903137,0.0,0.2,302
367616680,0.00049751246,0.0070446557,0.0,0.1,402
367616870,0.0056,0.023084696,0.0,0.1,125
367617020,1.130776,3.0853872,0.0,11.8,1121
367617080,0.094561934,0.5481932,0.0,5.8,331
367617270,7.2553086,6.322986,0.0,15.1,405
367617460,0.008549223,0.027997568,0.0,0.1,386
367617610,0.008510638,0.038393263,0.0,0.5,376
367617690,0.24273281,0.8610482,0.0,9.2,1149
367617840,0.0,0.0,0.0,0.0,273
367618130,0.07710027,0.5057378,0.0,4.0,738
367618240,0.30075684,0.65399367,0.0,7.6,1057
367618290,2.76,4.460157,0.0,10.3,5
367618310,2.922261,3.9135513,0.0,13.4,1150
367618390,0.00931677,0.0668966,0.0,0.8,161
367618560,0.0,0.0,0.0,0.0,19
367618660,0.029613733,0.045674838,0.0,0.1,1165
367618670,0.97692966,2.0153465,0.0,7.6,1166
367618760,1.6714414,2.5541432,0.0,6.3,1110
367618970,4.3702855,5.1694646,0.0,15.1,175
367618990,4.6985354,4.7826896,0.0,12.5,751
367619240,0.039598998,0.2825509,0.0,3.6,399
367619370,5.863808,3.9537187,0.0,9.6,688
367619730,0.023570191,0.16835228,0.0,3.9,1154
367619920,3.0380192,3.1915076,0.0,7.9,626
367620180,0.00043402778,0.006576621,0.0,0.1,1152
367620210,0.0049079754,0.09602866,0.0,2.3,1141
367620420,2.1051989,1.746895,0.0,5.5,654
367620930,0.025869567,0.052021284,0.0,0.5,460
367621000,0.00017211704,0.004146912,0.0,0.1,1162
367621020,0.0,0.0,0.0,0.0,158
367621160,8.9375,0.5213536,7.7,10.8,240
367621410,0.028470589,0.05838846,0.0,0.6,425
367621460,0.00044052865,0.0066372333,0.0,0.1,227
367621640,0.00024570024,0.004956816,0.0,0.1,407
367621850,0.014251782,0.043493003,0.0,0.3,421
367621940,0.5600173,1.0562317,0.0,8.7,1158
367621990,2.0152943,3.0033643,0.0,8.1,510
367622080,0.0060606063,0.02388849,0.0,0.1,429
367622140,3.3081272,4.3267646,0.0,12.5,283
367622190,0.0,,0.0,0.0,1
367622510,0.0023041475,0.015038212,0.0,0.1,217
367622520,1.390147,2.5116765,0.0,8.0,1157
367622660,0.0051558753,0.022126716,0.0,0.1,834
367622850,0.030000001,0.13936904,0.0,0.9,60
367622960,1.3545166,1.8589998,0.0,5.8,631
367622970,0.025352113,0.05458285,0.0,0.4,426
367623540,0.0,0.0,0.0,0.0,205
367623720,0.05023256,0.07656642,0.0,0.9,430
367623770,0.0,0.0,0.0,0.0,257
367624350,0.0032786885,0.01781643,0.0,0.1,1037
367624370,0.0,0.0,0.0,0.0,13
367624510,0.0049751243,0.021770153,0.0,0.1,402
367625010,0.0034482758,0.018569535,0.0,0.1,29
367625040,0.0005524862,0.0074226395,0.0,0.1,362
367625190,0.0,0.0,0.0,0.0,1079
367625230,2.866422,3.4465177,0.0,8.5,545
367625310,0.0073239435,0.13277735,0.0,2.5,355
367625510,0.34738806,0.88251466,0.0,4.9,268
367625540,1.3971014,2.1826127,0.0,8.6,621
367625610,0.68635017,1.8389331,0.0,8.2,1011
367625740,0.0016393444,0.012715689,0.0,0.1,366
367625810,1.1225156,2.6163094,0.0,10.8,644
367626030,0.76358694,1.7567887,0.0,10.4,1104
367626730,0.03016627,0.25786158,0.0,3.3,421
367626860,0.57250607,1.3589624,0.0,5.7,411
367627020,0.0014117648,0.024722656,0.0,0.5,425
367627130,0.001724138,0.013035699,0.0,0.1,348
367627320,0.08618557,0.48982936,0.0,4.0,970
367627450,0.818174,1.8804682,0.0,12.6,1161
367627460,0.013899614,0.03466123,0.0,0.1,259
367627470,0.0006578947,0.008088147,0.0,0.1,1064
367627480,0.08363096,0.20193076,0.0,2.0,336
367627580,5.750926,8.2023535,0.0,21.9,540
367627770,0.93714774,1.6554737,0.0,7.4,1171
367627850,0.010204081,0.03032181,0.0,0.1,294
367628070,0.010226244,0.030313034,0.0,0.1,1105
367628110,0.0,,0.0,0.0,1
367628210,0.67843133,1.9174268,0.0,11.1,51
367628230,0.13984063,0.89078945,0.0,9.3,1004
367628430,0.17100592,0.14933938,0.0,1.1,338
367629050,0.00083333335,0.009128709,0.0,0.1,120
367629180,0.0,0.0,0.0,0.0,165
367629250,3.1000001,2.066398,1.2,5.3,3
367629320,0.017816093,0.03831991,0.0,0.1,348
367629590,0.020895522,0.04071705,0.0,0.1,335
367629830,1.2136443,2.3453267,0.0,8.0,1158
367629980,1.1422681,3.6167388,0.0,25.4,97
367630570,0.0,0.0,0.0,0.0,239
367630830,0.0,0.0,0.0,0.0,4
367630990,0.0068259384,0.025233407,0.0,0.1,879
367631610,4.513186,2.1596496,0.0,8.4,1130
367631740,0.0,0.0,0.0,0.0,356
367631890,1.8244755,2.146228,0.0,11.4,1144
367631990,1.1424056,2.1650608,0.0,10.0,1139
367632910,0.2031056,0.700626,0.0,5.1,644
367633000,0.27053764,0.90445065,0.0,5.0,465
367633210,2.1560748,3.2462065,0.0,9.0,1177
367633230,1.02,2.195378,0.0,13.9,1180
367633250,1.1603918,2.2821686,0.0,11.4,1174
367633260,1.3924528,2.651315,0.0,13.1,1166
367633270,1.4471089,2.2321048,0.0,10.9,588
367633550,0.064,0.07,0.0,0.2,25
367633570,0.17956404,0.22492701,0.0,1.9,367
367634290,0.1225,0.1234173,0.0,0.8,400
367634360,0.00097323605,0.009829114,0.0,0.1,411
367634660,1.4255395,3.0343213,0.0,10.0,1112
367634690,0.015572859,0.15517065,0.0,3.3,899
367634760,0.0,0.0,0.0,0.0,3
367634870,4.7239437,3.3817265,0.0,8.5,213
367635000,0.0,0.0,0.0,0.0,420
367635140,2.6167598,1.8709635,0.2,7.7,179
367635360,6.3503356,2.7639606,0.0,9.4,298
367635370,1.8208613,1.9788501,0.0,6.6,1045
367635510,0.042857144,0.0755929,0.0,0.2,14
367635620,0.0,0.0,0.0,0.0,221
367635730,0.1845878,1.055107,0.0,9.9,279
367635951,0.0020588236,0.014221055,0.0,0.1,340
367636140,0.011355312,0.03178504,0.0,0.1,273
367636150,0.7,0.0,0.7,0.7,30
367636270,0.010736469,0.06569812,0.0,0.6,1127
367636460,2.0135112,2.9899514,0.0,9.5,1162
367636710,1.4123555,2.839233,0.0,11.1,1125
367636870,0.92062616,1.1953392,0.0,13.5,543
367636930,2.0048318,3.0849786,0.0,8.5,1159
367636940,0.010727969,0.031006308,0.0,0.1,261
367637070,2.8923144,2.2668083,0.0,7.8,1145
367637190,2.7499547,5.244895,0.0,16.9,1107
367637210,0.0152,0.12909542,0.0,2.4,1000
367637310,0.11128609,0.5948144,0.0,4.6,1143
367637350,0.037316017,0.32938376,0.0,4.6,1155
367637420,4.1914144,3.076021,0.0,7.9,198
367637490,0.94991493,2.1151853,0.0,7.3,1176
367637540,0.019018406,0.18409881,0.0,3.2,1141
367637640,0.238,0.11134327,0.0,0.5,300
367637710,6.9258623,2.4974065,0.0,9.3,58
367637720,0.1,,0.1,0.1,1
367637760,0.4052541,1.27107,0.0,9.2,1161
367637910,0.9225903,3.772968,0.0,20.3,332
367637920,2.8300002,1.446106,0.0,4.8,10
367637960,1.6851468,3.3422344,0.0,11.3,1158
367637970,3.9577157,2.8516092,0.0,8.0,1147
367637980,0.0,0.0,0.0,0.0,652
367638000,0.05311005,0.050440673,0.0,0.2,418
367638010,4.244762,0.43632665,3.2,5.5,105
367638020,0.43529412,1.0869749,0.0,4.4,102
367638030,10.907513,0.72141314,8.8,12.4,386
367638040,9.073791,3.7530444,0.0,11.8,248
367638050,3.2181427,2.459697,0.0,7.5,1163
367638070,2.98,2.0597305,0.0,5.8,205
367638080,3.3491461,0.7277199,0.1,5.5,527
367638090,4.3879824,2.3271751,0.0,7.9,1115
367638110,4.282353,2.0159433,0.0,6.5,289
367638120,0.7545879,1.7263461,0.0,7.9,643
367638130,0.0,0.0,0.0,0.0,658
367638150,5.534783,0.20803994,5.0,5.8,23
367638170,1.5347561,2.4416544,0.0,8.5,1148
367638240,3.4965255,3.0727937,0.0,7.4,662
367638250,2.0688272,1.8580927,0.0,4.6,972
367638260,0.0009859154,0.011223456,0.0,0.2,710
367638310,0.001506024,0.012197641,0.0,0.1,332
367638420,5.459799,3.0017698,0.0,9.2,398
367638430,0.001807229,0.013361598,0.0,0.1,166
367638480,2.2167833,3.5889373,0.0,9.6,1144
367638570,0.020844327,0.04131854,0.0,0.2,379
367638590,1.6374999,2.7356796,0.0,8.1,728
367638640,0.06343714,0.4860062,0.0,5.6,867
367638710,0.071428575,0.048795003,0.0,0.1,7
367638760,0.07138889,0.4163621,0.0,6.8,360
367638940,11.632558,11.29835,0.0,38.3,43
367639070,0.0,0.0,0.0,0.0,2
367639150,4.2002764,6.757585,0.0,29.2,362
367639160,6.713043,10.391165,0.0,33.3,92
367639170,3.2004876,6.551115,0.0,31.7,205
367639270,4.1513352,3.574944,0.0,12.1,1161
367639380,4.6,3.4786205,0.0,8.7,26
367639430,0.032614555,0.048081122,0.0,0.2,371
367639520,0.020603014,0.04894492,0.0,0.4,398
367639820,0.8439024,3.4556463,0.0,33.1,328
367639990,4.1498575,3.0365427,0.0,8.2,702
367640060,4.619083,1.6771774,0.0,9.6,676
367640280,0.0,0.0,0.0,0.0,303
367640310,0.0,0.0,0.0,0.0,3
367640510,0.014912281,0.035778217,0.0,0.1,114
367640610,0.0019002375,0.025749702,0.0,0.5,421
367640650,0.0040865387,0.019821668,0.0,0.1,416
367640860,0.019552112,0.08054859,0.0,1.3,1161
367640890,0.0027692309,0.016434278,0.0,0.1,325
367640910,0.03367347,0.3130079,0.0,4.8,686
367641010,2.6497486,3.117414,0.0,8.7,199
367641070,0.001509434,0.0122158965,0.0,0.1,265
367641230,20.73919,0.22864556,20.3,21.3,74
367641290,3.39,2.719661,0.1,7.0,10
367641460,0.013414634,0.043192297,0.0,0.6,656
367641540,1.6150862,2.4762037,0.0,7.5,1160
367641590,1.5318953,2.6674044,0.0,11.1,649
367641610,4.282745,2.896264,0.0,8.2,510
367641620,2.7583332,2.1449468,0.1,5.3,24
367641640,1.8762053,2.656757,0.0,9.8,643
367641650,0.38906008,1.2878302,0.0,7.6,649
367641670,2.0416405,2.5666127,0.0,8.3,317
367641940,3.1200001,2.535153,0.0,5.5,5
367641970,0.006758621,0.02512078,0.0,0.1,725
367642060,0.0021531102,0.014532045,0.0,0.1,418
367642130,3.3693547,1.214474,0.8,4.7,62
367642410,1.1975737,2.22339,0.0,9.6,1154
367642480,1.0385638,2.3980346,0.0,8.5,1128
367642490,5.785527,2.1233103,0.0,9.2,1147
367642530,0.6724325,2.1443524,0.0,12.0,1110
367642570,0.0,0.0,0.0,0.0,389
367642830,0.0,0.0,0.0,0.0,119
367642860,0.017465753,0.038032573,0.0,0.1,292
367642960,0.024464833,0.04305373,0.0,0.1,327
367643140,5.3123903,6.5725393,0.0,19.2,1025
367643150,0.031855956,0.048980057,0.0,0.2,361
367643270,1.7097561,2.1632328,0.0,7.4,123
367643350,2.7748373,3.7042537,0.0,9.3,461
367643740,2.0999136,3.5725622,0.0,9.3,1160
367643760,1.3267168,2.7584739,0.0,8.5,932
367643790,0.5635813,1.7369567,0.0,11.4,1156
367643850,7.2512283,1.6374706,0.0,8.7,285
367643980,1.783959,3.636551,0.0,11.1,293
367643990,3.2375,1.2279812,0.2,7.0,552
367644450,0.004679803,0.021146659,0.0,0.1,406
367644590,2.361695,2.4750826,0.0,6.5,590
367644720,0.0,0.0,0.0,0.0,192
367644790,0.00053475937,0.007296398,0.0,0.1,1122
367645040,0.33151042,1.4854072,0.0,9.4,1152
367645050,0.0010273973,0.010101169,0.0,0.1,292
367645120,0.006451613,0.024646644,0.0,0.1,155
367645140,7.319595,0.49137583,6.3,8.8,148
367645150,0.013081395,0.15770894,0.0,2.8,344
367645170,2.402232,3.1927004,0.0,8.9,896
367645320,0.0051044086,0.022034345,0.0,0.1,431
367645460,5.7314286,0.1254907,5.4,5.9,35
367645470,0.0,0.0,0.0,0.0,251
367645890,0.022826089,0.043305546,0.0,0.2,368
367645970,0.0,0.0,0.0,0.0,232
367646240,0.08137869,0.06429015,0.0,0.3,1117
367646260,0.005687204,0.023214871,0.0,0.1,211
367646340,0.00093457947,0.009633345,0.0,0.1,428
367646390,0.0036674817,0.018819237,0.0,0.1,409
367646810,0.72542375,2.4648268,0.0,11.6,531
367646910,0.0031168833,0.018837279,0.0,0.2,385
367647050,2.0099308,2.996889,0.0,12.5,1158
367647060,0.043809522,0.068983495,0.0,0.5,420
367647210,0.00023148149,0.0048112525,0.0,0.1,432
367647270,0.7371324,0.22757313,0.3,1.4,272
367647490,0.2,0.14142136,0.1,0.3,2
367647650,1.5870322,2.2829578,0.0,5.7,1149
367648020,0.0,0.0,0.0,0.0,251
367648030,0.0031518624,0.017496547,0.0,0.1,349
367648120,0.044523813,0.072087936,0.0,0.5,420
367648150,4.2885246,0.511036,1.4,5.6,854
367648240,0.0,0.0,0.0,0.0,427
367648290,3.5850132,3.2709537,0.0,10.4,1161
367648440,0.0035294117,0.019709319,0.0,0.2,425
367648550,0.0008994276,0.0094449315,0.0,0.1,1223
367648680,8.173604,1.0783176,3.5,11.8,197
367648920,0.18760563,0.8149198,0.0,4.8,1065
367649040,0.01419753,0.03495647,0.0,0.1,324
367649090,0.5532831,1.7699456,0.0,11.3,929
367649150,0.018255396,0.03887962,0.0,0.2,1112
367649160,0.09635628,0.29249918,0.0,2.2,247
367649170,2.525,4.0957313,0.0,11.5,1164
367649320,6.4782906,7.3210797,0.0,18.7,1170
367649360,0.7939963,1.6897862,0.0,5.4,533
367649620,0.0034146341,0.022939248,0.0,0.2,410
367649630,0.17652011,1.1353037,0.0,11.1,1069
367649650,1.8703704,2.870187,0.0,20.2,54
367649760,0.0023572077,0.0168766,0.0,0.3,1103
367649770,0.005525362,0.028186262,0.0,0.3,1104
367649790,0.0042328043,0.021435704,0.0,0.2,378
367649810,1.4243836,2.714123,0.0,11.2,365
367650150,0.017080745,0.038510263,0.0,0.2,322
367650170,0.0011160715,0.010517054,0.0,0.1,448
367650190,0.00052173913,0.007207418,0.0,0.1,1150
367650350,0.011267606,0.031844694,0.0,0.1,71
367650490,0.0,0.0,0.0,0.0,418
367650540,0.38846153,0.85932916,0.0,4.2,156
367650610,0.0018648019,0.013543644,0.0,0.1,429
367650950,0.016009852,0.036714986,0.0,0.1,406
367651010,0.012144703,0.0722137,0.0,1.0,387
367651310,5.8592668,6.2116213,0.0,25.5,518
367651380,0.02560606,0.04367867,0.0,0.1,660
367651440,6.0012836,5.104373,0.0,13.7,779
367651550,0.2,0.3109951,0.0,2.5,196
367651670,1.190787,2.8233762,0.0,10.9,521
367651760,0.004494382,0.020776521,0.0,0.1,178
367651810,0.1320951,0.4752298,0.0,3.0,673
367651820,4.6894956,2.836623,0.0,8.9,238
367651830,2.7489855,2.8756835,0.0,8.0,690
367652000,0.002586207,0.015941234,0.0,0.1,116
367652230,0.05265958,0.08512486,0.0,0.5,376
367652650,3.067464,4.3393955,0.0,13.4,418
367652660,0.06908753,0.124880955,0.0,1.4,1074
367652850,0.77306664,3.4604945,0.0,31.7,375
367652880,0.01818182,0.038765743,0.0,0.1,99
367652980,0.8326443,1.6877788,0.0,6.5,1161
367653040,0.08372093,0.23189718,0.0,1.4,43
367653160,0.0,0.0,0.0,0.0,5
367653220,0.5246622,1.2244265,0.0,4.3,296
367653290,0.42449665,1.4271216,0.0,6.3,596
367653470,3.0477989,1.8262917,0.0,7.3,954
367653480,0.79336244,1.5900284,0.0,5.1,1145
367653490,0.67110336,1.811722,0.0,8.4,1142
367653530,1.0778915,2.356827,0.0,8.6,977
367653540,6.7206216,3.742772,0.0,10.9,708
367653620,0.48398533,1.3877503,0.0,8.4,818
367653630,1.6534637,3.127679,0.0,10.5,1227
367653650,0.0013850415,0.011703215,0.0,0.1,361
367653670,0.012692307,0.03335288,0.0,0.1,260
367653830,0.16218181,1.4429626,0.0,21.7,275
367654030,0.018548388,0.038921308,0.0,0.1,372
367654040,0.0006116208,0.007808615,0.0,0.1,327
367654060,0.007332294,0.028927123,0.0,0.3,641
367654140,9.0,0.28284246,8.8,9.2,2
367654230,0.25006694,1.0266864,0.0,6.9,747
367654260,5.9335275,8.774948,0.0,27.9,686
367654290,1.0212662,1.8886789,0.0,11.1,616
367654520,1.3130435,2.6303265,0.0,10.6,851
367654590,1.2820144,2.8444774,0.0,10.0,139
367654950,2.2495978,2.7243447,0.0,7.2,1119
367655030,0.0008417508,0.009143703,0.0,0.1,594
367655170,0.19025788,0.16458653,0.0,1.2,349
367655260,1.1866227,1.4216292,0.2,6.8,456
367655340,3.6849594,1.0000293,0.0,4.6,246
367655380,1.8378378,1.7088579,0.0,5.3,37
367655490,6.5752854,8.444518,0.0,20.1,263
367655530,4.688966,2.8520038,0.0,7.6,290
367655680,4.0669723,1.8540773,0.0,6.5,109
367655770,0.0025064824,0.015638962,0.0,0.1,1157
367656110,0.006132076,0.024020117,0.0,0.1,424
367656160,3.997128,2.1965766,0.0,8.8,1149
367656220,0.0,0.0,0.0,0.0,3
367656420,0.5317474,1.8125882,0.0,8.5,1156
367656430,2.4101636,3.2965813,0.0,9.5,1161
367656670,0.1017341,0.6011065,0.0,5.8,519
367656750,2.7716894,3.5098662,0.0,11.3,1095
367656790,0.16152073,0.8600277,0.0,8.7,434
367656820,4.0977993,2.3002133,0.0,8.6,1136
367657060,0.034571428,0.048816532,0.0,0.2,350
367657110,0.0,0.0,0.0,0.0,398
367657150,0.014503817,0.03525882,0.0,0.1,393
367657930,8.446043,0.805138,6.2,11.3,1112
367658110,0.00097323605,0.009829114,0.0,0.1,411
367658140,0.5376866,1.5845627,0.0,8.1,536
367658370,0.0036585368,0.018802837,0.0,0.1,328
367658410,0.0002739726,0.005234239,0.0,0.1,365
367658440,0.20669015,1.1233404,0.0,7.1,1136
367658610,0.0,0.0,0.0,0.0,469
367658750,0.001222494,0.011002312,0.0,0.1,409
367658860,0.0016304348,0.030379709,0.0,0.7,552
367658890,0.7816914,2.6502159,0.0,15.6,1147
367659090,1.7101218,3.0438187,0.0,9.0,1067
367659240,0.0,0.0,0.0,0.0,222
367659690,2.7825322,4.4545665,0.0,13.3,1082
367659930,0.71281826,1.7878797,0.0,8.4,1139
367659990,0.99368423,2.504626,0.0,11.0,95
367660050,6.6087656,2.380534,0.0,9.5,1118
367660160,0.007792208,0.029873652,0.0,0.2,1155
367660250,0.659476,2.2667634,0.0,10.9,1145
367660390,0.01337386,0.034088973,0.0,0.1,329
367660610,0.0,0.0,0.0,0.0,2
367660660,0.82666665,0.6363587,0.2,2.5,15
367660690,0.028125001,0.04568034,0.0,0.1,32
367661180,0.0048346054,0.05299245,0.0,0.9,393
367661220,0.2104149,1.1663655,0.0,7.5,1181
367661280,0.028248588,0.048778083,0.0,0.2,177
367661670,2.6085918,3.0624392,0.0,7.6,1129
367661820,3.2726853,2.5932765,0.0,6.5,1080
367661930,1.0653119,2.2501585,0.0,11.1,1058
367662110,0.0,0.0,0.0,0.0,16
367662140,6.566013,4.0537047,0.0,10.6,153
367662170,0.075276755,0.07212012,0.0,0.5,271
367662330,0.0042038215,0.02008043,0.0,0.1,785
367662430,2.15,2.43379,0.0,4.5,4
367662440,0.41044176,1.3858922,0.0,7.1,249
367662450,2.0065217,2.6363614,0.0,7.3,46
367662460,0.36666667,1.1241928,0.0,4.3,15
367662470,0.1,,0.1,0.1,1
367662480,0.0,0.0,0.0,0.0,2
367662540,6.9521213,1.1415654,0.0,8.6,330
367662660,6.292708,1.4615237,0.0,7.8,96
367662790,0.24870466,1.960774,0.0,28.3,386
367662840,4.1830435,4.6519766,0.0,14.9,460
367662930,0.0,0.0,0.0,0.0,122
367663050,2.564761,3.802942,0.0,9.8,962
367663150,0.0,0.0,0.0,0.0,112
367663210,0.0,0.0,0.0,0.0,391
367663440,0.0,0.0,0.0,0.0,9
367663560,0.3716367,1.2138181,0.0,7.5,1167
367663580,0.0,0.0,0.0,0.0,27
367663860,1.4770564,5.282526,0.0,34.2,231
367663890,0.15270852,0.92394006,0.0,7.0,1163
367664110,6.7,,6.7,6.7,1
367664130,0.033333335,0.05773503,0.0,0.1,3
367664180,7.2064514,0.27439085,6.6,7.8,31
367664410,4.0812078,3.1625512,0.0,9.2,596
367664510,2.9541767,1.9898969,0.1,9.5,838
367664560,4.5057693,2.2015471,0.4,8.8,416
367664730,0.0,0.0,0.0,0.0,257
367664870,0.0038461538,0.019305164,0.0,0.1,130
367664890,2.0411391,2.716391,0.0,12.5,632
367664990,0.0006993007,0.008342859,0.0,0.1,429
367665030,11.734742,3.4033291,0.0,15.6,426
367665120,4.1886363,3.0075266,0.0,9.7,44
367665130,0.009220986,0.034012884,0.0,0.3,629
367665350,0.005063291,0.024011271,0.0,0.2,632
367665370,1.5014218,2.3092716,0.0,8.6,633
367665380,0.25585106,0.8233347,0.0,6.1,188
367665390,0.0056661563,0.023137202,0.0,0.1,653
367665870,0.00018298262,0.0042756875,0.0,0.1,1093
367666060,3.0529673,6.2455893,0.0,23.4,1129
367666080,0.0027093596,0.01625565,0.0,0.1,406
367666110,0.55607235,1.7876298,0.0,8.2,1161
367666170,0.47465035,1.3774477,0.0,7.3,1144
367666240,0.0011314187,0.011374569,0.0,0.2,1149
367666350,0.023218999,0.044711683,0.0,0.2,379
367666420,0.0,0.0,0.0,0.0,345
367666530,0.19938557,0.4646914,0.0,3.7,651
367666540,6.0781093,1.509443,0.0,7.8,201
367666840,0.010539216,0.032302372,0.0,0.2,408
367666850,0.41504952,1.2273711,0.0,5.5,505
367666910,0.010526315,0.032868892,0.0,0.2,874
367666920,0.124789916,0.6226714,0.0,6.6,1190
367666930,0.0004048583,0.006356391,0.0,0.1,494
367667060,0.0,0.0,0.0,0.0,419
367667140,3.6070178,3.5962212,0.0,19.6,57
367667180,4.0978947,4.32462,0.0,11.0,95
367667190,0.0017699115,0.013244277,0.0,0.1,113
367667260,0.00025974028,0.005096472,0.0,0.1,385
367667560,0.9547368,2.0307431,0.0,6.4,475
367667630,6.7451534,1.6556736,0.0,9.4,392
367668090,4.9605117,4.1839104,0.0,13.2,547
367668180,0.00033112583,0.0057543535,0.0,0.1,302
367668280,0.010082064,0.036471326,0.0,0.4,853
367668450,0.5538805,2.632039,0.0,23.8,1121
367668520,1.9986053,2.869109,0.0,7.4,717
367668550,7.170588,1.7642182,0.9,9.4,340
367668680,3.8872247,0.9065277,1.1,6.2,681
367668740,7.943186,3.2824938,0.2,10.9,521
367668760,2.409528,1.894658,0.0,6.3,1165
367668810,2.2451527,2.8865943,0.0,8.1,1145
367669020,0.0,0.0,0.0,0.0,389
367669070,0.046963565,0.056136545,0.0,0.3,247
367669230,0.004597701,0.020983763,0.0,0.1,261
367669480,0.0115662655,0.03420886,0.0,0.2,415
367669550,0.006261023,0.072440416,0.0,1.9,1134
367669920,4.3698277,2.022823,0.0,7.4,232
367669940,0.025044883,0.19492954,0.0,2.9,1114
367670000,2.2166271,2.8741887,0.0,11.0,421
367670050,0.0013274336,0.01147011,0.0,0.1,226
367670110,2.6126606,2.886576,0.0,7.1,545
367670220,0.010803324,0.031085324,0.0,0.1,361
367670750,3.2307692,3.907736,0.0,14.7,156
367670970,6.399211,0.66608953,4.2,7.6,507
367671080,2.035159,3.3194761,0.0,11.6,1132
367671130,0.0065934067,0.0359079,0.0,0.3,91
367671160,0.4205857,1.3635077,0.0,6.3,1161
367671170,1.9958764,3.6053278,0.0,12.2,1067
367671250,0.01,0.03162278,0.0,0.1,10
367671340,4.6887274,3.7532346,0.0,9.4,275
367671440,3.4571428,3.4104476,0.0,8.5,84
367671590,0.06356589,0.06366169,0.0,0.3,129
367671810,0.0012396695,0.011087749,0.0,0.1,242
367671820,1.3265994,2.7731578,0.0,11.8,297
367672140,0.0011926605,0.0116755,0.0,0.2,1090
367672370,0.009371885,0.122237556,0.0,3.0,1003
367672380,2.8190238,3.2619421,0.0,8.0,1004
367672390,0.0033766234,0.018070513,0.0,0.1,1155
367672410,0.0025700936,0.015842676,0.0,0.1,428
367672550,4.4142036,6.555836,0.0,17.8,521
367672720,7.3110485,7.913985,0.0,19.7,353
367673020,2.505263,2.9558742,0.0,7.9,19
367673210,0.015306123,0.058065094,0.0,0.4,98
367673340,0.64525676,1.51633,0.0,5.5,1149
367673560,0.06944445,0.3261551,0.0,2.7,72
367673690,0.00024449878,0.0049446817,0.0,0.1,409
367673970,0.0076086964,0.026561882,0.0,0.1,276
367673980,0.0,0.0,0.0,0.0,2
367674620,0.0120689655,0.032647062,0.0,0.1,232
367674650,6.0956044,3.6527553,0.0,10.5,728
367674830,0.05,0.07071068,0.0,0.1,2
367674860,8.050228,0.91191775,1.1,10.0,219
367675010,0.00050377834,0.007088767,0.0,0.1,397
367675220,0.06440678,0.054969307,0.0,0.2,59
367675280,0.019636365,0.041590795,0.0,0.2,275
367675470,1.4278948,2.3370955,0.0,10.3,570
367675490,0.000621118,0.007862697,0.0,0.1,644
367675660,0.00093750004,0.009652059,0.0,0.1,320
367675730,0.018072288,0.03975948,0.0,0.2,415
367675880,0.29564458,1.0474772,0.0,5.8,1148
367675910,4.8355155,1.3246833,0.2,7.2,611
367676010,0.0020779222,0.014865456,0.0,0.2,1155
367676070,0.0,0.0,0.0,0.0,381
367676420,0.029603729,0.32242522,0.0,5.2,429
367676470,1.228222,2.3536432,0.0,7.6,1063
367676480,0.0,0.0,0.0,0.0,382
367676620,2.6229167,3.607925,0.0,10.2,48
367677130,8.4887295,1.7096157,0.9,10.5,976
367677450,0.00047732698,0.0069006165,0.0,0.1,419
367677560,9.416918,6.066298,0.0,15.8,863
367677630,0.004651163,0.021068111,0.0,0.1,1161
367677650,4.2911153,2.8485713,0.0,9.3,1148
367677670,5.9504046,10.288645,0.0,32.5,742
367677710,0.6,0.14142135,0.5,0.7,2
367677850,7.215974,3.106238,0.0,10.5,457
367677940,2.0547872,2.7897882,0.0,7.8,188
367677960,0.0,0.0,0.0,0.0,143
367678140,0.0997561,0.6016887,0.0,5.3,410
367678150,4.5178494,3.1111112,0.0,8.8,465
367678390,0.00057142857,0.0075592897,0.0,0.1,175
367678420,0.9391892,1.555883,0.0,5.6,74
367678730,0.006905371,0.02538703,0.0,0.1,391
367678830,4.4220715,3.627344,0.0,9.0,811
367678850,1.4896641,3.3177958,0.0,10.1,387
367679170,0.017834395,0.042303007,0.0,0.2,314
367679190,0.0027303754,0.016324587,0.0,0.1,293
367679530,0.0,0.0,0.0,0.0,413
367679540,0.005152225,0.022131972,0.0,0.1,427
367679550,3.5859635,1.929907,0.0,6.8,1147
367679660,1.2942196,1.5765989,0.0,6.0,173
367679690,18.163265,10.8839655,0.0,28.6,98
367679710,0.0,0.0,0.0,0.0,2
367679730,0.0011876485,0.01084591,0.0,0.1,421
367680160,0.70437765,1.8316536,0.0,8.1,1165
367680370,1.134486,2.3621142,0.0,7.9,1099
367680390,0.00054495916,0.007372043,0.0,0.1,367
367680520,7.8010693,0.3540565,4.0,8.4,561
367680640,0.0015665797,0.016621953,0.0,0.4,1149
367680650,0.5482143,0.72035116,0.0,3.8,56
367680660,0.015238096,0.15690853,0.0,2.7,1155
367680750,0.030000001,0.04589985,0.0,0.1,310
367680760,0.7807239,1.776304,0.0,6.7,1188
367680870,0.48035085,1.2029452,0.0,7.5,285
367681000,0.06744681,0.13183902,0.0,1.5,470
367681150,1.1196643,2.369974,0.0,8.4,417
367681340,0.00064102566,0.007993526,0.0,0.1,312
367681460,0.32933947,1.2771902,0.0,8.0,651
367681480,0.20904909,1.0746747,0.0,9.2,652
367681580,0.0005012531,0.0070710233,0.0,0.1,399
367681630,2.2539725,3.0603263,0.0,9.2,1158
367681720,3.9433737,4.839776,0.0,12.6,249
367681730,5.2157044,9.702353,0.0,36.0,745
367681870,0.1,,0.1,0.1,1
367682050,0.09948454,0.08804358,0.0,0.6,388
367682130,3.3852143,2.4132333,0.0,8.2,1143
367682270,0.0006514658,0.008058144,0.0,0.1,307
367682430,0.0,0.0,0.0,0.0,10
367682480,0.01,0.03162278,0.0,0.1,10
367682610,0.6246661,2.0813591,0.0,10.7,1123
367682720,0.0007874016,0.012549116,0.0,0.2,254
367682780,0.000310559,0.0055727824,0.0,0.1,322
367682920,5.841026,2.2139132,0.0,15.3,78
367682930,0.0,0.0,0.0,0.0,4
367682980,0.0,0.0,0.0,0.0,298
367682990,0.1779896,0.6694815,0.0,5.4,1154
367683000,2.2418344,3.4972725,0.0,11.2,447
367683020,0.17604259,0.8473096,0.0,5.3,1127
367683380,0.0016949152,0.012963136,0.0,0.1,118
367683550,1.2027273,2.3858705,0.0,10.5,110
367683560,0.007001522,0.025536709,0.0,0.1,657
367683590,2.7782178,2.7535288,0.0,10.2,101
367683710,0.021867324,0.041385513,0.0,0.1,407
367683830,3.8318517,6.151735,0.0,17.0,1080
367684010,0.0,0.0,0.0,0.0,221
367684090,2.0380054,3.0920098,0.0,7.9,371
367684110,1.066279,2.2044666,0.0,8.0,86
367684150,8.9,0.848528,8.3,9.5,2
367684260,0.37134144,0.8408851,0.0,3.1,164
367684360,0.6102009,1.5613822,0.0,9.0,647
367684470,0.038297873,0.15456821,0.0,2.3,1128
367684870,4.0767126,4.2805905,0.0,10.0,146
367684940,0.04396552,0.05028242,0.0,0.2,348
367684950,2.0182927,2.070792,0.0,4.4,82
367684960,0.0044776117,0.022110473,0.0,0.2,335
367684980,0.5608283,1.8306689,0.0,9.6,1159
367685130,2.644702,1.195412,0.0,4.1,604
367685260,2.8670588,2.3861399,0.1,8.3,85
367685270,0.0,0.0,0.0,0.0,3
367685470,2.0380616,2.4524825,0.0,8.2,1135
367685540,0.9770521,2.0712707,0.0,9.7,1133
367685550,3.6875384,2.848996,0.0,9.1,650
367685610,0.14631082,0.90221936,0.0,7.0,637
367685620,0.43631122,1.0458043,0.0,7.2,347
367685630,0.185567,0.7010394,0.0,2.9,97
367685720,0.0,0.0,0.0,0.0,101
367685950,6.5689526,4.544401,0.0,11.1,802
367686010,0.00044722718,0.00667552,0.0,0.1,1118
367686170,2.2869642,2.6121275,0.0,7.4,560
367686270,0.08218443,0.067967616,0.0,0.4,1117
367686310,3.2375,2.4019818,0.0,5.7,32
367686340,0.0,0.0,0.0,0.0,2
367686490,0.9739946,1.8035194,0.0,7.1,373
367686510,0.0,0.0,0.0,0.0,247
367686680,0.029873418,0.11823033,0.0,1.6,395
367686910,1.9391578,1.9981782,0.0,9.7,1116
367686940,1.5656475,3.0966065,0.0,10.7,1112
367686970,11.673684,4.5492907,2.8,18.4,38
367687040,0.0,0.0,0.0,0.0,1142
367687170,0.011086957,0.03143124,0.0,0.1,460
367687520,0.023600344,0.042480733,0.0,0.1,1161
367687540,0.05416667,0.05089774,0.0,0.1,24
367687650,0.20918033,1.7324821,0.0,18.9,305
367687740,0.010429448,0.030658407,0.0,0.1,163
367687750,1.6834091,2.7176085,0.0,8.6,440
367687870,0.09800919,0.4783141,0.0,3.4,653
367688150,0.00073126145,0.008523955,0.0,0.1,1094
367688280,1.0458263,1.9293256,0.0,7.8,1174
367688310,0.07141638,0.60429186,0.0,7.0,1172
367688320,0.0030769233,0.019155012,0.0,0.2,1170
367688340,0.0026632303,0.01610755,0.0,0.1,1164
367688490,0.0009876543,0.009901113,0.0,0.1,405
367688580,1.2784431,2.3325784,0.0,8.0,1169
367688770,0.00080717495,0.008951974,0.0,0.1,1115
367688780,5.1769233,1.8387979,0.7,8.5,65
367688810,0.0,0.0,0.0,0.0,12
367688850,0.74426234,4.0260525,0.0,42.4,122
367688990,5.252747,1.7606401,0.0,8.3,91
367689010,0.8814847,1.8981053,0.0,13.0,1145
367689020,5.5740995,4.0180645,0.0,11.5,583
367689040,4.237934,1.9019109,0.0,6.9,1152
367689280,0.24619885,0.34645274,0.0,3.8,342
367689340,0.9788618,0.6867901,0.1,4.3,123
367689460,1.7807692,2.1506987,0.0,5.1,52
367689510,1.2090517,1.1833092,0.0,7.8,232
367689530,0.0003144654,0.0056077214,0.0,0.1,318
367689620,8.260535,7.6648474,0.0,23.4,935
367689630,0.020000001,0.040311288,0.0,0.1,65
367689760,0.008255452,0.027542228,0.0,0.1,642
367689770,0.8056661,2.2393336,0.0,9.1,653
367689990,4.2809834,3.6734421,0.0,8.6,305
367690000,11.692251,0.5307358,10.0,13.0,271
367690010,3.812705,2.1802676,0.0,7.7,1157
367690430,8.401064,0.42789596,6.5,9.3,282
367690570,2.2148263,2.0121784,0.0,5.8,317
367690810,0.055555556,0.108085796,0.0,0.5,36
367690920,3.0205479,3.1611776,0.0,7.6,73
367690950,1.50175,1.9911262,0.0,7.7,400
367690990,1.9881818,2.0460627,0.0,5.8,110
367691010,4.005119,5.62235,0.0,15.9,1133
367691040,0.0026442308,0.016063979,0.0,0.1,416
367691110,0.0053672316,0.02256889,0.0,0.1,354
367691190,0.32504287,1.020464,0.0,6.2,1166
367691230,0.071428575,0.35701042,0.0,2.3,42
367691280,6.3360786,3.4601667,0.0,9.1,765
367691460,0.0,0.0,0.0,0.0,36
367691550,0.0,,0.0,0.0,1
367691660,0.0061865193,0.024102185,0.0,0.1,1083
367691810,1.4794544,2.3974416,0.0,8.1,1173
367691840,13.714865,13.418124,0.0,31.7,444
367691950,3.4670491,3.1093132,0.0,8.6,610
367692120,0.13729542,0.7526248,0.0,7.5,1161
367692310,0.50342613,0.7331725,0.0,5.2,467
367692520,0.008426966,0.02781828,0.0,0.1,356
367692540,0.0,0.0,0.0,0.0,51
367692620,0.14041218,0.971203,0.0,7.8,1116
367692670,0.039191075,0.35487178,0.0,5.5,717
367692750,0.07832168,0.069221094,0.0,0.4,286
367692890,0.21721311,0.96893626,0.0,8.2,1098
367692910,0.43435585,1.48368,0.0,8.5,652
367692980,0.24795918,0.71626604,0.0,3.7,98
367693010,3.002198,3.2821395,0.0,10.1,91
367693030,0.0,0.0,0.0,0.0,250
367693040,0.0,0.0,0.0,0.0,2
367693160,2.8434052,3.4526203,0.0,9.6,1069
367693520,0.31702128,1.1530774,0.0,7.0,329
367693590,0.0,0.0,0.0,0.0,135
367693670,0.006993007,0.025592554,0.0,0.1,143
367693720,2.590909,3.3842838,0.0,35.9,825
367693810,1.0177884,1.6205566,0.0,5.2,208
367693850,0.0057546147,0.023762882,0.0,0.2,921
367694160,0.0036923077,0.01887182,0.0,0.1,650
367694480,2.164548,2.9510913,0.0,8.3,708
367694530,0.0025089604,0.015646743,0.0,0.1,1116
367694650,3.5015626,2.516264,0.1,10.1,64
367694720,0.6991015,2.2765458,0.0,9.9,1113
367694730,4.5194592,4.6395984,0.0,11.1,740
367694870,0.2672131,0.7004097,0.0,3.6,61
367694890,0.11392405,0.15942009,0.0,1.5,395
367695040,0.7517699,1.9217789,0.0,9.2,452
367695280,2.6989825,0.9893533,0.0,4.5,688
367695440,6.4205885,1.2283866,0.0,8.6,204
367695480,6.1,,6.1,6.1,1
367695890,4.2692237,0.83453804,0.3,6.1,1121
367696030,0.0,0.0,0.0,0.0,16
367696120,0.0032448377,0.017744962,0.0,0.1,339
367696380,2.0857143,0.35918102,1.4,2.9,14
367696730,0.046285715,0.050004926,0.0,0.1,175
367696750,5.71789,4.550337,0.0,13.5,436
367696990,0.32618296,1.1922385,0.0,6.7,317
367697010,1.4786273,2.58471,0.0,7.7,1151
367697080,0.00018298262,0.0042756875,0.0,0.1,1093
367697130,0.00018450184,0.0042953677,0.0,0.1,542
367697440,0.013649851,0.034382768,0.0,0.1,337
367697560,0.00023866349,0.0048853196,0.0,0.1,419
367697710,0.0,0.0,0.0,0.0,120
367697770,0.0024475525,0.015479099,0.0,0.1,286
367697850,3.7301886,2.1141996,0.0,5.9,53
367697860,0.0003236246,0.0056888014,0.0,0.1,309
367698130,0.058222223,0.13139515,0.0,1.2,225
367698890,0.35903397,1.4897753,0.0,10.0,1118
367698990,0.0074418606,0.029612338,0.0,0.3,430
367699130,0.0027160496,0.020332165,0.0,0.2,405
367699290,1.3774999,2.2476249,0.0,8.9,160
367699340,0.3254209,1.0295435,0.0,10.0,1188
367699820,0.26220658,0.2300973,0.0,1.4,426
367699920,3.5706532,2.1341765,0.0,6.0,1087
367700190,0.034394905,0.050272815,0.0,0.2,157
367700540,0.0012562814,0.013218934,0.0,0.2,398
367701070,3.1009803,1.7647537,0.0,5.2,102
367701120,1.1591222,1.1956886,0.0,6.8,1162
367701130,0.106091365,0.11149437,0.0,0.7,394
367701150,1.2806451,1.9755948,0.0,11.1,186
367701370,0.8222369,1.7088988,0.0,5.3,760
367701380,2.8747573,0.7096973,0.4,4.9,103
367701470,0.023127036,0.043753546,0.0,0.2,307
367701480,0.25874126,0.9458184,0.0,6.7,286
367701960,1.0073464,1.6317487,0.0,8.2,667
367702000,2.045625,3.4922528,0.0,11.3,160
367702010,6.7558084,3.9858727,0.0,11.4,396
367702020,2.8670146,2.1233356,0.0,8.3,1149
367702040,7.317342,3.135603,0.0,10.2,790
367702060,4.206969,1.4022539,0.0,7.5,1148
367702070,1.5691149,2.3416224,0.0,8.5,531
367702080,0.0,0.0,0.0,0.0,350
367702110,1.2758621,2.1476347,0.0,5.5,203
367702120,4.872826,3.8837912,0.0,9.3,552
367702130,3.6112108,1.4895461,0.0,5.6,223
367702140,3.6875,0.080622606,3.6,3.8,16
367702150,1.9894965,2.1509707,0.0,6.1,1152
367702190,3.7079585,3.7809005,0.0,10.5,1156
367702220,0.3697588,1.3797103,0.0,7.4,539
367702230,9.550867,0.7779384,7.7,11.9,173
367702240,1.6894554,2.1354666,0.0,8.9,1157
367702260,0.89343,2.1305592,0.0,10.5,1172
367702270,0.39284483,1.1711113,0.0,7.0,1160
367702280,9.176316,0.7916572,7.4,10.3,38
367702290,1.7628325,3.0489337,0.0,10.4,1165
367702310,4.1069765,2.9937317,0.0,7.5,473
367702340,5.424188,1.3310106,0.0,9.0,893
367702360,0.14607844,0.7219049,0.0,5.8,612
367702370,0.8003395,1.9606537,0.0,11.8,1178
367702380,0.6890411,1.6911874,0.0,12.0,1022
367702390,1.9502116,2.87433,0.0,13.0,1181
367702410,8.605852e-05,0.0029335732,0.0,0.1,1162
367702420,0.7146319,1.8095909,0.0,11.8,1114
367702430,0.71678084,1.7459246,0.0,10.4,1168
367702440,1.0351443,2.3566399,0.0,13.3,1178
367702450,0.9509061,2.0018213,0.0,8.9,607
367702460,0.8700345,1.7341877,0.0,10.3,1158
367702470,0.7610506,1.7158977,0.0,10.6,1009
367702480,1.3208121,2.3050342,0.0,10.5,1182
367702490,0.7943182,2.1698549,0.0,11.3,1144
367702510,0.24140017,1.0160081,0.0,11.0,1157
367702520,0.063896105,0.54840595,0.0,7.3,1155
367702530,1.0491124,2.3849068,0.0,12.6,1183
367702540,0.4222333,1.1801478,0.0,7.1,1003
367702550,1.3951931,2.5888329,0.0,11.6,1165
367702560,1.1811624,2.30463,0.0,12.6,998
367702580,4.1824265,3.9561813,0.0,12.4,239
367702720,0.001659751,0.015723668,0.0,0.2,241
367702730,2.9737906,2.9946165,0.0,7.2,1137
367702780,0.9513124,2.6284833,0.0,13.3,1181
367702890,0.96250004,1.8120565,0.0,7.7,368
367702920,0.0,0.0,0.0,0.0,5
367702960,0.93684214,1.9329588,0.0,7.5,114
367703000,11.736934,2.0958602,4.9,15.2,972
367703030,1.8514286,2.59472,0.0,8.3,35
367703060,0.8066838,1.8049921,0.0,8.8,389
367703080,5.9229884,2.0583441,0.0,9.6,1131
367703260,4.896154,3.560511,0.0,12.4,52
367703370,0.83267045,3.8763416,0.0,38.2,352
367703560,2.49088,1.3836025,0.0,4.9,625
367703790,3.8266487,2.690142,0.0,8.5,743
367703830,0.023549488,0.21138413,0.0,3.5,293
367703860,0.0,0.0,0.0,0.0,336
367704000,0.0,0.0,0.0,0.0,1108
367704130,0.17547171,0.2155,0.0,1.5,106
367704190,0.32893145,1.4097253,0.0,10.3,992
367704260,9.687129,7.889495,0.0,21.8,101
367704290,0.00882353,0.028790224,0.0,0.1,34
367704390,0.016454546,0.17592126,0.0,3.0,1100
367704410,0.6459364,1.9185749,0.0,10.6,1132
367704490,0.0,0.0,0.0,0.0,11
367704540,0.00094339624,0.0096783545,0.0,0.1,424
367704590,0.17587383,0.7185305,0.0,5.9,1173
367704620,0.28806818,1.2576941,0.0,8.0,352
367704750,0.0,0.0,0.0,0.0,378
367704790,7.9356246,6.827887,0.0,20.9,160
367704950,2.328274,4.703674,0.0,17.7,1153
367705000,0.0019945602,0.013987678,0.0,0.1,1103
367705010,0.0007371008,0.008564285,0.0,0.1,407
367705050,4.923814,2.142844,0.0,9.0,1117
367705090,2.1000001,2.955117,0.0,8.2,1168
367705130,0.0,0.0,0.0,0.0,581
367705210,0.0038427168,0.019231113,0.0,0.1,1119
367705270,0.66910356,1.8187786,0.0,8.7,1149
367705350,5.623415,1.7635853,1.2,8.9,205
367705610,0.0012987013,0.011358755,0.0,0.1,154
367705630,0.005882353,0.024253562,0.0,0.1,17
367705810,1.1362998,1.9232744,0.0,7.1,427
367706030,0.02,0.04472136,0.0,0.3,355
367706060,0.31617314,0.75832546,0.0,6.9,439
367706250,0.0017291066,0.013054193,0.0,0.1,347
367706270,5.0684495,3.1338098,0.0,13.7,1103
367706320,2.3241813,3.4269903,0.0,9.4,397
367706380,0.0,0.0,0.0,0.0,430
367706460,0.008695653,0.028810406,0.0,0.1,23
367706710,0.0036764706,0.018841462,0.0,0.1,408
367706810,1.711444,2.558812,0.0,11.7,367
367706830,1.1817164,2.0909305,0.0,9.8,1072
367706860,3.5,1.8529257,0.9,6.0,7
367707030,0.021748878,0.21231224,0.0,3.5,446
367707180,0.38065696,1.3802207,0.0,7.1,274
367707210,0.15328778,0.52174497,0.0,4.7,1171
367707290,0.0,0.0,0.0,0.0,428
367707430,2.788922,4.3312364,0.0,13.0,334
367707450,6.2,,6.2,6.2,1
367707480,0.0,0.0,0.0,0.0,389
367707490,0.00033112583,0.0057543535,0.0,0.1,302
367707560,0.0040482343,0.019717254,0.0,0.1,1161
367707720,0.0,0.0,0.0,0.0,10
367707750,1.3994331,2.3543594,0.0,8.6,882
367707910,0.00036496352,0.006041221,0.0,0.1,274
367707930,3.0098662,3.8198886,0.0,14.1,821
367708110,0.0,0.0,0.0,0.0,19
367708150,3.1018348,4.072096,0.0,11.7,763
367708380,2.321245,2.682417,0.0,8.6,739
367708450,0.00050377834,0.007088767,0.0,0.1,397
367708480,0.0009411765,0.009667044,0.0,0.1,425
367708880,1.6140497,2.330804,0.0,9.4,363
367708960,2.4132762,2.482314,0.0,7.5,467
367709020,0.0074519236,0.02973372,0.0,0.3,416
367709050,9.308704,1.5743928,6.8,14.1,942
367709140,0.0006323396,0.00793038,0.0,0.1,1107
367709150,4.887037,7.164958,0.0,24.1,54
367709190,4.6730375,2.372789,0.0,8.9,293
367709340,0.008691674,0.1404709,0.0,4.2,1093
367709350,2.9015517,2.694086,0.0,7.0,1160
367709760,0.005329154,0.022496711,0.0,0.1,319
367709780,0.74050844,1.7489759,0.0,7.9,590
367709820,2.0587685,2.5853345,0.0,10.1,747
367710240,2.9383075,3.3547013,0.0,9.3,449
367710250,0.0018229168,0.015206995,0.0,0.2,1152
367710270,1.7809525,1.4333943,0.0,5.0,21
367710280,1.1523012,1.9412335,0.0,7.0,239
367710320,0.08111402,0.7603068,0.0,9.9,1149
367710410,0.0,0.0,0.0,0.0,20
367710420,3.4217675,3.49619,0.0,10.3,611
367710540,3.6271205,6.047247,0.0,16.7,896
367710550,14.215068,8.477959,0.0,21.2,292
367710560,4.5736737,3.4472663,0.0,10.4,999
367710650,2.131537,2.738146,0.0,7.2,501
367710660,0.00091185415,0.009519948,0.0,0.1,329
367710750,1.5206451,1.9798074,0.0,7.7,310
367710950,0.0010695187,0.010300081,0.0,0.1,374
367710960,3.3838427,2.7094033,0.0,7.9,1145
367711450,0.22391857,0.9182325,0.0,5.0,393
367711690,0.0068259384,0.025262196,0.0,0.1,293
367711830,2.0534344,1.5105727,0.0,6.7,1121
367711840,5.2334194,3.7145362,0.0,10.5,1161
367712090,0.6307317,1.5323032,0.0,6.6,410
367712140,0.00083333335,0.009103246,0.0,0.1,360
367712150,0.007652174,0.030281216,0.0,0.2,575
367712160,0.41022903,1.367346,0.0,8.2,655
367712170,0.00030487805,0.00551736,0.0,0.1,656
367712180,0.29823998,0.8572916,0.0,6.4,625
367712190,0.0,0.0,0.0,0.0,306
367712350,0.74414897,2.085044,0.0,8.7,564
367712360,0.0,0.0,0.0,0.0,207
367712450,0.017721519,0.08436717,0.0,0.6,79
367712570,0.46909827,1.4137429,0.0,9.1,987
367712580,0.43679655,1.2273692,0.0,7.9,1155
367712620,0.7106183,1.5592325,0.0,7.5,744
367712630,0.0,0.0,0.0,0.0,424
367712660,0.0,0.0,0.0,0.0,411
367712710,3.2382023,3.2658532,0.0,7.5,89
367712770,2.9247818,1.3226929,0.0,4.9,1146
367712790,0.06948979,0.43083137,0.0,6.4,980
367712840,0.44662577,1.2209383,0.0,9.5,489
367712860,3.566087,2.9787133,0.0,9.1,575
367712980,0.004610951,0.02100251,0.0,0.1,347
367713090,0.005960265,0.08720982,0.0,1.5,302
367713280,0.0,0.0,0.0,0.0,358
367713710,3.28,1.0315038,1.6,4.7,10
367713740,3.360262,2.1926997,0.0,6.7,229
367713780,1.1392328,3.79367,0.0,25.3,1147
367714040,0.00041322314,0.0064282436,0.0,0.1,242
367714130,0.00036363638,0.006030227,0.0,0.1,275
367714220,6.1237416,1.4019566,0.0,8.6,775
367714280,0.039007094,0.05437847,0.0,0.3,282
367714330,2.6805625,1.7671158,0.0,8.0,391
367714460,0.32287335,0.92126936,0.0,7.9,529
367714490,1.1287081,1.9897113,0.0,8.3,627
367714520,1.7057823,2.7805605,0.0,8.3,588
367714740,1.0741572,1.8841361,0.0,6.8,267
367714780,1.1672727,0.7065971,0.0,3.0,55
367714950,0.012878789,0.03782148,0.0,0.3,264
367714960,0.9043977,3.810552,0.0,25.7,523
367715330,0.0,0.0,0.0,0.0,30
367715380,0.5395652,1.8264353,0.0,8.8,1150
367715650,0.0022435896,0.014833425,0.0,0.1,312
367715780,3.3935268,3.1886373,0.0,12.4,448
367715790,2.1524363,3.2063,0.0,11.9,431
367715840,2.861346,2.8587606,0.0,7.7,1159
367715870,0.022680413,0.060155105,0.0,0.5,388
367715880,0.0839779,0.3478747,0.0,4.1,362
367715890,0.24489796,0.6885099,0.0,3.5,98
367715930,2.0088198,3.291366,0.0,9.9,771
367716190,0.0031954888,0.01759627,0.0,0.1,1064
367716210,0.004205608,0.02333093,0.0,0.2,428
367716330,4.657615,4.9374347,0.0,15.6,1149
367716340,1.6655,1.798285,0.0,4.4,200
367716410,0.09430769,0.45538878,0.0,6.3,650
367716440,0.0028708135,0.016738588,0.0,0.1,209
367716510,5.519792,4.157115,0.0,19.6,96
367716550,0.54999995,0.8719485,0.0,2.2,18
367716710,0.25652176,0.21280104,0.0,1.4,391
367716740,0.59830505,1.4446945,0.0,7.2,649
367716820,0.65000004,0.7708993,0.0,2.2,8
367716970,6.267857,4.58565,0.0,11.3,28
367716990,0.0023952096,0.01533598,0.0,0.1,167
367717050,0.0,0.0,0.0,0.0,1113
367717120,0.00026223777,0.0051164334,0.0,0.1,1144
367717180,2.1298852,3.0232477,0.0,8.2,261
367717260,0.014285714,0.03779645,0.0,0.1,7
367717370,0.4847335,1.0105644,0.0,3.6,1107
367717380,1.4513056,2.1258144,0.0,8.0,651
367717440,0.2525502,1.0874981,0.0,8.6,647
367717490,0.030481283,0.26837078,0.0,2.6,187
367717570,0.0,,0.0,0.0,1
367717660,0.00018726592,0.004325395,0.0,0.1,1068
367717840,2.0561693,2.733881,0.0,9.4,1159
367717930,2.4950354,3.3619897,0.0,9.4,1128
367717940,0.84109586,1.7774459,0.0,6.9,438
367718010,0.08263889,0.07029395,0.0,0.3,144
367718020,0.19578059,0.6736436,0.0,5.5,237
367718330,0.015727004,0.08285542,0.0,1.0,337
367718370,1.2294067,2.0351968,0.0,10.3,1163
367718380,0.0,0.0,0.0,0.0,338
367718440,0.56283784,1.6759764,0.0,8.7,1184
367718490,7.978492,0.6889776,5.8,9.9,358
367718620,0.15088162,0.17168352,0.0,1.9,397
367718720,1.4509091,2.1351268,0.0,7.1,220
367719010,0.41365218,1.5357406,0.0,8.7,1150
367719060,0.09286822,0.4589131,0.0,7.5,645
367719070,0.030285716,0.04601518,0.0,0.1,350
367719170,2.268819,2.9680252,0.0,7.2,542
367719310,0.0010309279,0.010114031,0.0,0.1,388
367719610,1.6923288,2.9011981,0.0,9.5,730
367719640,5.710101,3.7518327,0.0,9.0,297
367719670,0.019553073,0.039772123,0.0,0.1,179
367719730,0.0013134851,0.01139021,0.0,0.1,1142
367719770,0.86025864,2.3044987,0.0,12.2,1160
367719830,1.5571966,2.4058783,0.0,11.1,1063
367719840,0.019061584,0.04746825,0.0,0.3,341
367719910,0.02005988,0.18660551,0.0,3.3,334
367719950,2.658108,2.818294,0.0,10.3,296
367720280,0.12628865,0.8442722,0.0,9.3,388
367720510,0.046153847,0.06602253,0.0,0.2,13
367720660,0.05263158,0.05394176,0.0,0.2,247
367720690,5.379207,10.652128,0.0,31.5,1135
367720810,0.0,0.0,0.0,0.0,47
367721010,0.6814761,1.5018167,0.0,6.3,691
367721050,0.17701492,0.8260233,0.0,7.0,335
367721230,0.0065395096,0.024755923,0.0,0.1,367
367721310,1.0915358,1.9111642,0.0,8.4,1146
367721380,2.1893394,1.7573708,0.0,9.0,666
367721520,0.009677419,0.029601755,0.0,0.1,403
367721570,0.0,0.0,0.0,0.0,345
367721640,2.25,2.899138,0.2,4.3,2
367721650,2.8375,3.939883,0.0,9.1,8
367721750,0.024164526,0.054509375,0.0,0.5,389
367721790,0.31366667,1.1110373,0.0,6.7,600
367722360,10.430997,7.6567326,0.0,23.1,271
367722840,0.0009337068,0.009622127,0.0,0.1,1071
367722890,0.0032352943,0.029068183,0.0,0.4,340
367723050,7.482456,1.9029647,0.6,9.9,342
367723120,0.0068062833,0.02525156,0.0,0.1,191
367723150,0.7224291,2.2618165,0.0,9.9,1128
367723450,0.06424243,0.32421604,0.0,3.0,165
367723480,0.0,0.0,0.0,0.0,354
367723550,0.0006163328,0.007832493,0.0,0.1,649
367723620,0.0040553906,0.020714296,0.0,0.2,1011
367723710,0.25,0.07071068,0.2,0.3,2
367724160,0.1968254,0.6615154,0.0,5.6,378
367724340,0.34341085,1.1050481,0.0,4.8,1161
367724460,0.52062327,1.754848,0.0,10.0,1091
367724490,9.2072,0.38314828,8.2,10.4,125
367724740,0.033333335,0.05,0.0,0.1,9
367724780,3.3957167,1.9348146,0.0,6.1,1144
367724810,2.362439,3.3632097,0.0,8.3,205
367724890,0.0,0.0,0.0,0.0,373
367724990,0.077124186,0.39025915,0.0,3.4,153
367725020,0.0031551272,0.018932974,0.0,0.3,1141
367725050,0.022276029,0.19899663,0.0,3.0,413
367725060,0.14209303,0.81570846,0.0,8.6,430
367725150,0.02287918,0.042667963,0.0,0.2,389
367725290,0.004986523,0.021781329,0.0,0.1,742
367725350,2.176249,2.8346364,0.0,11.8,1141
367725510,0.01094953,0.035353474,0.0,0.3,1169
367725620,0.24248704,1.1355331,0.0,13.0,193
367725630,0.0046439627,0.021076174,0.0,0.1,323
367725790,0.035714287,0.072479464,0.0,0.5,252
367725870,1.7684643,2.5034912,0.0,8.0,1094
367725880,0.060336538,0.054564055,0.0,0.3,416
367725910,1.7644578,2.8890555,0.0,9.7,498
367726140,0.00043668124,0.0066081863,0.0,0.1,229
367726210,1.6705983,2.5448964,0.0,9.5,585
367726390,1.2433884,2.0738986,0.0,7.1,242
367726420,0.44690266,0.27938688,0.0,1.1,226
367726430,0.016438358,0.03731882,0.0,0.1,73
367726480,3.366225,4.6791253,0.0,14.7,604
367726790,4.5835795,4.3780985,0.1,23.3,1084
367726830,16.708174,5.144161,0.1,22.9,208
367726950,3.2150695,2.1872997,0.0,6.1,1148
367726960,0.025255103,0.04408706,0.0,0.2,392
367727250,0.0,0.0,0.0,0.0,353
367727410,3.5124068,3.264932,0.0,9.6,1072
367727450,2.6363637,1.1004525,1.4,5.3,22
367728230,2.920356,1.8813648,0.0,6.6,393
367728240,4.3368926,4.3337345,0.0,13.5,1152
367728310,0.08577818,0.6397206,0.0,6.2,1118
367728396,0.0,,0.0,0.0,1
367728490,0.009677419,0.030053716,0.0,0.1,31
367728680,3.813339,0.8257663,0.0,6.3,1147
367728720,0.8410653,1.7228816,0.0,6.1,1164
367728730,0.61410016,1.4877918,0.0,7.1,1078
367728740,7.1125965,3.8221316,0.0,13.5,905
367728750,0.0003469211,0.0058823265,0.0,0.1,1153
367728850,1.1510146,2.9312737,0.0,14.2,1035
367728870,8.363267,3.7476876,0.0,11.3,1059
367728980,0.007094595,0.02571693,0.0,0.1,296
367729030,0.0,0.0,0.0,0.0,648
367729150,3.2391043,3.3109205,0.0,9.1,1161
367729190,0.091878176,0.5822087,0.0,5.4,394
367729220,1.7586848,2.1753578,0.0,7.4,1186
367729320,3.3139195,2.429814,0.0,8.5,273
367729350,4.867553,2.4416091,0.0,8.8,188
367729610,0.0045023696,0.020760225,0.0,0.1,422
367729870,0.3070513,0.18425515,0.0,0.9,156
367729880,0.00053333334,0.007293198,0.0,0.1,375
367730070,0.0010273973,0.010101169,0.0,0.1,292
367730160,0.00017921148,0.004231439,0.0,0.1,1116
367730190,0.0076923077,0.02773501,0.0,0.1,13
367730340,0.96555185,1.991926,0.0,9.7,299
367730420,0.43295944,1.9798294,0.0,11.1,1159
367730450,0.0,0.0,0.0,0.0,95
367730510,0.0,,0.0,0.0,1
367730640,0.021551725,0.041177277,0.0,0.1,348
367730780,6.048387,5.186863,0.0,14.0,403
367730910,3.1686914,3.724055,0.0,10.3,856
367731010,7.0955076,2.3359497,0.0,10.8,935
367731160,0.004792627,0.022217441,0.0,0.2,1085
367731170,0.03539519,0.060041066,0.0,0.4,291
367731210,0.009732143,0.029652737,0.0,0.1,1120
367731330,1.0891486,1.475451,0.0,6.5,599
367731690,0.036885247,0.049192358,0.0,0.2,244
367731930,0.006382979,0.024482183,0.0,0.1,329
367732510,3.054054,3.2442653,0.0,8.8,74
367732570,0.0016000001,0.01784065,0.0,0.3,375
367732660,0.03620178,0.049351096,0.0,0.2,337
367732690,1.3616831,3.0359378,0.0,18.6,1117
367732790,0.114824794,0.78775847,0.0,10.8,371
367732830,6.698684,8.8975725,0.0,23.6,76
367733210,0.084318765,0.06037564,0.0,0.3,389
367733220,0.34529912,0.9927879,0.0,5.9,351
367733240,1.213185,2.1326807,0.0,9.7,1168
367733250,0.055973448,0.26450753,0.0,4.2,452
367733350,8.2196045,1.6339067,0.1,13.9,556
367733360,8.4,0.28284267,8.0,9.0,9
367733650,0.105772644,0.06485867,0.0,0.6,1126
367733880,0.0,0.0,0.0,0.0,1062
367733950,0.0,0.0,0.0,0.0,414
367734160,0.4871795,2.5436985,0.0,32.4,195
367734170,0.004477612,0.027151851,0.0,0.2,67
367734290,0.0,0.0,0.0,0.0,11
367734470,0.0,0.0,0.0,0.0,155
367734870,0.0,0.0,0.0,0.0,416
367734940,1.2201117,1.8386115,0.0,6.8,179
367734950,0.0045454544,0.02094926,0.0,0.1,88
367734980,0.46666664,0.60827625,0.0,2.0,9
367735260,0.02057878,0.060861975,0.0,0.5,311
367735470,0.0,0.0,0.0,0.0,333
367735750,2.1796875,3.4909353,0.0,11.6,640
367735860,0.0066037737,0.026729709,0.0,0.2,212
367736410,0.045150504,0.09341522,0.0,0.4,299
367736490,0.0,0.0,0.0,0.0,12
367736640,2.9857981,2.9403832,0.0,7.6,683
367736740,2.8,0.23094012,2.5,3.2,7
367736760,0.0,0.0,0.0,0.0,18
367737070,5.2250004,4.131247,0.0,12.7,144
367737310,0.03606965,0.051583167,0.0,0.3,402
367737750,0.020853082,0.050094754,0.0,0.6,422
367737960,1.2584506,2.5070753,0.0,13.2,1136
367738080,0.86333334,1.8789431,0.0,7.6,480
367738190,0.0,0.0,0.0,0.0,413
367738470,0.0012750456,0.011224685,0.0,0.1,1098
367738980,0.0014051523,0.011784141,0.0,0.1,427
367739310,3.047244,2.1590645,0.0,4.8,127
367739340,0.00054495916,0.007372043,0.0,0.1,367
367739530,4.0550294,6.929087,0.0,25.3,169
367739650,5.6637917,8.457732,0.0,21.9,1171
367739710,7.3507247,6.9208684,0.0,20.7,69
367739720,0.00081967213,0.009034927,0.0,0.1,244
367739760,1.4377604,2.761826,0.0,7.9,384
367739850,9.082652e-05,0.003013744,0.0,0.1,1101
367740050,1.2829059,2.6086712,0.0,8.2,1170
367740330,4.2418604,4.147655,0.0,10.1,301
367740340,0.1323077,0.56247383,0.0,5.1,455
367740630,0.007464029,0.026292829,0.0,0.1,1112
367740640,0.49512196,1.2670431,0.0,7.7,451
367740670,0.43054357,1.4928958,0.0,8.6,1159
367740720,1.2763948,3.127375,0.0,10.0,466
367740750,0.057321433,0.05948817,0.0,0.3,1120
367740760,0.027586209,0.04475416,0.0,0.1,377
367740790,6.0622706,3.4552991,0.0,9.8,872
367740820,1.4964602,5.7543764,0.0,28.4,452
367741020,4.375,2.846748,0.0,10.2,40
367741120,0.41239434,1.3537825,0.0,7.6,355
367741140,1.2796805,2.8309042,0.0,11.1,1127
367741150,0.032340053,0.04717132,0.0,0.2,1141
367741190,0.027352942,0.21185803,0.0,3.7,340
367741230,0.0,0.0,0.0,0.0,2
367741480,0.0,0.0,0.0,0.0,12
367741510,1.3123009,2.3996382,0.0,7.6,1130
367741530,0.004,0.021264382,0.0,0.2,300
367741570,0.3764706,1.1071894,0.0,4.3,85
367741590,0.0010416667,0.01315778,0.0,0.2,288
367741770,0.0019464721,0.015495304,0.0,0.2,411
367741970,0.017948719,0.038425267,0.0,0.1,390
367742540,8.969896,4.7156796,0.0,15.1,578
367742580,0.0022038568,0.016473394,0.0,0.2,363
367742750,6.9113207,2.9611876,0.0,10.4,106
367742780,0.0,0.0,0.0,0.0,236
367742810,0.021864953,0.04139964,0.0,0.1,311
367742830,0.009068628,0.028751502,0.0,0.1,408
367742990,2.775,2.351679,0.1,7.4,20
367743020,2.9191198,2.0580626,0.0,6.6,659
367743220,0.0,,0.0,0.0,1
367743370,0.81257665,1.8369299,0.0,5.5,652
367743650,0.0,0.0,0.0,0.0,395
367743660,0.012565445,0.045197845,0.0,0.6,1146
367743710,0.22678882,0.9648529,0.0,8.5,1146
367743760,2.1549828,3.0544333,0.0,10.7,1164
367743990,0.6315789,0.38737383,0.2,1.5,19
367744020,0.0013368984,0.011500268,0.0,0.1,374
367744110,1.7493966,2.5310428,0.0,10.8,1160
367744120,1.1738408,2.453042,0.0,12.3,1143
367744130,0.7707339,1.7683454,0.0,11.5,1131
367744140,0.32894737,1.3348193,0.0,10.6,1140
367744210,0.0039484976,0.022357548,0.0,0.3,1165
367744470,0.005892857,0.027416412,0.0,0.4,1120
367744530,0.011504425,0.034723945,0.0,0.2,113
367744570,1.7586466,2.6661625,0.0,10.0,665
367744620,9.62909,0.53633624,8.3,10.4,55
367744660,0.00048661802,0.006967289,0.0,0.1,411
367744840,2.9341464,3.511382,0.0,8.9,41
367744930,0.024411766,0.044369806,0.0,0.2,340
367745090,2.753784,2.5146291,0.0,7.4,370
367745280,0.0,0.0,0.0,0.0,117
367745320,6.977124,8.461643,0.0,20.9,153
367745820,0.6361424,1.9445174,0.0,12.7,1068
367745940,0.16055277,0.13001336,0.0,0.7,398
367746010,0.042307694,0.05469925,0.0,0.2,78
367746030,0.0013333333,0.011547006,0.0,0.1,75
367746360,0.51473683,0.38119867,0.0,2.2,95
367746390,0.012268519,0.086233065,0.0,1.1,432
367746670,0.6081319,1.6730831,0.0,10.7,455
367746720,0.00930851,0.045531534,0.0,0.5,376
367746750,0.0,0.0,0.0,0.0,99
367746950,2.9092677,4.400504,0.0,11.6,669
367747120,0.13321555,0.9524927,0.0,11.0,1132
367747130,0.26602176,1.0724005,0.0,10.8,827
367747230,0.0,0.0,0.0,0.0,99
367747470,0.034545455,0.04922698,0.0,0.2,385
367747610,12.701556,7.616105,0.0,24.4,450
367748030,1.7754766,3.0332334,0.0,10.3,787
367748210,0.033597883,0.047853306,0.0,0.2,378
367748320,2.1288888,1.1168016,0.0,4.1,90
367748330,2.2640707,1.7459763,0.0,4.6,1130
367748490,2.9678009,2.4341586,0.0,8.6,382
367748640,6.221176,2.4678454,0.0,8.6,85
367748680,15.6563225,6.0467796,0.0,20.8,261
367748720,0.06611374,0.14527741,0.0,2.1,422
367749030,0.029455448,0.047765978,0.0,0.2,404
367749140,0.0,0.0,0.0,0.0,84
367749190,0.34857142,1.2533183,0.0,5.4,35
367749350,1.6231003,2.1838443,0.0,8.8,658
367749970,0.9550697,2.1074798,0.0,12.9,1075
367750000,0.017483443,0.047051225,0.0,0.7,755
367750070,5.4819045,4.178005,0.0,14.6,105
367750130,0.0,0.0,0.0,0.0,412
367750150,0.9892009,1.7706395,0.0,6.5,463
367750220,0.025,0.04340002,0.0,0.1,220
367750340,3.322078,0.9843379,0.0,4.9,154
367750350,2.0527978,2.1471703,0.0,8.5,697
367750460,0.00443828,0.020608706,0.0,0.1,721
367750650,0.0,0.0,0.0,0.0,921
367750740,2.211562,3.9947028,0.0,10.8,493
367750780,0.48115554,1.331884,0.0,6.6,1125
367750940,0.53620386,1.4397206,0.0,8.7,1138
367750960,17.282978,12.870725,0.0,35.5,141
367751050,0.59108394,2.2046735,0.0,10.7,1144
367751160,1.4055004,2.93783,0.0,8.7,1109
367751210,3.9619763,2.111791,0.0,9.8,334
367751480,0.0072222226,0.025957756,0.0,0.1,180
367751540,0.2536,0.6205544,0.0,4.3,125
367751630,0.0,0.0,0.0,0.0,17
367751940,0.0,0.0,0.0,0.0,319
367751960,0.0005,0.007071068,0.0,0.1,200
367752060,0.80689657,1.1870844,0.0,5.4,116
367752090,14.671227,12.957816,0.0,30.4,497
367752110,0.0,0.0,0.0,0.0,22
367752120,0.8954708,1.5096755,0.0,5.2,839
367752440,0.085363716,0.53161913,0.0,6.6,1141
367752580,0.006896552,0.025486447,0.0,0.1,87
367752660,1.6888889,2.0769234,0.0,6.1,9
367753140,0.5254902,1.009257,0.0,6.4,255
367753210,1.7924072,4.099839,0.0,16.9,1159
367753230,4.3429823,6.6007504,0.0,34.7,114
367753520,0.007142857,0.026226526,0.0,0.1,28
367753570,0.027639754,0.045481373,0.0,0.2,322
367753770,0.024074076,0.04732539,0.0,0.2,54
367753870,8.923809,12.447934,0.0,28.8,105
367754030,0.0,0.0,0.0,0.0,249
367754450,4.5647583,2.1203265,0.0,7.8,1118
367754480,1.7099379,2.7652247,0.0,10.7,805
367754620,1.1722814,2.116944,0.0,8.1,469
367754630,0.0,0.0,0.0,0.0,52
367754820,0.0022883294,0.022345887,0.0,0.3,437
367754870,2.2421405,1.2294062,0.0,6.6,299
367754970,0.007977208,0.02713268,0.0,0.1,351
367755070,0.00046728973,0.0068278504,0.0,0.1,428
367755180,0.0019851117,0.013966192,0.0,0.1,403
367755280,6.8785715,1.7983307,0.0,8.3,84
367755290,0.0017391305,0.013091419,0.0,0.1,345
367755350,0.04041451,0.053197347,0.0,0.2,386
367755410,0.0,,0.0,0.0,1
367755430,0.0038567493,0.019282758,0.0,0.1,363
367755480,0.14166667,0.09962049,0.0,0.4,12
367755550,0.2739535,1.103919,0.0,5.6,645
367755650,2.6913762,2.5651655,0.0,8.9,1148
367755720,6.8710294,5.3526692,0.0,13.6,787
367755860,0.006152513,0.025098544,0.0,0.3,1154
367755870,1.6698276,5.467602,0.0,35.3,232
367755970,0.24095841,0.19541019,0.0,0.6,1106
367755990,0.094791666,0.12124577,0.0,0.5,864
367756040,3.5555367,2.5447469,0.0,7.9,1165
367756070,0.00070257613,0.014518018,0.0,0.3,427
367756120,0.012481858,0.037984394,0.0,0.4,689
367756280,0.8892979,2.3110473,0.0,10.9,1168
367756350,0.2675113,1.47431,0.0,10.0,1105
367756370,0.32033333,1.459814,0.0,9.7,300
367756630,5.2277775,0.34094253,4.5,5.7,18
367756780,0.0013333333,0.011488931,0.0,0.1,300
367756980,2.0641026,3.3043702,0.0,10.0,390
367757130,1.28125,1.2936866,0.0,4.1,16
367757210,0.27681756,0.9151339,0.0,7.2,729
367757270,3.455938,3.5407465,0.0,11.1,1162
367757320,5.715743,8.164863,0.0,21.3,1137
367757340,0.012000001,0.034258414,0.0,0.2,350
367757660,5.10277,2.4720085,0.0,9.0,361
367757680,0.45454547,0.8418594,0.0,2.7,11
367757990,0.0,0.0,0.0,0.0,396
367758160,0.00034722223,0.0058925566,0.0,0.1,288
367758240,6.421197,2.435585,0.0,8.8,401
367758310,0.9725155,1.7721114,0.0,7.7,644
367758750,4.0526314,7.471512,0.0,29.1,285
367758760,0.108641975,0.102995545,0.0,0.5,162
367758910,0.22587602,0.12873176,0.0,0.6,371
367758950,0.93139356,2.1120987,0.0,7.5,653
367758960,1.0567093,2.0327544,0.0,6.8,626
367759000,18.307926,1.1953984,15.7,20.6,1085
367759080,1.1031606,2.3658466,0.0,10.8,1139
367759740,2.9375634,0.7460851,0.2,3.7,197
367759850,0.31273004,0.95785564,0.0,4.9,652
367759860,0.76239735,1.785011,0.0,9.5,609
367760290,0.28637317,1.4512877,0.0,9.5,954
367760340,6.0564103,5.6383457,0.0,13.9,39
367760380,0.0,0.0,0.0,0.0,343
367760510,2.224436,4.3938255,0.0,17.2,266
367760730,2.331818,4.253399,0.0,16.7,1056
367760810,0.1893617,0.6858719,0.0,4.0,282
367760820,0.0011363636,0.01061136,0.0,0.1,440
367760890,0.41624233,1.4913546,0.0,11.0,1139
367761240,6.6921053,1.646845,3.1,9.5,38
367761280,0.027461141,0.045897074,0.0,0.2,193
367761630,0.3082456,1.1074266,0.0,5.6,1140
367761720,3.4612904,2.466239,0.0,12.6,465
367761730,2.4663043,1.9284041,0.0,5.2,92
367761740,0.0021071115,0.019549921,0.0,0.5,1139
367761750,6.754762,0.68688136,4.9,7.8,42
367761860,11.833333,7.5971265,0.1,18.5,21
367761880,3.7,4.776641,0.0,16.2,28
367761980,0.0057034222,0.023235016,0.0,0.1,263
367761990,5.0229073,2.1470919,0.0,7.1,227
367762080,1.0647902,2.621891,0.0,11.6,977
367762120,8.390196,4.4711185,0.0,12.5,51
367762230,0.5445743,1.2143649,0.0,5.8,599
367762580,0.0023746702,0.046229895,0.0,0.9,379
367762750,0.23373598,1.4702728,0.0,14.8,1159
367762840,0.003773585,0.019146197,0.0,0.1,106
367762880,0.13432601,0.64804775,0.0,5.1,638
367762920,0.048366014,0.18786272,0.0,1.5,306
367762930,0.032,0.052120797,0.0,0.3,375
367763020,0.054444447,0.13752311,0.0,0.9,90
367763260,0.0028248588,0.016591676,0.0,0.1,354
367763460,2.3278105,3.19447,0.0,8.6,169
367763490,0.0005203816,0.007198076,0.0,0.1,1153
367763560,0.0058139535,0.0234348,0.0,0.1,344
367763730,1.4467627,2.4136703,0.0,8.5,1112
367763810,0.025000002,0.043362215,0.0,0.1,356
367763880,0.0002631579,0.005129892,0.0,0.1,380
367764000,0.026478149,0.2839217,0.0,4.1,389
367764010,0.0007075472,0.008391674,0.0,0.1,424
367764230,0.023673471,0.08830587,0.0,0.7,245
367764240,6.220482,4.2550983,0.0,13.7,332
367764250,0.009375,0.056167923,0.0,1.4,1216
367764370,0.017882353,0.03836561,0.0,0.1,425
367764520,1.8964735,1.7670574,0.0,5.3,1191
367764570,2.6468012,3.180196,0.0,7.6,297
367764630,2.4174864,2.598409,0.0,7.7,915
367764750,0.0011848342,0.010833175,0.0,0.1,422
367764780,0.08137255,0.5618468,0.0,5.0,408
367764820,0.0,0.0,0.0,0.0,418
367765000,0.00055045873,0.007402239,0.0,0.1,1090
367765140,4.6698003,1.2819993,0.0,6.0,851
367765220,0.08917526,0.06337894,0.0,0.4,388
367765240,6.541015,10.184381,0.0,30.0,729
367765380,1.65,1.2020816,0.8,2.5,2
367765490,0.06323077,0.32386157,0.0,2.9,650
367765660,0.0496875,0.05131404,0.0,0.2,320
367765690,3.666313,3.1966164,0.0,12.3,377
367765850,2.5980072,2.7861948,0.0,9.6,552
367765930,7.441872,1.5011849,2.4,10.8,609
367765950,3.474074,2.5011945,0.0,5.9,189
367766000,0.0004950495,0.0070272405,0.0,0.1,404
367766070,0.0005899705,0.007669583,0.0,0.1,339
367766220,0.03559169,0.08556634,0.0,1.0,1107
367766260,0.0017142858,0.012986547,0.0,0.1,1050
367766730,4.491912,1.3705395,0.0,6.4,136
367766740,0.5178757,1.490326,0.0,11.0,1158
367766850,0.017307691,0.04302828,0.0,0.2,52
367766860,0.25400624,1.0794709,0.0,6.1,961
367766920,12.879662,5.4529266,2.6,24.5,59
367766960,0.005524862,0.022878112,0.0,0.1,362
367767180,3.6275625,3.344983,0.0,9.3,1161
367767220,2.1223156,0.8073359,0.0,3.7,1071
367767230,0.4061892,1.487326,0.0,8.9,1131
367767250,1.3469805,2.2903943,0.0,8.3,1126
367767260,1.114983,2.2424753,0.0,8.7,1168
367767290,0.0,0.0,0.0,0.0,14
367767310,1.2932496,2.2304006,0.0,8.4,637
367767350,0.007739938,0.026763871,0.0,0.1,323
367767410,0.015497076,0.042909764,0.0,0.3,342
367767460,2.0988297,0.96177524,0.0,6.6,769
367767480,0.008470181,0.05340477,0.0,1.1,1157
367767510,0.42127478,1.3883706,0.0,8.2,1161
367767650,0.014285714,0.14211431,0.0,2.6,350
367767670,0.013989638,0.039013084,0.0,0.2,193
367767850,0.7425812,1.8619784,0.0,12.2,1139
367767860,1.2721312,4.822995,0.0,25.7,1098
367768070,2.744368,2.9774468,0.0,9.7,1163
367768080,3.4061155,3.920946,0.0,13.5,1161
367768160,1.7666667,2.6925824,0.0,6.3,9
367768250,0.3694974,1.3951304,0.0,9.5,1154
367768440,0.0,0.0,0.0,0.0,41
367768450,5.8571796,5.6108403,0.0,16.7,1170
367768480,1.0515836,1.9717529,0.0,8.9,442
367768490,2.1401184,0.96036994,0.0,7.5,845
367768540,0.0018835617,0.013606078,0.0,0.1,584
367768550,0.06576819,0.06524913,0.0,0.4,371
367768720,3.2028875,3.0732718,0.0,10.2,658
367768880,1.604541,2.4859366,0.0,8.2,1013
367769180,2.2967198,3.6374638,0.0,13.5,1128
367769330,0.0003448276,0.005872202,0.0,0.1,290
367769680,0.03468208,0.061001666,0.0,0.4,346
367769720,0.010869565,0.035143256,0.0,0.3,230
367769960,0.016049383,0.03676312,0.0,0.1,324
367770000,0.004761905,0.021324111,0.0,0.1,378
367770070,0.009268292,0.030672196,0.0,0.2,410
367770120,11.631405,11.175129,0.0,32.4,121
367770220,0.0014150944,0.011825259,0.0,0.1,424
367770330,0.16,0.08944272,0.1,0.3,5
367770480,0.4198148,1.0916091,0.0,6.5,540
367770540,0.022409638,0.041748915,0.0,0.1,415
367770620,0.0023076923,0.017422237,0.0,0.2,260
367770680,0.0016949154,0.012926361,0.0,0.1,354
367770690,0.0,0.0,0.0,0.0,20
367770760,0.0,0.0,0.0,0.0,408
367770980,9.446428,0.22479428,9.1,10.2,56
367770990,1.4098815,2.241371,0.0,7.4,506
367771000,10.415043,0.4074386,9.2,11.5,585
367771090,0.001300954,0.011336419,0.0,0.1,1153
367771310,5.6548495,3.2348669,0.0,11.2,299
367771350,0.010784314,0.034074243,0.0,0.3,408
367771510,0.0033898305,0.02897454,0.0,0.3,236
367771620,0.0,0.0,0.0,0.0,276
367771790,1.4506426,3.6333976,0.0,17.4,389
367771840,4.939506,1.6028064,0.0,7.4,162
367771860,1.2191011,2.2110226,0.0,5.9,445
367771920,0.0,0.0,0.0,0.0,418
367771930,1.8,,1.8,1.8,1
367771990,0.0010452962,0.010188162,0.0,0.1,287
367772070,3.2545455,3.1712635,0.0,7.6,561
367772180,1.5071123,2.65567,0.0,7.9,1167
367772272,0.015557555,0.042011254,0.0,0.5,1112
367772590,0.7676443,2.1372626,0.0,8.2,1057
367772610,2.1571429,2.0514803,0.0,4.5,21
367772690,0.03209169,0.04674992,0.0,0.1,349
367772730,0.00403071,0.027788194,0.0,0.5,521
367772750,0.0,0.0,0.0,0.0,542
367772890,6.96,0.3507136,6.6,7.5,5
367773150,3.7761629,5.2852836,0.0,14.9,172
367773360,0.7906578,1.98125,0.0,8.0,1049
367773380,6.0148563,5.374454,0.0,12.7,626
367773540,0.21846847,0.7123801,0.0,3.5,222
367773660,0.0046875,0.021178514,0.0,0.1,256
367773830,0.0004854369,0.006958849,0.0,0.1,412
367774150,3.5077786,1.6510692,0.0,6.5,1157
367774160,2.437152,1.627997,0.0,4.5,969
367774360,0.7326775,2.1521397,0.0,9.2,1169
367774390,0.0,0.0,0.0,0.0,3
367774490,0.0,0.0,0.0,0.0,396
367774510,0.001369863,0.0116636865,0.0,0.1,146
367774570,5.794096,2.8283033,0.0,10.3,542
367774870,0.014555256,0.03531333,0.0,0.1,371
367774890,0.015384615,0.03755338,0.0,0.1,13
367775120,2.430568,3.1144466,0.0,8.3,1109
367775310,0.79553735,1.7631258,0.0,11.4,1098
367775320,0.8374453,2.0860007,0.0,13.1,1143
367775370,2.7248323,4.394778,0.0,12.4,596
367775410,0.0033536586,0.018030807,0.0,0.1,328
367775720,0.000887574,0.009393117,0.0,0.1,338
367775730,6.0648932,2.7485952,0.1,10.2,94
367775850,0.0,,0.0,0.0,1
367776270,4.2152267,5.5821342,0.0,22.5,486
367776280,1.8609091,2.8071368,0.0,10.7,220
367776370,0.0,0.0,0.0,0.0,348
367776380,16.479477,12.992477,0.0,32.3,536
367776390,13.750591,12.258369,0.0,30.9,423
367776410,4.260792,7.3103914,0.0,30.3,783
367777140,0.11666667,0.09831921,0.0,0.3,6
367777310,0.102713175,0.121727206,0.0,0.9,258
367777390,0.00302267,0.032426015,0.0,0.6,397
367777460,2.7580018,4.057748,0.0,12.5,1231
367777470,0.00017777778,0.004214494,0.0,0.1,1125
367777480,0.5234759,1.528793,0.0,8.4,1099
367777560,0.68498605,1.5981891,0.0,8.0,1079
367777570,0.87715054,1.7148435,0.0,7.6,1116
367777710,0.35999998,0.49799597,0.0,1.0,5
367777840,0.19565217,0.55798197,0.0,2.0,23
367777860,0.2555066,1.3429933,0.0,9.9,227
367777930,1.722441,1.3481096,0.0,6.5,254
367777960,0.24313098,0.28801107,0.0,1.0,1252
367777970,0.11121496,0.16139266,0.0,1.5,1177
367777990,0.087339744,0.36162198,0.0,1.8,624
367778010,0.24436451,0.17089826,0.0,0.9,1251
367778080,0.00027855154,0.005277798,0.0,0.1,359
367778120,0.0,0.0,0.0,0.0,23
367778140,2.5496352,5.3136015,0.0,25.2,411
367778180,0.002366864,0.015246634,0.0,0.1,169
367778430,0.0018987342,0.013691408,0.0,0.1,158
367778460,0.005185185,0.025388088,0.0,0.2,135
367778540,0.0125,0.03535534,0.0,0.1,8
367778560,1.8286927,3.162349,0.0,9.5,589
367778670,5.3901315,6.2160716,0.0,26.7,760
367778680,0.20692773,0.2785052,0.0,2.7,332
367778930,0.004918033,0.021659974,0.0,0.1,305
367778940,1.6847223,1.7445819,0.0,5.9,72
367779030,0.82625896,1.8296766,0.0,7.7,1112
367779120,4.0158973,3.2776258,0.0,8.2,390
367779190,0.02458234,0.043108907,0.0,0.1,419
367779310,0.06666667,0.05773503,0.0,0.1,3
367779320,0.0,0.0,0.0,0.0,3
367779540,5.6873074,7.0726643,0.0,27.3,843
367779550,6.1436396,7.31994,0.0,28.0,511
367779730,0.0,0.0,0.0,0.0,3
367779880,3.436258,1.7460517,0.0,5.6,775
367779890,1.2271657,2.1261466,0.0,7.6,1189
367780050,0.1609831,0.6142274,0.0,5.3,651
367780110,0.004735376,0.021269083,0.0,0.1,359
367780320,1.1992147,1.8368136,0.0,7.6,382
367780350,1.1972393,2.1037145,0.0,7.6,652
367780530,0.010462288,0.03064399,0.0,0.1,411
367780660,1.4490213,2.5214076,0.0,7.4,1124
367780670,1.9136006,3.0480485,0.0,9.0,1147
367780870,0.052905202,0.7135729,0.0,12.8,327
367780890,0.0,0.0,0.0,0.0,377
367780930,9.11577e-05,0.0030192335,0.0,0.1,1097
367781000,0.0,0.0,0.0,0.0,427
367781120,0.14344661,0.19251382,0.0,2.0,412
367781270,0.1,0.1,0.0,0.2,3
367781330,1.090687,2.278081,0.0,10.4,655
367781550,2.0142484,2.7576275,0.0,11.9,1151
367781630,9.791114,7.1478143,0.0,24.1,844
367781670,0.0043478264,0.021638563,0.0,0.2,391
367781680,0.0052777776,0.10013879,0.0,1.9,360
367781760,0.055,0.05104178,0.0,0.1,20
367782040,4.82519,0.9575987,1.3,6.6,921
367782180,0.064080454,0.4459262,0.0,6.9,348
367782270,0.6538732,1.415769,0.0,6.4,284
367782370,6.654054,6.4575653,0.0,15.1,592
367782380,0.0,0.0,0.0,0.0,428
367782450,0.0014492754,0.011968389,0.0,0.1,345
367782610,0.02631579,0.14176829,0.0,1.2,76
367782690,14.668,9.800456,0.0,22.4,25
367782880,18.712055,10.528028,0.0,29.0,282
367782980,0.1,,0.1,0.1,1
367783120,0.017160827,0.18172394,0.0,3.4,1113
367783370,0.01264706,0.033286884,0.0,0.1,340
367783480,0.02271605,0.044248745,0.0,0.2,405
367783740,0.29003558,1.810734,0.0,27.7,281
367783890,1.2636735,2.5757751,0.0,7.8,245
367783970,0.0,0.0,0.0,0.0,403
367784130,0.029310344,0.05207605,0.0,0.3,348
367784140,0.0041871923,0.020054357,0.0,0.1,406
367784560,10.667117,11.411753,0.0,29.5,815
367784630,9.58281,8.725187,0.0,28.3,797
367784640,6.6354136,7.753758,0.0,27.0,785
367784840,3.2126253,3.3166764,0.0,9.5,499
367784850,0.013492064,0.1339186,0.0,2.1,378
367784910,0.03236842,0.0468498,0.0,0.1,380
367785150,6.5604305,3.2914746,0.0,10.4,604
367785160,0.13924529,0.05476704,0.1,0.3,265
367785220,0.035679612,0.06288888,0.0,0.6,412
367785950,0.27184302,0.22299649,0.0,0.8,1172
367786010,7.0396247,10.169513,0.0,28.7,959
367786240,0.00023696682,0.004867924,0.0,0.1,422
367786550,1.7032738,4.0213037,0.0,15.0,336
367786680,2.5636656,2.9207265,0.0,9.9,311
367786820,0.002962963,0.01698782,0.0,0.1,270
367787010,3.0235295,3.583387,0.1,8.5,17
367787020,6.20099,2.3590038,0.0,8.1,101
367787130,0.0014311271,0.011882377,0.0,0.1,1118
367787290,0.015340909,0.03608944,0.0,0.1,352
367787640,0.31689814,0.9899573,0.0,6.1,432
367787650,0.5488426,1.586968,0.0,11.1,432
367787680,0.020769231,0.1887558,0.0,2.9,260
367787760,0.0005509642,0.010497278,0.0,0.2,363
367787770,0.0038659794,0.022970662,0.0,0.2,388
367787790,0.0,0.0,0.0,0.0,2
367787830,0.0,0.0,0.0,0.0,12
367788010,0.010930234,0.05196888,0.0,0.8,430
367788040,0.025951557,0.047702905,0.0,0.3,289
367788090,0.022689074,0.23844019,0.0,2.6,119
367788190,0.1273224,0.14264408,0.0,1.1,366
367788290,1.1355172,2.4942932,0.0,7.8,1160
367788350,7.3552504,4.027123,0.7,12.5,800
367788410,0.0,0.0,0.0,0.0,416
367788550,0.55435294,2.8001325,0.0,29.5,425
367788560,0.0014598541,0.012015872,0.0,0.1,274
367788580,0.0036319613,0.018731112,0.0,0.1,413
367788590,0.024817517,0.044361632,0.0,0.2,411
367788780,3.067717,2.5109568,0.0,7.0,1047
367788830,0.028220858,0.04514613,0.0,0.1,163
367788910,0.013888889,0.034825746,0.0,0.1,72
367789230,0.0125,0.033988938,0.0,0.2,344
367789310,2.3548334,3.2279885,0.0,9.4,600
367789330,0.4760453,1.5537595,0.0,7.3,1148
367789350,4.5446043,3.5978289,0.0,8.8,139
367789370,2.1088421,3.0480556,0.0,7.5,1097
367789450,0.6877876,2.5232334,0.0,16.0,1130
367789620,0.071834624,0.5453596,0.0,7.7,387
367789770,0.0059850374,0.02672246,0.0,0.3,401
367789830,0.0021377674,0.014481188,0.0,0.1,421
367790040,1.3722379,2.0175846,0.0,6.2,353
367790380,0.016945107,0.04401201,0.0,0.3,419
367790610,0.0,0.0,0.0,0.0,404
367790620,0.008333334,0.033875857,0.0,0.3,420
367790730,0.0034055728,0.018165378,0.0,0.1,323
367790830,6.4191303,7.9941835,0.0,26.3,805
367790890,0.029629631,0.060858063,0.0,0.2,27
367791090,8.62619,1.8886753,0.0,12.5,168
367791140,6.541106,7.789072,0.0,27.0,832
367791490,0.0,0.0,0.0,0.0,341
367791520,0.38421053,0.91413295,0.0,3.5,57
367791530,3.3396077,1.0925841,0.0,6.6,255
367791540,18.443724,10.111456,0.0,27.9,908
367791710,0.0,0.0,0.0,0.0,233
367791820,0.0026119403,0.015978877,0.0,0.1,268
367791860,0.0,,0.0,0.0,1
367792030,0.33765283,0.29196826,0.0,2.2,409
367792230,0.1131579,0.106938824,0.0,0.5,380
367792310,0.022083335,0.22583833,0.0,3.7,960
367792790,0.0075916233,0.02652114,0.0,0.1,382
367792830,0.0036144578,0.019938208,0.0,0.2,415
367793030,0.042857144,0.2327585,0.0,3.1,315
367793110,0.21092716,0.2821014,0.0,2.1,302
367793120,5.6157894,0.3928595,4.1,6.5,38
367793240,1.0061808,2.0484474,0.0,8.9,631
367793280,0.0012077295,0.012962615,0.0,0.2,414
367793450,0.019023137,0.04364893,0.0,0.2,389
367793490,0.0,0.0,0.0,0.0,649
367793650,0.02079208,0.04078439,0.0,0.1,101
367793880,1.9182928,2.1761637,0.0,7.7,328
367793980,0.17186978,0.8029509,0.0,10.3,1198
367794180,1.6999999,2.2627416,0.1,3.3,2
367794230,0.01056701,0.031609505,0.0,0.2,388
367794450,1.8735632,2.6461506,0.0,11.4,609
367794470,1.4191011,2.3528914,0.0,8.0,445
367794780,0.044805195,0.29990023,0.0,3.5,154
367794890,0.02112676,0.056773216,0.0,0.6,426
367795160,1.9433717,1.26456,0.0,6.1,694
367795540,0.002690583,0.016188085,0.0,0.1,1115
367795630,3.8529413,2.4222748,0.6,8.5,34
367795720,0.02173913,0.11909482,0.0,0.8,46
367795910,1.5301588,2.9554727,0.0,10.2,1071
367795970,0.005947137,0.07537899,0.0,1.5,454
367795990,0.04439141,0.050696578,0.0,0.2,419
367796040,1.4523556,3.171479,0.0,11.0,1125
367796050,1.1409335,2.2438402,0.0,7.5,1114
367796070,1.5008122,2.1828692,0.0,8.0,985
367796190,1.1786127,2.3997355,0.0,9.8,346
367796270,0.004328018,0.020371929,0.0,0.1,439
367796530,0.00625,0.025,0.0,0.1,16
367796560,0.009665428,0.03202552,0.0,0.2,269
367796610,10.239419,4.1173053,0.0,17.8,1238
367797070,0.00047393364,0.006876103,0.0,0.1,422
367797120,0.014285714,0.055854198,0.0,0.4,371
367797190,0.026388891,0.050038654,0.0,0.3,432
367797260,4.3303924,7.557986,0.0,28.3,816
367797440,0.40559286,1.0578513,0.0,4.3,447
367797450,0.20195246,0.5826911,0.0,4.6,1178
367797460,0.35533166,1.1882561,0.0,6.4,1191
367797660,2.8035994,2.3367186,0.0,5.9,639
367797690,0.0041775457,0.020033736,0.0,0.1,383
367797720,2.2463148,3.1569872,0.0,7.7,1099
367797810,0.008629442,0.04252405,0.0,0.4,394
367797960,0.0,0.0,0.0,0.0,365
367798060,0.06161616,0.11710177,0.0,0.7,396
367798240,0.10708661,0.37036684,0.0,2.3,127
367798350,0.68676794,1.7953377,0.0,6.4,461
367798420,9.593297,8.826076,0.0,27.4,552
367798430,16.237284,8.584959,0.0,25.6,633
367798470,3.8983471,5.4167175,0.0,36.9,121
367798530,0.0019417476,0.013832324,0.0,0.1,206
367798550,0.014396552,0.08865585,0.0,2.0,1160
367798580,2.538918,3.6826162,0.0,12.5,1146
367799320,0.2113126,0.8783292,0.0,6.5,1158
367799330,0.002537183,0.015732054,0.0,0.1,1143
367799340,3.9394352,2.073554,0.0,6.6,956
367799380,19.8,0.28284246,19.6,20.0,2
367799460,0.03369176,0.04810426,0.0,0.2,279
367799580,1.5682318,3.6811397,0.0,15.2,1001
367799590,3.4633956,4.7748775,0.0,15.1,642
367799630,0.0,0.0,0.0,0.0,19
367799680,5.0889034,2.376837,0.0,9.6,766
367799710,0.0,0.0,0.0,0.0,411
367799730,0.010619469,0.030945897,0.0,0.1,113
367799820,0.0026642985,0.04249975,0.0,1.2,1126
367799860,0.0011363636,0.01257613,0.0,0.2,440
367799910,0.09808307,0.10589742,0.0,0.6,313
367801000,0.0,0.0,0.0,0.0,425
367807000,1.4847199,3.2529533,0.0,11.4,589
367816000,3.9602044,4.164552,0.0,12.0,294
367819000,0.00023640662,0.0048621665,0.0,0.1,423
367841000,0.0007481297,0.008627798,0.0,0.1,401
367848000,0.019672131,0.109273575,0.0,1.7,366
367852000,8.168533,4.003791,0.0,16.1,893
367860000,0.0,0.0,0.0,0.0,264
367866000,0.0,0.0,0.0,0.0,212
367876000,0.0022779044,0.014936861,0.0,0.1,439
367907000,1.2895323,3.610334,0.0,12.8,449
367932000,0.0,0.0,0.0,0.0,385
367940000,0.0,0.0,0.0,0.0,2
367978000,0.04743276,0.049995206,0.0,0.1,409
367999640,0.034760706,0.05318878,0.0,0.2,397
367999960,0.0028089888,0.016546223,0.0,0.1,356
368000070,0.14318182,0.77486104,0.0,6.2,264
368000160,0.0014851486,0.012125885,0.0,0.1,202
368000320,0.020759493,0.051123723,0.0,0.4,395
368000390,0.40369612,1.03866,0.0,4.2,974
368000410,0.0935567,0.1847821,0.0,2.0,388
368000430,0.37798592,1.3922093,0.0,8.2,427
368000640,0.0,0.0,0.0,0.0,23
368000730,0.0012135922,0.010962578,0.0,0.1,412
368000830,0.009210527,0.048349768,0.0,0.4,228
368000840,0.47500002,0.1908627,0.2,0.7,8
368000880,6.3832355,2.1430373,0.7,8.2,340
368000890,0.0005633803,0.0074952575,0.0,0.1,355
368000980,0.7583333,1.9738965,0.0,8.8,72
368001000,1.4289125,2.1379766,0.2,10.2,377
368001090,4.0963635,3.0835738,0.1,9.2,110
368001230,0.16522911,0.51627946,0.0,5.2,371
368001250,4.8430495,2.0075605,0.0,7.7,1115
368001440,0.00024096385,0.004908807,0.0,0.1,415
368001590,0.0,0.0,0.0,0.0,429
368001830,0.44242427,3.5606816,0.0,36.4,231
368001930,0.03310876,0.054481782,0.0,0.4,1039
368001950,0.0028571428,0.016780153,0.0,0.1,70
368001960,3.3256228,2.6450326,0.0,7.2,281
368002250,2.2608109,2.2770936,0.0,7.0,74
368002440,0.00023640662,0.0048621665,0.0,0.1,423
368002490,0.00076142134,0.008703714,0.0,0.1,394
368002860,0.006896552,0.026860481,0.0,0.2,261
368003140,2.768421,1.1338493,0.7,5.3,19
368003290,0.02875,0.045866076,0.0,0.2,400
368004000,14.4375,0.30680314,12.7,14.9,120
368004010,8.728265,10.452145,0.0,26.9,605
368004090,2.1911213,3.5148714,0.0,10.4,642
368004120,8.369293,8.962573,0.0,26.9,863
368004310,0.033333335,0.047519095,0.0,0.1,63
368004340,4.0452557,1.5731652,0.0,5.1,137
368004350,2.7409508,1.9893594,0.0,5.8,547
368004560,1.4078275,2.2374384,0.0,7.1,626
368004570,1.8293765,3.0851133,0.0,8.9,834
368004680,0.009403669,0.029221507,0.0,0.1,436
368004820,3.7692642,3.097905,0.0,8.7,462
368004870,0.008423913,0.027812425,0.0,0.1,368
368004920,0.35989493,1.2483474,0.0,5.0,571
368004960,0.0,0.0,0.0,0.0,415
368005120,0.0,0.0,0.0,0.0,325
368005180,0.021818183,0.0712089,0.0,0.4,55
368005270,0.00031347963,0.005598925,0.0,0.1,319
368005520,0.19367088,0.21021464,0.0,1.4,79
368005670,0.081560284,0.08169082,0.0,0.5,423
368005750,0.105909094,0.16333172,0.0,1.0,220
368005840,0.12857142,0.048795003,0.1,0.2,7
368005850,0.0038461538,0.019240258,0.0,0.1,1014
368005880,0.89648646,2.1825433,0.0,12.0,1110
368005890,3.0119534,2.9736862,0.0,11.8,343
368005930,4.3809524,2.9136724,0.0,10.6,336
368005960,0.00077922083,0.008804331,0.0,0.1,385
368006000,0.03734291,0.06391352,0.0,0.6,1114
368006020,1.332061,3.1551487,0.0,12.1,1179
368006070,9.269091,9.106694,0.0,24.9,110
368006250,0.0046875,0.030376574,0.0,0.3,128
368006270,2.4323943,5.146238,0.0,24.3,142
368006280,6.3927083,6.7596364,0.0,23.3,96
368006290,6.3,6.731808,0.0,23.3,327
368006350,0.0,0.0,0.0,0.0,378
368006520,2.193371,2.8405797,0.0,8.5,528
368006590,6.451393,3.699829,0.0,11.5,646
368006610,1.8983299,2.8919446,0.0,7.9,479
368006670,1.4880788,2.8574352,0.0,10.7,1015
368006690,0.021574344,0.10000511,0.0,1.1,343
368006730,0.009407666,0.032634836,0.0,0.2,287
368006740,0.02013889,0.040173598,0.0,0.1,288
368006860,1.3955134,3.4111593,0.0,15.3,1159
368006870,3.927621,4.5617537,0.0,10.3,496
368006880,0.13333334,0.11748539,0.0,0.5,72
368006890,3.8362637,3.9120061,0.0,10.0,637
368006910,1.3000001,1.5983788,0.0,5.3,28
368007010,0.0,0.0,0.0,0.0,60
368007020,2.6246378,3.0563629,0.0,8.4,276
368007060,0.009375,0.029614458,0.0,0.1,32
368007110,0.020089285,0.16673598,0.0,2.3,224
368007120,0.0020979021,0.014348133,0.0,0.1,429
368007130,0.003649001,0.018758748,0.0,0.1,1151
368007170,0.001965602,0.0138986055,0.0,0.1,407
368007260,0.0447099,0.05313141,0.0,0.2,293
368007340,0.32044482,1.5601747,0.0,10.5,1169
368007370,0.04354986,0.18641359,0.0,2.2,1093
368007410,0.042,0.29698482,0.0,2.1,50
368007450,0.8044601,2.0779524,0.0,7.3,426
368007470,3.518102,3.1495314,0.0,9.8,569
368007530,0.0042253523,0.026385168,0.0,0.2,71
368007760,0.00026041668,0.005103104,0.0,0.1,384
368008020,0.17578125,0.42707324,0.0,6.0,256
368008070,0.047368422,0.06117753,0.0,0.2,19
368008130,0.3823741,0.9457937,0.0,3.7,278
368008390,4.6823206,0.9428686,0.2,7.4,905
368008410,0.0027777778,0.016666668,0.0,0.1,36
368008480,0.0056701032,0.023156907,0.0,0.1,388
368008580,0.16885965,1.0599105,0.0,8.9,1140
368008650,0.08666667,0.08193073,0.0,0.3,30
368008740,0.17963119,0.6177703,0.0,5.3,1193
368008750,0.0,0.0,0.0,0.0,22
368008780,0.1557971,0.6211619,0.0,3.8,138
368009000,0.8105042,2.217883,0.0,8.3,476
368009120,0.0038647344,0.019298624,0.0,0.1,414
368009250,5.9781733,4.275692,0.0,12.0,843
368009360,9.542381,9.373237,0.0,31.6,210
368009390,5.582857,1.6466517,0.8,7.7,35
368009420,0.8588138,2.0003095,0.0,10.2,607
368009460,0.6429594,1.7783296,0.0,8.2,419
368009540,0.0,0.0,0.0,0.0,7
368009570,4.284334,2.4624388,0.0,8.0,1149
368009780,3.3500888,3.9747083,0.0,13.3,1126
368009790,0.00071770337,0.01092647,0.0,0.2,418
368009820,0.21384977,0.53005725,0.0,5.3,426
368009850,1.375,0.8421203,0.7,2.6,4
368009880,4.972414,2.5352259,0.0,8.8,87
368009990,0.26781803,0.7920615,0.0,4.6,1187
368010090,3.5379844,2.6025288,0.0,6.7,516
368010170,3.554639,2.576659,0.0,7.5,97
368010270,0.091176465,0.42737228,0.0,2.5,34
368010320,0.6705227,1.9838469,0.0,10.3,1167
368010330,0.011637932,0.14216052,0.0,3.3,928
368010360,0.05038961,0.05595854,0.0,0.2,385
368010420,5.1921763,3.6258068,0.0,9.9,818
368010430,0.047441863,0.27608702,0.0,2.9,645
368010440,0.0031100481,0.018708732,0.0,0.2,418
368010460,3.0325074,3.331296,0.0,7.6,1009
368010480,1.7189419,2.8048542,0.0,13.0,1172
368010490,4.1517787,2.2154148,0.0,7.0,253
368010530,0.03112392,0.18138725,0.0,2.4,347
368010670,5.3127656,4.0483303,0.0,10.1,141
368010680,0.0019230769,0.013867505,0.0,0.1,52
368010940,3.2045047,2.6331816,0.0,7.9,222
368010950,1.3458853,2.5830607,0.0,12.7,1203
368010960,1.4324404,2.5657532,0.0,10.9,672
368011010,0.00025125628,0.005012547,0.0,0.1,398
368011450,1.2937944,2.1713543,0.0,11.4,1128
368011470,1.1994525,2.1453059,0.0,11.6,1096
368011730,4.1674113,4.568006,0.0,11.1,537
368011820,0.05,0.07071068,0.0,0.1,2
368011930,0.0012295082,0.011042594,0.0,0.1,244
368011980,0.043323442,0.049625915,0.0,0.1,337
368012040,5.301029,6.9285502,0.0,18.8,583
368012130,0.027423825,0.04590159,0.0,0.2,361
368012220,4.2832747,8.169442,0.0,26.8,1130
368012450,0.17407407,0.5892705,0.0,3.6,54
368012560,3.1728723,4.081852,0.0,10.3,1128
368012870,0.006382979,0.024482183,0.0,0.1,329
368012890,0.06872792,0.40364495,0.0,7.6,1132
368013040,3.6270237,4.370875,0.0,9.8,840
368013080,0.0005,0.0070622014,0.0,0.1,400
368013140,0.14867257,0.11129819,0.0,0.7,339
368013150,0.041853935,0.052174583,0.0,0.2,356
368013420,3.0,3.6308458,0.0,8.8,527
368013460,0.0004950495,0.0070272405,0.0,0.1,404
368013550,0.057228915,0.059011254,0.0,0.2,332
368013570,0.052238807,0.052919388,0.0,0.2,402
368013680,2.0964286,2.1925464,0.0,7.6,56
368013860,2.1359031,3.2946825,0.0,10.5,454
368014000,5.507707,4.9000382,0.0,13.6,506
368014240,0.07462686,0.13522516,0.0,0.5,67
368014250,0.054969747,0.6297854,0.0,13.7,1157
368014310,0.39277652,1.2660704,0.0,6.4,443
368014340,0.047314577,0.056719743,0.0,0.2,391
368014430,1.200996,2.1756177,0.0,8.5,502
368014440,2.9202816,3.2607553,0.0,9.3,355
368014720,2.116681,4.9559155,0.0,18.6,1157
368014750,0.0024590164,0.0155190835,0.0,0.1,244
368014850,2.3068516,3.0930164,0.0,10.8,613
368014910,2.4563987,3.0040193,0.0,8.4,672
368014950,0.00024630543,0.004962917,0.0,0.1,406
368015120,0.00026385224,0.005136655,0.0,0.1,379
368015430,0.0,0.0,0.0,0.0,148
368015480,7.0849886,4.359528,0.0,11.3,866
368015490,0.011886304,0.04088791,0.0,0.4,387
368015740,0.85576403,2.612684,0.0,18.8,1119
368015780,0.002967359,0.016993754,0.0,0.1,337
368015870,0.00023752969,0.004873702,0.0,0.1,421
368015920,0.02647059,0.063582525,0.0,0.5,374
368016260,0.2193324,0.84517413,0.0,4.3,719
368016510,0.0048076925,0.023561487,0.0,0.2,416
368016710,4.0385966,2.9046612,0.0,13.4,456
368016750,0.0,,0.0,0.0,1
368016810,0.003946002,0.020518366,0.0,0.2,963
368016820,0.010752688,0.03732964,0.0,0.3,372
368016910,5.1653676,0.8773055,2.1,7.4,231
368016920,0.13969697,0.7674019,0.0,8.7,330
368017210,0.042592593,0.05484203,0.0,0.2,432
368017220,4.8810344,1.0333827,0.0,6.0,58
368017460,0.03561644,0.063900374,0.0,0.5,438
368017650,0.014285714,0.03779645,0.0,0.1,7
368017690,0.0011235955,0.010569993,0.0,0.1,178
368017750,0.9044674,1.315987,0.0,5.6,582
368017890,0.0,0.0,0.0,0.0,5
368018060,0.31690142,0.6205955,0.0,2.3,71
368018070,4.738021,9.05502,0.0,28.4,1152
368018190,0.8539519,2.4408412,0.0,10.8,1164
368018210,2.0369823,1.7666857,0.0,7.8,676
368018270,6.752459,2.778525,1.2,15.8,61
368018310,0.68385935,2.0210938,0.0,7.6,1109
368018340,0.9834646,2.8679023,0.0,24.1,254
368018680,0.010539846,0.03468513,0.0,0.3,389
368018870,0.062121212,0.2411566,0.0,2.8,396
368019060,0.00045871563,0.006762475,0.0,0.1,654
368019160,0.015777262,0.03712689,0.0,0.2,431
368019350,0.0697479,0.47897393,0.0,3.7,119
368019550,2.890566,3.0843923,0.0,8.1,318
368019620,6.384175,1.0762416,0.1,7.4,297
368019930,0.25269842,1.225815,0.0,13.2,945
368019950,0.03514151,0.0568352,0.0,0.3,424
368020080,0.0124223605,0.033034984,0.0,0.1,322
368020240,0.0772118,0.12780508,0.0,1.2,373
368020280,0.0011204482,0.010540428,0.0,0.1,357
368020390,2.822561,3.8141932,0.0,9.9,656
368020450,0.04,0.054772258,0.0,0.1,5
368020480,1.5398773,2.6780255,0.0,10.1,326
368020640,0.121044554,0.7034658,0.0,6.9,651
368020790,0.005,0.021862924,0.0,0.1,160
368020980,1.805983,3.5806723,0.0,11.6,585
368021000,0.0,0.0,0.0,0.0,11
368021030,1.9873494,2.0797777,0.0,6.1,166
368021110,0.008988764,0.028642328,0.0,0.1,356
368021310,1.0479058,2.266814,0.0,8.7,1146
368021320,0.0072164945,0.026010506,0.0,0.1,97
368021410,0.04979592,0.056266703,0.0,0.3,245
368021550,1.2118039,2.3506114,0.0,10.7,449
368021840,0.0010998308,0.010433866,0.0,0.1,1182
368021860,3.8022728,2.9095647,0.0,10.5,132
368021936,0.086538464,0.47030607,0.0,3.4,52
368021980,0.0077639753,0.13931955,0.0,2.5,322
368021990,0.0007751938,0.008804509,0.0,0.1,129
368022020,0.00032154343,0.00567048,0.0,0.1,311
368022550,0.048617512,0.07482343,0.0,0.6,434
368022610,0.00036630037,0.009566857,0.0,0.3,1092
368022770,6.6043477,8.193725,0.0,19.6,92
368023060,0.0625,0.07187953,0.0,0.2,16
368023090,0.040000003,0.049622532,0.0,0.2,360
368023230,0.005765921,0.023319826,0.0,0.1,1162
368023370,0.054360468,0.07311199,0.0,0.4,344
368023390,0.22697674,0.13438168,0.0,0.7,430
368023440,4.4871955,4.253988,0.0,11.8,328
368023450,7.48,2.0664668,1.7,8.6,15
368023480,0.023057643,0.043348238,0.0,0.2,399
368023510,8.641346,13.520974,0.0,37.0,208
368023560,0.9745353,2.2556698,0.0,7.4,538
368023610,0.0,0.0,0.0,0.0,72
368023770,9.838553,5.4726415,0.0,14.7,843
368023840,0.0,,0.0,0.0,1
368024030,0.0,0.0,0.0,0.0,63
368024060,0.021582734,0.043762717,0.0,0.3,278
368024090,0.025773196,0.04627443,0.0,0.2,97
368024380,2.659579,4.1237206,0.0,16.0,475
368024450,0.11759777,0.09815004,0.0,0.6,358
368024590,0.08171429,0.07762542,0.0,0.5,350
368024740,6.153,8.590785,0.0,23.3,800
368024770,0.006947891,0.026417332,0.0,0.2,403
368024780,1.9755365,2.3554654,0.0,9.0,466
368024790,1.6346749,2.525364,0.0,8.3,646
368025020,10.759949,9.870924,0.0,27.8,392
368025040,0.0064000003,0.024524393,0.0,0.1,250
368025210,2.7,,2.7,2.7,1
368025250,0.006451613,0.024595363,0.0,0.1,434
368025390,4.3941875,2.3509138,0.0,8.0,843
368025630,0.026923077,0.044417065,0.0,0.1,364
368025880,0.074876845,0.044548318,0.0,0.2,406
368025950,6.3352327,3.809063,0.0,10.1,193
368026000,0.0,0.0,0.0,0.0,412
368026290,2.0944445,2.7034776,0.0,6.6,18
368026390,0.13367347,0.14064936,0.0,1.0,98
368026630,0.12631579,0.29219878,0.0,1.1,19
368026720,0.03373494,0.04933644,0.0,0.2,415
368026770,7.258333,0.5539712,5.8,8.4,24
368026840,0.08571429,0.123619795,0.0,0.6,371
368026910,0.0,0.0,0.0,0.0,269
368026950,10.108411,8.5511465,0.0,25.6,107
368027050,0.0018957346,0.013653623,0.0,0.1,422
368027120,2.8528218,4.1610465,0.0,11.3,443
368027190,0.0,0.0,0.0,0.0,746
368027210,0.89890414,2.195918,0.0,7.5,730
368027230,4.375993,6.7669563,0.0,18.7,1158
368027510,0.0053097345,0.022455906,0.0,0.1,339
368027650,0.0024390244,0.015617376,0.0,0.1,41
368027780,0.71766466,2.9341886,0.0,17.0,668
368027840,0.0,0.0,0.0,0.0,427
368027850,0.08413567,0.106420234,0.0,0.7,914
368027980,0.00027985076,0.0052851504,0.0,0.1,1072
368028510,0.32238808,1.2561058,0.0,6.0,402
368028720,3.660626,4.7987227,0.0,14.1,607
368028750,0.0,0.0,0.0,0.0,422
368028770,0.0065902583,0.047791526,0.0,0.6,349
368028850,0.0,0.0,0.0,0.0,109
368028880,0.0,0.0,0.0,0.0,362
368028980,0.010412927,0.030556533,0.0,0.1,1114
368029020,0.0,0.0,0.0,0.0,12
368029080,0.30641398,0.1865812,0.0,0.9,343
368029230,0.03502994,0.05425304,0.0,0.4,334
368029450,0.96472543,2.2134259,0.0,9.2,601
368029490,2.448514,2.956408,0.0,9.2,1144
368029570,0.05,0.061834697,0.0,0.2,18
368029730,0.00960961,0.17535892,0.0,3.2,333
368029910,0.20714286,0.10716118,0.0,0.3,14
368030220,0.008521304,0.027954899,0.0,0.1,399
368030310,0.17340067,0.5379511,0.0,5.2,297
368030490,4.437705,2.442824,0.7,7.9,61
368030710,0.7,1.3791301,0.1,5.6,21
368030730,0.003041825,0.019297445,0.0,0.2,263
368030870,0.05053764,0.05238581,0.0,0.2,93
368031000,3.3297944,4.5678735,0.0,11.2,292
368031180,1.5236841,2.2390368,0.0,7.7,266
368031260,5.5622315,3.1637137,0.0,10.1,233
368031310,0.0,,0.0,0.0,1
368031490,0.01632653,0.037014753,0.0,0.1,343
368031660,0.13661593,1.025662,0.0,8.7,1117
368031980,0.08571429,0.100256085,0.0,0.7,196
368032000,0.0,0.0,0.0,0.0,1122
368032120,2.6738517,3.3747509,0.0,8.1,566
368032330,0.0014705883,0.012052062,0.0,0.1,408
368032340,4.05,1.0606604,3.3,4.8,2
368032410,0.0,0.0,0.0,0.0,295
368032420,0.16052632,2.1351287,0.0,34.6,266
368032610,0.0006932409,0.011759568,0.0,0.2,1154
368032620,0.7681458,1.7396632,0.0,7.4,631
368032780,2.0951965,3.6490355,0.0,14.3,229
368033000,0.0,0.0,0.0,0.0,3
368033070,0.011864407,0.0326145,0.0,0.1,59
368033090,0.025526315,0.085373536,0.0,1.0,380
368033280,0.0,0.0,0.0,0.0,318
368033330,8.747297,11.599475,0.0,35.4,148
368033530,0.6438202,1.4570816,0.0,7.4,1157
368033540,2.3457627,2.767721,0.0,11.5,354
368033680,0.017840376,0.04128561,0.0,0.3,426
368033710,3.5260043,2.8053331,0.0,8.1,473
368033720,0.05,0.1,0.0,0.2,4
368033750,0.15916231,0.12593932,0.0,0.6,382
368033820,0.64381444,1.6855222,0.0,7.1,1164
368033840,0.25979382,1.0357406,0.0,8.5,1164
368034540,0.90275234,2.10662,0.0,7.8,654
368034730,0.009111618,0.14868951,0.0,3.1,439
368034790,0.0034999999,0.05142335,0.0,1.0,400
368034910,4.8844156,1.2996017,0.0,6.3,77
368034930,0.0,0.0,0.0,0.0,642
368034940,0.39716062,1.3419092,0.0,9.4,1127
368034950,3.140244,4.096938,0.0,10.1,82
368035110,0.0004796163,0.006917105,0.0,0.1,417
368035140,3.535128,4.455974,0.0,9.8,390
368035410,0.03493976,0.05653808,0.0,0.4,415
368035660,0.04701692,0.091518715,0.0,0.9,1123
368035730,2.6169064,2.2448182,0.0,7.1,556
368035830,0.06397059,0.07205246,0.0,0.7,272
368035840,0.0012135922,0.010962578,0.0,0.1,412
368036250,0.0575804,0.05098684,0.0,0.2,653
368036290,0.0027777778,0.01654888,0.0,0.1,72
368036520,4.4200544,0.717354,0.9,6.4,369
368036590,0.0041237115,0.01990949,0.0,0.1,388
368036740,0.01318408,0.03387392,0.0,0.1,402
368036960,1.5702946,2.355274,0.0,11.7,1222
368037080,2.1505494,3.6079993,0.0,9.1,455
368037320,0.0,0.0,0.0,0.0,394
368037340,0.0010416667,0.012472773,0.0,0.2,384
368037460,0.031329114,0.047135126,0.0,0.2,316
368037590,0.0,0.0,0.0,0.0,343
368037610,4.527703,8.448345,0.0,24.5,888
368037690,0.0,0.0,0.0,0.0,257
368037750,0.025868727,0.045329902,0.0,0.2,1036
368037930,0.0,0.0,0.0,0.0,48
368038000,0.06116505,0.053551275,0.0,0.3,412
368038040,1.4314729,1.9517516,0.0,7.3,645
368038080,7.853373,11.231129,0.0,28.3,845
368038090,1.233054,2.809811,0.0,9.8,1074
368038120,0.00050251256,0.0070798784,0.0,0.1,398
368038210,0.06981567,0.10653676,0.0,1.0,434
368038220,0.14698796,0.19613443,0.0,1.2,249
368038310,0.0039999997,0.06967793,0.0,1.3,350
368038550,0.09966102,0.13565119,0.0,0.9,295
368039060,3.168574,2.9737759,0.0,8.5,996
368039070,3.9299998,3.4541602,0.0,8.1,10
368039120,0.021921184,0.05386085,0.0,0.3,406
368039230,0.0,0.0,0.0,0.0,46
368039240,3.12481,3.6398752,0.0,13.9,1185
368039460,0.0026455026,0.041756988,0.0,0.8,378
368039710,0.016666668,0.04082483,0.0,0.1,6
368039730,0.90687555,2.3172688,0.0,11.8,1149
368039740,5.0,,5.0,5.0,1
368039750,1.8918804,2.8843837,0.0,12.5,1170
368039870,0.0023809525,0.015263716,0.0,0.1,420
368039980,0.061424334,0.054822385,0.0,0.3,1011
368039990,0.037758112,0.06654394,0.0,0.5,339
368040050,0.9815385,1.9237931,0.0,7.3,455
368040150,1.4944162,3.4425488,0.0,11.4,197
368040320,0.01607143,0.03945764,0.0,0.3,392
368040370,0.0,0.0,0.0,0.0,7
368040430,1.691784,1.936902,0.0,8.4,852
368040620,0.030167598,0.07803953,0.0,0.6,358
368040680,0.015646258,0.046297275,0.0,0.4,294
368040690,1.52,1.3274034,0.1,3.3,5
368040960,0.21129893,1.0555904,0.0,13.0,1124
368040980,0.0006993007,0.008342859,0.0,0.1,429
368041030,0.0,0.0,0.0,0.0,396
368041110,5.0,,5.0,5.0,1
368041480,2.793628,4.0901804,0.0,11.3,1177
368041650,0.0005102041,0.007133717,0.0,0.1,392
368041830,1.7387655,3.7825117,0.0,17.1,810
368041930,0.21647726,0.96511203,0.0,5.6,176
368042000,0.0,0.0,0.0,0.0,243
368042130,0.0,0.0,0.0,0.0,32
368042170,1.6085312,3.137162,0.0,9.3,1137
368042260,3.3240385,3.215904,0.0,7.8,104
368042470,0.2383751,0.9776553,0.0,7.3,1157
368042620,0.9530488,1.8454813,0.0,6.2,328
368042770,0.0,0.0,0.0,0.0,428
368042970,1.8260019,5.998247,0.0,27.8,1123
368042990,6.506175,8.727705,0.0,28.4,1166
368043070,0.048804253,0.057124395,0.0,0.3,1129
368043150,1.0605096,1.408067,0.0,6.4,314
368043470,2.3961105,3.6013238,0.0,11.4,977
368043490,2.9620926,3.668593,0.0,12.9,736
368043510,1.716686,3.055268,0.0,14.0,863
368043520,1.4965812,3.159345,0.0,12.0,1170
368043680,0.0007092199,0.008401539,0.0,0.1,423
368043840,1.344,2.723827,0.0,7.8,25
368044000,0.035516374,0.054800354,0.0,0.3,397
368044210,0.001758794,0.013161356,0.0,0.1,398
368044430,1.654356,2.2522154,0.0,8.5,1056
368044440,0.6570652,1.5805378,0.0,7.0,736
368044460,0.003180212,0.02281523,0.0,0.4,849
368044470,1.8986076,2.8104117,0.0,8.2,790
368044630,0.0,0.0,0.0,0.0,222
368045260,0.05666667,0.052748334,0.0,0.3,1110
368045330,1.7968587,2.7840548,0.0,7.8,382
368045340,0.9729508,1.6101911,0.0,8.2,610
368045360,5.3194118,4.330548,0.0,11.3,170
368045380,0.70941275,1.9113787,0.0,8.6,1158
368045480,0.0,0.0,0.0,0.0,343
368045490,0.0023622047,0.015206821,0.0,0.1,381
368045640,0.0,0.0,0.0,0.0,122
368045710,0.0062445034,0.054753482,0.0,0.8,1137
368045740,0.0022988506,0.023090182,0.0,0.3,261
368045890,0.06582279,0.08042257,0.0,0.4,158
368046030,0.0042253523,0.020259881,0.0,0.1,71
368046120,1.3260946,2.190306,0.0,8.2,571
368046190,0.00023752969,0.004873702,0.0,0.1,421
368046210,1.1453816,1.7808537,0.0,6.8,249
368046220,0.009198113,0.0422233,0.0,0.4,424
368046350,0.0,0.0,0.0,0.0,367
368046360,0.0,0.0,0.0,0.0,163
368046490,0.005982906,0.023818996,0.0,0.1,117
368046620,0.018947368,0.14890227,0.0,1.9,475
368046670,1.8571023,3.2588964,0.0,46.1,352
368046840,0.72530866,1.0840063,0.0,7.2,162
368046870,3.3860607,1.617191,0.0,8.5,330
368047160,1.7440529,3.1649568,0.0,9.2,454
368047220,1.2301288,2.4453251,0.0,13.1,1165
368047270,0.017266188,0.03793216,0.0,0.1,139
368047580,0.00086206896,0.009248647,0.0,0.1,1160
368047610,2.3766615,2.824335,0.0,8.5,647
368047740,0.051063832,0.08620915,0.0,0.5,188
368047780,0.0,,0.0,0.0,1
368048110,0.029353235,0.06343516,0.0,0.7,402
368048120,0.48944154,1.6361159,0.0,10.3,1146
368048150,0.0,0.0,0.0,0.0,367
368048170,2.556842,2.9574878,0.0,8.6,95
368048220,0.0,0.0,0.0,0.0,389
368048380,0.0042253523,0.020145094,0.0,0.1,355
368048530,0.0,0.0,0.0,0.0,153
368048590,0.0,0.0,0.0,0.0,16
368048660,0.0067753005,0.025142942,0.0,0.1,1166
368048670,0.02759644,0.047351055,0.0,0.2,337
368048990,4.432702,1.8753915,0.0,9.9,1003
368049350,0.018548388,0.038921308,0.0,0.1,372
368049430,0.0,0.0,0.0,0.0,415
368049530,5.9114943,6.8002124,0.0,30.9,87
368049560,5.236842,2.253936,0.1,7.4,38
368049730,0.000754717,0.008670975,0.0,0.1,265
368049750,3.5854547,2.3604257,0.0,6.2,495
368050130,0.0034453059,0.018246843,0.0,0.1,1161
368050180,0.0010714286,0.010313816,0.0,0.1,280
368050190,0.021122996,0.040872797,0.0,0.1,374
368050540,0.012093024,0.03408059,0.0,0.2,215
368050840,0.016923077,0.038366456,0.0,0.2,325
368051000,0.046869565,0.1691728,0.0,2.4,1150
368051020,0.004857143,0.022820016,0.0,0.2,350
368051040,0.0013513514,0.011572043,0.0,0.1,222
368051050,2.1234567,3.5019324,0.0,11.9,567
368051060,1.2372917,3.1066642,0.0,11.2,480
368051130,0.011375662,0.0455175,0.0,0.6,378
368051230,10.141402,10.839044,0.0,32.7,884
368051270,2.5062892,1.5540819,0.0,5.6,477
368051280,0.008611112,0.02809185,0.0,0.1,360
368051640,0.015384615,0.036360905,0.0,0.1,65
368051760,0.3818182,0.24826673,0.1,0.8,11
368051990,0.0,0.0,0.0,0.0,334
368052010,0.029466357,0.04714592,0.0,0.2,431
368052150,0.005147059,0.022122685,0.0,0.1,408
368052440,0.1665127,0.6149835,0.0,4.1,433
368052510,0.0,0.0,0.0,0.0,400
368052540,0.0,0.0,0.0,0.0,1117
368052550,1.5948718,3.1090944,0.0,11.6,78
368052580,1.396373,2.1086242,0.0,10.0,1158
368052630,0.033333335,0.05773503,0.0,0.1,3
368052650,0.0019002375,0.013669553,0.0,0.1,421
368052660,0.8765781,2.134605,0.0,6.5,602
368052740,0.0020057305,0.014039762,0.0,0.1,349
368052910,1.938251,3.0202255,0.0,8.6,1132
368053040,7.342,0.6969584,5.9,8.7,50
368053110,0.018134715,0.0442266,0.0,0.4,386
368053140,0.018980172,0.04715885,0.0,0.4,353
368053310,0.0798995,0.09935809,0.0,0.7,398
368053330,0.075,0.06222981,0.0,0.3,52
368053340,6.670629,7.750255,0.0,19.0,143
368053640,0.0,0.0,0.0,0.0,339
368053680,0.38351145,1.2528877,0.0,9.2,655
368053730,10.786486,14.604027,0.0,36.1,777
368053750,4.0362115,1.6043926,0.0,7.9,1135
368053880,0.8519774,0.9942175,0.0,11.8,708
368054020,0.14716089,0.8041165,0.0,6.8,634
368054130,2.2553134,3.0896032,0.0,9.5,367
368054210,0.014393941,0.035147235,0.0,0.1,396
368054240,4.8666663,0.5933595,3.0,6.0,54
368054570,4.132534,2.3702605,0.0,9.3,1168
368054630,0.0063380282,0.024393216,0.0,0.1,426
368054660,1.2977746,2.9353323,0.0,10.6,674
368054720,0.024137931,0.04354942,0.0,0.1,29
368054840,0.0,0.0,0.0,0.0,304
368055000,6.7674074,0.46341202,5.4,8.0,135
368055190,3.7679067,2.8179111,0.0,7.8,1156
368055440,6.7599998,4.9757333,0.0,12.3,130
368055470,1.1197081,2.6058712,0.0,8.6,137
368055550,0.2540609,0.83287424,0.0,7.3,1182
368055646,1.6322834,3.9197218,0.0,14.7,1143
368055920,1.1911588,2.5644207,0.0,11.7,1165
368056080,0.0022332508,0.014794621,0.0,0.1,403
368056120,4.582426,4.665417,0.0,12.6,404
368056310,0.68149745,1.6516774,0.0,8.9,1162
368056450,0.01832061,0.041283354,0.0,0.2,393
368056740,1.10956,2.690039,0.0,13.3,1182
368056750,2.0174263,3.5348697,0.0,12.0,1119
368056830,0.002617801,0.016008403,0.0,0.1,191
368056920,1.2697467,2.275737,0.0,11.3,671
368057030,0.0009478673,0.009701097,0.0,0.1,422
368057320,0.028272253,0.045669693,0.0,0.2,382
368057340,0.05639535,0.5096525,0.0,6.2,1032
368058010,0.032907348,0.060739417,0.0,0.7,313
368058090,0.016666668,0.04082483,0.0,0.1,6
368058110,1.1582205,2.448468,0.0,10.2,517
368058130,0.015254238,0.036263213,0.0,0.1,59
368058250,0.0012195122,0.01098902,0.0,0.1,410
368058330,0.028184282,0.04501005,0.0,0.1,1107
368058460,10.041176,6.334534,0.2,21.0,17
368058570,0.003529412,0.018506732,0.0,0.1,170
368058780,0.03661616,0.049786016,0.0,0.2,396
368058790,1.64195,2.1116312,0.0,6.4,441
368058970,0.05,0.07071068,0.0,0.1,2
368059340,5.2851853,2.3826337,0.0,8.4,135
368059360,0.0,0.0,0.0,0.0,424
368059390,0.0,0.0,0.0,0.0,106
368059440,6.9835696,4.58887,0.0,12.2,846
368059450,0.0016393443,0.012713201,0.0,0.1,427
368059470,2.9407582,2.7026267,0.0,7.5,633
368059490,4.078114,1.2955991,0.0,6.5,1156
368059520,0.0,0.0,0.0,0.0,1134
368059525,0.0,,0.0,0.0,1
368060080,1.8107493,7.8092904,0.0,78.9,307
368060120,0.011389522,0.21025671,0.0,4.4,439
368060190,4.3866315,7.327131,0.0,22.1,1137
368060270,1.4044743,2.5623574,0.0,7.6,447
368060340,0.12974504,0.16408905,0.0,1.2,353
368060490,0.010684932,0.030934563,0.0,0.1,365
368060560,0.125,0.05,0.1,0.2,4
368060690,0.0020151134,0.0140694445,0.0,0.1,397
368060780,0.5092081,1.3663932,0.0,6.2,1086
368060930,0.5337662,1.6175444,0.0,10.2,1155
368060940,0.0005730659,0.0075592273,0.0,0.1,349
368061000,0.0,0.0,0.0,0.0,328
368061030,0.033333335,0.05773503,0.0,0.1,3
368061040,3.7,,3.7,3.7,1
368061080,0.004054054,0.05806078,0.0,1.1,370
368061350,0.4544028,1.8392049,0.0,12.8,1147
368061410,0.008806818,0.0347026,0.0,0.3,352
368061430,0.0007042254,0.008376974,0.0,0.1,284
368061520,0.0,0.0,0.0,0.0,10
368061640,0.0,0.0,0.0,0.0,351
368061720,0.0022549871,0.015426152,0.0,0.2,1153
368061740,6.3166666,2.0932732,0.0,8.4,54
368061780,1.8853211,5.1266994,0.0,21.0,436
368061880,0.011023622,0.033805646,0.0,0.2,254
368061910,1.249559,2.2990952,0.0,12.2,1134
368062050,0.0589404,0.05908665,0.0,0.2,302
368062140,0.55930233,0.91218907,0.0,3.9,86
368062270,2.8965516,2.964599,0.0,9.3,1131
368062640,0.8291702,1.8471135,0.0,7.9,1169
368062680,0.003187251,0.018684288,0.0,0.2,502
368062970,0.044444446,0.06253712,0.0,0.5,405
368062980,0.40670392,0.52559197,0.0,4.7,179
368063040,2.0333915,3.3514175,0.0,9.6,1147
368063121,0.0024570024,0.015500119,0.0,0.1,407
368063180,0.0018633541,0.013564889,0.0,0.1,161
368063310,0.4203316,1.5621719,0.0,9.7,1146
368063390,0.001344086,0.011530804,0.0,0.1,372
368063440,7.4512343,11.034339,0.0,29.8,648
368063470,3.646154,2.3771887,0.0,6.0,13
368063640,1.8497326,2.7044244,0.0,12.7,187
368063660,0.0,0.0,0.0,0.0,15
368063880,0.055248618,0.06478235,0.0,0.3,362
368063890,0.003076923,0.024634343,0.0,0.2,650
368063940,4.0769753,2.9867475,0.0,12.0,1025
368064030,0.0,0.0,0.0,0.0,134
368064120,0.068164796,0.090100214,0.0,0.4,267
368064130,4.1805134,2.7872384,0.0,7.6,1129
368064160,0.054947916,0.05668379,0.0,0.3,384
368064180,2.0306385,3.456152,0.0,9.7,470
368064550,0.0,0.0,0.0,0.0,1045
368064610,0.00030120483,0.005488213,0.0,0.1,332
368064650,0.02094532,0.05832094,0.0,0.8,1079
368064690,4.1935024,4.382451,0.0,11.8,631
368064870,0.012941177,0.045743164,0.0,0.3,85
368065000,0.00024875623,0.0049875467,0.0,0.1,402
368065210,1.8868572,1.4640471,0.0,7.6,525
368065260,0.0,0.0,0.0,0.0,133
368065290,0.0,0.0,0.0,0.0,19
368065310,4.4,3.0709684,0.0,8.9,261
368065320,5.631683,2.7123609,0.0,8.5,202
368065450,3.0079753,3.350382,0.0,9.5,163
368065830,0.40000004,0.209165,0.1,1.2,33
368065940,0.0,0.0,0.0,0.0,185
368065990,0.7176292,1.6038744,0.0,7.9,658
368066040,0.0016528926,0.012802807,0.0,0.1,121
368066130,0.1375,0.350255,0.0,1.0,8
368066140,3.7658165,2.8016188,0.0,8.8,588
368066260,0.048026316,0.102426276,0.0,0.7,304
368066330,0.012947659,0.04234644,0.0,0.4,363
368066440,0.0,0.0,0.0,0.0,198
368066450,0.0,0.0,0.0,0.0,365
368066760,0.006476684,0.03115976,0.0,0.4,386
368066770,4.2036963,3.4435303,0.0,8.5,514
368066810,0.002857143,0.016699672,0.0,0.1,210
368066840,0.7156442,1.965134,0.0,7.8,652
368066980,0.18285714,0.6735094,0.0,5.3,70
368067390,0.022560976,0.05574506,0.0,0.4,164
368067420,0.0,0.0,0.0,0.0,426
368067520,0.003211009,0.01890719,0.0,0.2,436
368067550,5.031111,1.5224643,0.0,7.7,90
368067690,0.8040724,2.0411398,0.0,10.8,663
368067740,5.5722976,2.730922,0.0,8.1,148
368067780,8.992806e-05,0.0029988007,0.0,0.1,1112
368067890,2.634735,4.1836348,0.0,12.7,642
368067930,0.00894597,0.13539948,0.0,3.5,1129
368068030,1.6809932,3.0487523,0.0,12.4,1168
368068070,0.20737705,0.15179367,0.0,0.9,366
368068440,0.0022123894,0.014741296,0.0,0.1,226
368068540,4.062873,3.5762172,0.0,8.5,536
368068550,0.0,0.0,0.0,0.0,28
368068570,3.681587,2.3227715,0.0,8.3,668
368068770,1.184476,2.1822927,0.0,29.7,773
368068820,0.7717833,1.7941189,0.0,5.5,443
368068980,0.048333336,0.20460103,0.0,1.5,60
368069230,0.030303031,0.0471622,0.0,0.2,198
368069440,3.8778698,3.4051993,0.0,10.9,723
368069520,0.0,,0.0,0.0,1
368069560,0.01598063,0.036687072,0.0,0.1,413
368069570,0.02437276,0.04301017,0.0,0.1,279
368069710,4.9470587,2.3717065,0.0,7.4,34
368069720,0.040366974,0.049289897,0.0,0.1,109
368069780,0.33333334,0.32145503,0.1,0.7,3
368070040,0.0031784843,0.017564166,0.0,0.1,409
368070310,1.0033512,1.9585166,0.0,5.9,746
368070360,0.043065697,0.04957717,0.0,0.1,411
368070380,3.9266548,6.2359514,0.0,33.1,574
368070420,1.2536232,1.7433729,0.0,7.6,1173
368070470,1.3928349,1.3017218,0.0,7.3,321
368070490,,,,,0
368070520,0.005779817,0.02334685,0.0,0.1,1090
368070570,1.7038461,2.53562,0.0,9.7,650
368070610,0.008215962,0.027493063,0.0,0.1,426
368070620,0.00816641,0.029573044,0.0,0.3,649
368070660,0.05970664,0.50511056,0.0,7.2,1159
368070750,0.014522822,0.045605652,0.0,0.4,241
368070780,0.047980998,0.15252466,0.0,1.5,421
368070870,2.1957264,2.3994393,0.0,8.3,117
368070920,2.7125475,3.5104105,0.0,11.0,1052
368071000,0.5416667,1.2619643,0.0,4.3,264
368071190,0.002144772,0.014506597,0.0,0.1,373
368071210,0.27333334,0.088371515,0.1,0.4,15
368071270,1.2156522,2.2030358,0.0,12.4,1150
368071410,2.5037885,2.8802793,0.0,7.3,1135
368071490,2.859836,2.6582372,0.0,7.7,122
368071660,6.390164,1.914987,0.0,8.0,122
368071770,0.005460751,0.024218101,0.0,0.2,293
368071880,0.00058139535,0.0076138056,0.0,0.1,344
368071980,4.2988353,5.401432,0.0,14.8,1116
368072000,0.022325583,0.048417244,0.0,0.3,430
368072040,3.6788793,3.206695,0.0,8.6,1160
368072050,5.0171742,4.247353,0.0,11.9,821
368072090,0.0,0.0,0.0,0.0,109
368072130,0.0,0.0,0.0,0.0,3
368072170,3.5782473,3.2577248,0.0,8.5,639
368072180,0.11448276,0.15957527,0.0,1.3,290
368072240,4.975281,4.1585298,0.0,13.0,712
368072250,2.8574305,2.0818892,0.0,5.8,646
368072280,0.00023752969,0.004873702,0.0,0.1,421
368072390,0.02255814,0.05528452,0.0,0.3,430
368072490,0.060749996,0.2910261,0.0,3.8,400
368072590,4.3784313,3.6968338,0.0,10.5,255
368072650,0.011764706,0.033210557,0.0,0.1,17
368072680,0.040625002,0.049899094,0.0,0.1,32
368072710,0.004371585,0.021771256,0.0,0.2,366
368072830,4.279666,1.4250175,0.0,5.8,359
368072910,0.0428125,0.07045461,0.0,0.5,320
368072930,0.049885586,0.11386148,0.0,0.7,437
368073020,0.20199203,0.1812071,0.0,0.9,251
368073060,0.0,0.0,0.0,0.0,375
368073270,0.7,,0.7,0.7,1
368073280,1.0517153,2.3100028,0.0,7.0,1166
368073320,4.7272205,1.7811887,0.0,7.2,1047
368073340,0.06482759,0.09984835,0.0,0.6,290
368073410,0.05952381,0.068835594,0.0,0.7,294
368073490,0.00995671,0.034774564,0.0,0.4,1155
368073550,1.2573713,5.188011,0.0,26.9,1126
368073570,0.002027027,0.014116199,0.0,0.1,296
368073630,0.0017142858,0.012998945,0.0,0.1,350
368073670,0.23409961,1.0206078,0.0,5.5,261
368073680,0.04814815,0.057981234,0.0,0.2,27
368073760,0.057037037,0.09244271,0.0,0.6,405
368074070,0.41439688,0.3562132,0.0,3.4,514
368074170,1.0454887,1.592574,0.0,5.7,1064
368074180,5.285096,4.513278,0.0,11.1,208
368074910,0.00054495916,0.007372043,0.0,0.1,367
368074920,1.7145251,2.4539835,0.0,6.7,179
368075150,3.7596002,3.5965383,0.0,8.4,1151
368075180,2.3937852,2.8066802,0.0,7.4,1062
368075390,4.458637,6.159649,0.0,18.6,1042
368075450,5.8677278,2.883557,0.0,10.3,1162
368075680,4.611765,0.6812487,3.6,6.4,34
368075880,0.1,,0.1,0.1,1
368076080,0.20609139,0.2186775,0.0,1.2,197
368076090,0.0,0.0,0.0,0.0,50
368076250,0.052747253,0.06025992,0.0,0.2,91
368076280,3.4691782,3.259756,0.0,8.3,146
368076430,0.0052109184,0.022252345,0.0,0.1,403
368076460,1.8001524,3.1874156,0.0,10.6,656
368076480,1.6669463,2.5377614,0.0,8.3,596
368076520,0.0007490637,0.008638563,0.0,0.1,267
368076590,0.0,0.0,0.0,0.0,351
368076620,0.0072164945,0.025909495,0.0,0.1,388
368076640,0.3408377,1.1527537,0.0,6.0,764
368076650,3.2103448,2.6748137,0.0,7.9,58
368076750,0.00025817557,0.0050767194,0.0,0.1,1162
368076810,0.029156012,0.047706947,0.0,0.2,391
368076830,0.96315783,1.1875328,0.1,4.4,19
368076940,0.275,0.15,0.1,0.4,4
368076960,3.8523023,1.7284654,0.0,6.8,1151
368076970,0.003618421,0.018705618,0.0,0.1,304
368077050,0.0,0.0,0.0,0.0,17
368077130,0.055131968,0.058498845,0.0,0.4,341
368077170,0.0038265307,0.032940317,0.0,0.4,392
368077270,6.9526315,1.087583,3.8,10.7,532
368077290,0.023899915,0.20314448,0.0,3.9,1159
368077320,0.96180046,2.0166807,0.0,8.0,411
368077370,6.63375,1.948186,0.0,8.0,80
368077410,0.0046116505,0.022127582,0.0,0.2,412
368077480,0.05406504,0.053105015,0.0,0.2,246
368077490,0.0043478264,0.02354671,0.0,0.2,437
368077530,0.017905919,0.03836931,0.0,0.1,659
368077540,1.8205556,2.347082,0.0,9.0,180
368077670,0.0,0.0,0.0,0.0,418
368077740,0.0,0.0,0.0,0.0,9
368077820,4.31,2.6007893,0.0,7.7,20
368077830,1.025219,2.1503835,0.0,9.3,1142
368077920,0.2621239,0.9409204,0.0,8.0,1130
368077970,4.447913,1.5226374,0.0,9.0,1150
368078120,0.0011764705,0.010795239,0.0,0.1,425
368078150,4.609322,4.5703425,0.0,22.5,118
368078260,0.001793722,0.016341308,0.0,0.2,223
368078410,0.036392406,0.054959938,0.0,0.3,316
368078470,0.000982801,0.009876938,0.0,0.1,407
368078510,0.3068182,1.129702,0.0,4.9,1144
368078540,0.056692917,0.05774491,0.0,0.2,254
368078580,0.0014669928,0.0120375035,0.0,0.1,409
368078640,0.41500002,1.1379923,0.0,4.1,20
368078650,0.006553398,0.025739942,0.0,0.2,412
368078670,5.738889,0.832529,4.4,6.7,18
368078680,0.0032934132,0.035782848,0.0,0.6,334
368078690,0.35051903,1.0859787,0.0,5.7,578
368078850,0.012629759,0.13262454,0.0,2.8,1156
368078960,3.6210716,1.455851,0.0,7.7,1120
368078970,0.001807229,0.013361598,0.0,0.1,166
368079130,0.8324655,0.87032866,0.0,7.7,653
368079240,0.0,,0.0,0.0,1
368079520,0.01638418,0.03782215,0.0,0.2,354
368079550,0.0006472492,0.008032109,0.0,0.1,309
368079660,5.916374,2.5535836,0.0,9.5,171
368079770,0.0,0.0,0.0,0.0,242
368079780,0.00074626866,0.008617114,0.0,0.1,402
368079940,0.0024,0.015325349,0.0,0.1,375
368080040,0.29060054,0.14585155,0.0,1.0,383
368080120,0.0,0.0,0.0,0.0,45
368080520,,,,,0
368080560,0.0,0.0,0.0,0.0,69
368080680,0.01626506,0.059598878,0.0,0.4,166
368080950,3.4455128,2.806077,0.0,7.4,1092
368081160,4.4350505,7.566275,0.0,30.8,796
368081170,0.5981115,1.7090868,0.0,7.3,1112
368081240,0.0017156863,0.013001514,0.0,0.1,408
368081960,0.0,0.0,0.0,0.0,428
368081970,0.00071942445,0.008481889,0.0,0.1,139
368082000,0.0015044248,0.012178278,0.0,0.1,1130
368082070,0.00024875623,0.0049875467,0.0,0.1,402
368082290,6.1177773,4.9234037,0.0,14.6,90
368082340,0.007602862,0.027183117,0.0,0.2,1118
368082370,0.01347032,0.034842737,0.0,0.2,438
368082410,0.08262548,0.15862557,0.0,1.7,259
368082810,8.224648,9.271616,0.0,30.5,142
368082970,3.3008475,5.16577,0.0,12.2,472
368083030,1.6032656,1.9870157,0.0,7.1,1133
368083040,0.0002624672,0.005123155,0.0,0.1,381
368083410,2.587884,4.172938,0.0,12.2,586
368083440,0.0249577,0.18585397,0.0,3.0,1182
368083460,0.023619633,0.04534072,0.0,0.2,326
368083470,0.00017777778,0.004214494,0.0,0.1,1125
368083540,0.35723138,1.5480467,0.0,21.7,484
368083560,0.9845279,2.1669524,0.0,7.6,879
368083620,0.5589499,0.5389027,0.0,5.3,419
368083770,0.006852792,0.026283707,0.0,0.2,394
368083790,2.844397,3.2706387,0.0,8.4,1169
368083910,1.8065342,3.2867665,0.0,9.9,352
368084040,2.508735,1.3220929,0.0,4.2,332
368084090,1.4805529,2.86719,0.0,9.4,1013
368084140,2.176497,2.6305497,0.0,11.5,668
368084220,0.0,0.0,0.0,0.0,2
368084230,0.0,0.0,0.0,0.0,200
368084350,0.0,0.0,0.0,0.0,105
368084430,0.47417104,1.6596404,0.0,11.6,1146
368084470,1.2317876,2.1657345,0.0,10.9,1186
368084540,1.316975,2.3243325,0.0,10.5,919
368084630,0.0052757794,0.023431227,0.0,0.2,417
368084770,4.461147,1.9056479,0.0,6.8,157
368085190,0.057254564,0.42518222,0.0,5.1,1151
368085240,0.016666668,0.04082483,0.0,0.1,6
368085270,0.014249364,0.03500013,0.0,0.1,393
368085340,0.0029972752,0.017074492,0.0,0.1,367
368085410,0.52584267,0.53672576,0.0,2.5,89
368085570,0.0,0.0,0.0,0.0,227
368085710,0.026233768,0.04800822,0.0,0.2,385
368085730,0.3272727,0.8350545,0.0,2.7,22
368085790,0.13864611,0.81403166,0.0,7.0,1167
368085810,5.372685,7.505886,0.0,20.3,432
368085860,1.9762287,2.5121686,0.0,6.7,1119
368085960,0.008,0.027688747,0.0,0.1,25
368086310,4.209804,1.4331652,0.0,6.5,102
368086460,0.0,0.0,0.0,0.0,191
368086610,0.0,0.0,0.0,0.0,376
368086620,0.0,0.0,0.0,0.0,350
368086730,0.0010471204,0.010205926,0.0,0.1,191
368086810,6.357317,3.1427405,0.3,10.0,164
368086820,0.015270936,0.045686,0.0,0.5,406
368086830,0.0029761905,0.017018324,0.0,0.1,336
368086920,0.02549575,0.04678706,0.0,0.2,353
368087000,0.09423077,0.49991825,0.0,4.4,208
368087050,0.16461538,0.16339144,0.0,0.9,260
368087070,0.0014184398,0.029173,0.0,0.6,423
368087080,1.1739558,2.2020643,0.0,11.6,814
368087690,0.7,0.0,0.7,0.7,196
368087950,0.0034313726,0.018225726,0.0,0.1,408
368088000,0.0002283105,0.004778185,0.0,0.1,438
368088160,0.0063492064,0.024481934,0.0,0.1,126
368088240,0.00022883296,0.004783649,0.0,0.1,437
368088250,0.0,0.0,0.0,0.0,77
368088330,0.65476394,1.8307947,0.0,13.2,1165
368088480,0.007636363,0.027944395,0.0,0.2,275
368088590,14.079872,14.964802,0.0,35.6,939
368088610,12.214814,14.895284,0.0,35.9,864
368088660,0.04361446,0.050614063,0.0,0.2,415
368088820,0.042619046,0.2164319,0.0,1.9,420
368088860,0.00033222593,0.005763904,0.0,0.1,301
368089050,0.0016901409,0.012908404,0.0,0.1,355
368089370,7.6182795,8.850607,0.0,24.0,93
368089380,0.010638298,0.0308738,0.0,0.1,376
368089540,0.03317757,0.060298137,0.0,0.3,214
368089850,0.008074535,0.027286768,0.0,0.1,322
368089950,0.00086956524,0.009325048,0.0,0.1,115
368090410,4.944275,2.4090905,0.0,8.3,131
368090520,0.005,0.029617444,0.0,0.4,400
368090690,0.0,0.0,0.0,0.0,18
368090720,4.5811405,2.5222425,0.0,9.8,1140
368090790,1.4161291,2.2314587,0.0,10.3,62
368090830,0.31742224,0.7230192,0.0,7.0,1125
368090840,1.3087479,2.0296113,0.0,6.6,583
368090850,5.6855564,1.3114276,0.0,8.7,1177
368090890,0.0,0.0,0.0,0.0,408
368090950,0.019491525,0.040755577,0.0,0.2,236
368090980,3.2704546,2.4071722,0.0,7.2,440
368091250,0.0,0.0,0.0,0.0,1135
368091280,0.013978495,0.1209897,0.0,2.4,1116
368091590,0.9200168,2.3161132,0.0,10.2,1189
368091960,9.368293,9.737212,0.0,30.1,287
368092080,0.0010471204,0.010205926,0.0,0.1,191
368092290,5.6258454,4.392431,0.0,14.9,414
368092350,0.0,0.0,0.0,0.0,4
368092360,0.0051020407,0.022032058,0.0,0.1,392
368092450,0.006153846,0.029983971,0.0,0.2,65
368092490,0.34914425,0.32161587,0.0,1.9,409
368092650,0.09263432,0.38058633,0.0,3.3,1154
368092660,0.0654321,0.06336426,0.0,0.4,162
368092790,0.69035316,1.6881667,0.0,7.2,1161
368092820,0.043838862,0.053366058,0.0,0.2,422
368092830,1.593582,2.5089653,0.0,8.2,1153
368092840,2.8643165,3.4627163,0.0,11.4,1163
368092860,0.37540984,1.4042279,0.0,7.2,1159
368092980,0.00040816327,0.0063887658,0.0,0.1,245
368093040,2.7693548,0.8530733,0.9,5.2,62
368093120,0.12344537,0.40879303,0.0,3.1,1190
368093210,0.00625,0.02803375,0.0,0.3,304
368093470,5.8516483,1.3670213,0.0,8.0,91
368093830,1.2800545,2.7796352,0.0,14.4,1103
368093970,0.8377133,2.0662496,0.0,8.9,1172
368094090,0.019545455,0.046126418,0.0,0.3,220
368094230,5.4304347,7.736059,0.0,19.9,460
368094360,0.05053764,0.06032018,0.0,0.3,372
368094410,0.2,,0.2,0.2,1
368094710,3.6018949,3.2012491,0.0,9.0,1161
368094920,1.0,1.7443169,0.0,6.5,213
368095060,0.008333334,0.028232986,0.0,0.1,24
368095350,0.0013761468,0.013491105,0.0,0.2,436
368095380,0.5044445,1.3145097,0.0,6.9,1170
368095530,0.0,0.0,0.0,0.0,399
368095720,0.1497449,0.7666648,0.0,5.4,392
368095910,2.1730769,1.8304713,0.0,5.1,156
368095930,0.0,0.0,0.0,0.0,8
368096150,0.0074626864,0.026344446,0.0,0.1,201
368096280,0.1,0.24494898,0.0,0.6,6
368096820,0.0,0.0,0.0,0.0,416
368097120,0.00819209,0.027463235,0.0,0.1,354
368097150,0.020879121,0.068150766,0.0,0.5,182
368097160,0.21295026,0.9404749,0.0,5.4,1166
368097190,0.55831224,1.565647,0.0,7.7,1185
368097290,0.120000005,0.18768829,0.0,1.1,120
368097460,0.026446281,0.044288065,0.0,0.1,121
368097520,1.8244635,2.9055955,0.0,8.2,1165
368097560,4.7891088,2.531472,0.0,8.8,909
368097570,1.0740669,1.9301676,0.0,5.0,509
368097590,1.3705727,1.7380372,0.0,4.9,1135
368097610,0.062612616,0.11375302,0.0,0.7,222
368097670,0.0,0.0,0.0,0.0,382
368097780,0.9865217,1.9728751,0.0,6.5,460
368097840,0.07446808,0.06610804,0.0,0.4,423
368098000,3.2457244,3.3149686,0.0,11.7,1146
368098090,0.0,0.0,0.0,0.0,371
368098110,3.4882352,2.7138262,0.0,7.0,17
368098220,0.7356061,1.6150595,0.0,6.1,132
368098250,3.7527559,4.1955347,0.0,19.7,127
368098450,0.014964371,0.062406585,0.0,0.9,421
368098720,0.044968553,0.08749853,0.0,0.5,318
368098730,0.0,0.0,0.0,0.0,202
368099010,0.30178216,1.3099667,0.0,8.8,1010
368099120,0.0036269429,0.018720243,0.0,0.1,386
368099290,0.016113743,0.1359696,0.0,2.3,1055
368099310,0.09153095,0.50612974,0.0,5.9,921
368099320,1.5778066,2.1046722,0.0,6.5,1158
368099430,8.470589,3.3966362,0.0,12.2,357
368099520,2.3631132,2.9688022,0.0,7.7,469
368099630,5.0180182,2.5260172,0.0,8.3,111
368099680,0.17280702,0.1603564,0.0,0.7,114
368099750,0.0013661202,0.011623894,0.0,0.1,366
368099770,0.08221154,0.4052914,0.0,4.3,416
368099840,0.029931974,0.2356614,0.0,2.2,147
368099990,0.0013828868,0.011683077,0.0,0.1,1157
368100000,,,,,0
368100090,0.00420712,0.020107726,0.0,0.1,309
368100180,0.0015424165,0.012339124,0.0,0.1,389
368100220,0.047804877,0.0524002,0.0,0.2,410
368100230,6.2880282,2.0097284,0.0,8.8,284
368100360,0.17785978,0.2715331,0.0,3.0,271
368100570,0.081818186,0.07507572,0.0,0.2,11
368100740,0.01632653,0.0693853,0.0,0.9,245
368100770,0.0,0.0,0.0,0.0,279
368100840,0.19210526,0.5906394,0.0,2.8,38
368100920,0.0,0.0,0.0,0.0,427
368100980,0.49375,0.81196773,0.0,2.1,16
368101000,0.37179732,0.99210185,0.0,9.0,1046
368101220,0.009608209,0.066040725,0.0,0.8,1072
368101240,0.0031428572,0.017472275,0.0,0.1,350
368101250,0.049122807,0.20749053,0.0,1.8,114
368101450,0.00093896716,0.009655771,0.0,0.1,426
368101520,0.8267913,1.5236567,0.0,6.1,321
368101820,0.0,0.0,0.0,0.0,404
368101960,0.004347826,0.020482361,0.0,0.1,115
368102010,0.0,0.0,0.0,0.0,156
368102160,0.2246988,0.2549656,0.0,2.2,332
368102180,3.5560749,2.855887,0.0,11.0,214
368102230,0.00040160643,0.0063372427,0.0,0.1,249
368102240,0.5090535,0.4422999,0.0,2.8,486
368102260,0.1,,0.1,0.1,1
368102290,0.22323233,0.64820445,0.0,2.6,99
368102310,0.09017544,0.5906277,0.0,5.6,1140
368102350,2.9596689,3.234182,0.0,12.0,1148
368102360,1.1779387,2.3657687,0.0,11.9,1174
368102370,0.21417323,1.0601401,0.0,11.5,1143
368102380,1.116281,2.4665186,0.0,13.2,1167
368102470,1.6483058,2.7183137,0.0,12.5,1151
368102530,8.02972,2.4551823,0.0,9.6,286
368102690,0.00026455027,0.005143445,0.0,0.1,378
368102710,0.0013404826,0.011515507,0.0,0.1,373
368102780,0.7295774,2.0198004,0.0,8.5,426
368102930,0.016666668,0.04082483,0.0,0.1,6
368102970,0.0,0.0,0.0,0.0,396
368103360,0.0008078995,0.008955962,0.0,0.1,1114
368103410,0.00025252526,0.0050251894,0.0,0.1,396
368103470,0.6960104,1.7404107,0.0,11.7,1153
368103510,4.1841073,4.719232,0.0,11.3,1120
368103530,0.018531783,0.13888443,0.0,2.1,1117
368103540,4.702016,2.1919146,0.0,10.0,248
368103550,0.16596858,0.5274581,0.0,3.9,1146
368103560,2.9521945,2.5853932,0.0,7.9,638
368103770,3.2192016,1.6915679,0.0,6.1,526
368104140,0.014319809,0.035745017,0.0,0.2,419
368104170,1.7918205,2.8666687,0.0,8.1,379
368104310,4.7618384,2.226174,0.0,8.7,1153
368104320,0.07980769,0.06324526,0.0,0.3,1040
368104350,0.0,0.0,0.0,0.0,126
368104380,0.08405797,0.09175285,0.0,0.5,69
368104390,0.6709364,1.5480726,0.0,5.5,1132
368104420,0.0076923077,0.02773501,0.0,0.1,13
368104520,0.2178733,0.25718164,0.0,2.0,442
368104540,0.91198623,2.1346347,0.0,9.2,584
368104610,0.0,0.0,0.0,0.0,25
368104830,0.0,0.0,0.0,0.0,15
368105000,9.21,1.113925,3.7,10.2,270
368105050,0.0044077137,0.020554984,0.0,0.1,363
368105110,2.285909,1.3785805,0.1,7.9,660
368105150,0.0,0.0,0.0,0.0,384
368105180,0.54431915,1.5591813,0.0,7.6,1153
368105260,0.62539965,1.9879668,0.0,8.7,1126
368105270,0.044827588,0.050612018,0.0,0.1,29
368105470,0.4913479,1.5999281,0.0,10.0,1098
368105530,0.0,0.0,0.0,0.0,327
368105620,1.7968343,2.6397028,0.0,7.9,537
368105650,0.0,0.0,0.0,0.0,275
368105720,0.0,0.0,0.0,0.0,233
368106020,0.6254386,1.7244262,0.0,8.6,1140
368106130,0.061305363,0.09244434,0.0,0.6,429
368106220,1.6565362,2.401189,0.0,11.4,1201
368106230,3.400405,3.1864614,0.0,13.0,247
368106340,1.8424437,2.9475083,0.0,8.2,311
368106360,0.0,0.0,0.0,0.0,99
368106370,0.44283265,1.4050145,0.0,7.0,1165
368106490,3.9090831,3.6062517,0.0,10.0,1189
368106730,1.1281536,2.258434,0.0,7.8,547
368106830,1.776175,3.2917843,0.0,11.5,617
368106960,0.0032581456,0.017776135,0.0,0.1,399
368107000,0.0018404908,0.017470937,0.0,0.2,163
368107220,0.000896861,0.009448921,0.0,0.1,223
368107530,3.1752687,3.135306,0.0,8.5,93
368107550,0.007079646,0.030453796,0.0,0.3,226
368107670,1.294307,2.5990536,0.0,9.1,404
368107760,0.18942308,0.98054993,0.0,8.7,416
368107910,2.652941,2.2294497,0.0,5.8,34
368107920,0.005882353,0.023883257,0.0,0.1,34
368107960,0.19751245,0.29390106,0.0,4.2,402
368108120,5.0183024,5.1555204,0.0,13.7,1131
368108170,0.0005050505,0.007097689,0.0,0.1,396
368109040,0.0,0.0,0.0,0.0,160
368109180,0.028205128,0.045588076,0.0,0.1,39
368109210,0.59534883,1.4316081,0.0,5.9,43
368109220,16.5,15.759771,0.0,38.2,153
368109430,1.1600001,1.2303568,0.0,3.4,10
368109530,0.26820654,0.8423912,0.0,3.8,1104
368109640,0.07859425,0.08927381,0.0,0.7,313
368109660,0.0015625,0.0125,0.0,0.1,64
368109920,0.0,0.0,0.0,0.0,379
368109970,0.0,0.0,0.0,0.0,318
368110050,4.5416665,3.4571292,0.0,7.7,12
368110070,2.4949284,3.605918,0.0,12.4,769
368110120,0.02,0.04472136,0.0,0.1,5
368110140,0.27867436,0.19972663,0.0,1.0,347
368110190,0.5946565,1.6132773,0.0,6.5,131
368110230,0.004672897,0.021122232,0.0,0.1,642
368110240,0.51324505,1.1960866,0.0,4.8,151
368110390,0.19014694,0.59794027,0.0,5.1,1157
368110410,0.83188975,1.474321,0.0,7.1,1016
368110430,0.6076705,2.1581736,0.0,11.0,1056
368110540,0.0023255814,0.015091,0.0,0.1,387
368110550,5.1210246,3.518309,0.0,45.0,937
368110560,6.769863,1.5746856,2.9,10.0,73
368110680,0.20666668,0.16174337,0.0,0.7,30
368110960,0.4740741,0.26974717,0.1,1.2,27
368111090,0.1,0.11547006,0.0,0.2,4
368111370,0.050966185,0.30170867,0.0,3.9,414
368111380,0.006326531,0.02966713,0.0,0.3,490
368111720,0.0036764706,0.018887928,0.0,0.1,136
368111750,0.21851851,1.0159352,0.0,5.9,621
368111930,16.034569,10.379609,0.0,31.1,81
368111940,13.0222225,13.719186,0.0,35.9,36
368112000,0.046666663,0.525016,0.0,6.1,135
368112080,0.1015571,0.7698075,0.0,8.5,1156
368112140,5.9248157,1.3765805,0.4,9.5,407
368112240,0.0,0.0,0.0,0.0,353
368112260,0.0076923077,0.02717465,0.0,0.1,26
368112350,2.2878542,2.719425,0.0,6.7,988
368112480,0.48536035,0.40919137,0.0,2.9,444
368112550,19.216667,9.549691,0.0,28.2,210
368112580,0.0036414568,0.018758228,0.0,0.1,357
368112680,0.019035533,0.03930806,0.0,0.1,394
368112840,0.899495,2.1329987,0.0,7.6,792
368112910,0.22559525,0.14844383,0.0,0.8,168
368113080,0.012420382,0.035818167,0.0,0.2,314
368113140,5.134509,3.750957,0.0,13.7,794
368113150,0.0015625,0.0125,0.0,0.1,64
368113320,0.00091185415,0.009519948,0.0,0.1,329
368113350,13.043802,15.715262,0.0,39.2,121
368113360,0.039219014,0.3318649,0.0,5.1,1178
368113370,1.9889845,2.288171,0.0,7.4,1162
368113380,0.8336433,1.905638,0.0,8.7,1183
368113410,0.0,,0.0,0.0,1
368113420,4.8332434,1.7757331,0.0,6.7,370
368113430,0.36194468,1.3366517,0.0,6.1,1193
368113480,8.782955,0.4737286,7.6,10.1,88
368113530,7.8104167,6.6653194,0.0,22.4,48
368113580,1.5600001,2.3607202,0.0,5.4,5
368113670,5.2025642,1.3361647,0.0,8.4,351
368113750,15.808209,29.932585,0.0,102.2,268
368113870,0.16065088,0.10544039,0.0,0.6,338
368113880,0.066584766,0.14959349,0.0,1.7,407
368113890,0.06283988,0.081145786,0.0,0.7,331
368113980,0.07647059,0.090342484,0.0,0.3,17
368113990,0.66609144,2.4774418,0.0,15.3,1159
368114210,0.0043243244,0.022874767,0.0,0.2,370
368114230,6.4034014,2.1200783,0.0,10.6,294
368114310,0.006497175,0.0279141,0.0,0.3,354
368114320,0.008940398,0.029719673,0.0,0.2,302
368114770,0.01633987,0.044290423,0.0,0.2,306
368114780,0.0034383954,0.018247494,0.0,0.1,349
368114890,0.65124685,1.3974222,0.0,4.5,802
368115010,0.0,0.0,0.0,0.0,344
368115030,0.23325635,1.0587828,0.0,6.7,433
368115070,0.06031746,0.09252669,0.0,0.5,63
368115150,3.853786,3.8914692,0.0,9.6,1149
368115240,0.010714286,0.03149704,0.0,0.1,28
368115350,3.3315492,3.5919664,0.0,8.1,355
368115380,0.004835924,0.03870102,0.0,0.8,1158
368115440,1.0285714,1.5770761,0.0,5.2,56
368115480,2.571097,2.4376945,0.0,6.9,474
368115530,0.0,0.0,0.0,0.0,379
368115610,3.3265486,2.778745,0.0,8.9,339
368115620,0.375,0.34034297,0.1,0.8,4
368115710,0.008808291,0.05659735,0.0,0.7,193
368115870,0.0,0.0,0.0,0.0,3
368115890,2.609091,1.9833863,0.0,6.5,1023
368115910,0.0,0.0,0.0,0.0,1056
368115930,0.04761905,0.28685087,0.0,2.5,84
368115950,0.0055319145,0.024704104,0.0,0.2,235
368115990,0.08012048,0.47293025,0.0,4.3,166
368116030,0.0,0.0,0.0,0.0,4
368116110,0.03066547,0.046519816,0.0,0.2,1112
368116190,0.105097085,0.17355098,0.0,2.5,412
368116240,6.0468903,1.7494236,0.1,8.0,209
368116250,0.0016393443,0.01508532,0.0,0.2,305
368116260,0.005590062,0.027947377,0.0,0.2,161
368116270,0.0005302227,0.0086039845,0.0,0.2,943
368116290,11.097656,13.9683,0.0,38.2,256
368116390,0.0,0.0,0.0,0.0,343
368116690,0.073135965,0.523888,0.0,8.6,912
368116790,0.010198301,0.031228907,0.0,0.2,353
368116870,4.826647,6.784378,0.0,23.0,334
368117020,2.704961,3.106256,0.0,12.1,645
368117340,0.0037037036,0.018920328,0.0,0.1,270
368117360,0.018604651,0.045017533,0.0,0.2,43
368117380,2.612195,1.9469457,0.1,5.5,41
368117420,0.007142857,0.02588635,0.0,0.1,98
368117430,2.047619,1.9901304,0.0,5.2,21
368117570,0.0025974025,0.015926475,0.0,0.1,385
368117610,0.10513514,0.16980974,0.0,1.8,370
368117720,0.0,0.0,0.0,0.0,651
368117770,0.23392856,0.17782445,0.0,0.9,336
368117790,13.459091,5.402706,0.0,18.1,242
368117830,0.87083334,1.7943124,0.0,5.2,48
368117970,0.0012135922,0.010962578,0.0,0.1,412
368118080,1.7880952,2.843114,0.0,7.9,126
368118120,0.0,0.0,0.0,0.0,6
368118150,0.003962704,0.021792533,0.0,0.2,429
368118220,0.0,0.0,0.0,0.0,58
368118340,0.8041783,2.726112,0.0,11.4,359
368118360,0.0060150377,0.032002363,0.0,0.3,133
368118790,0.004912281,0.026077,0.0,0.3,285
368119020,0.28,0.8703296,0.0,3.8,20
368119090,5.1610975,4.9116626,0.0,11.8,820
368119110,0.8750226,2.6524217,0.0,13.9,1109
368119120,1.0525907,2.5065389,0.0,13.2,1158
368119290,0.022289157,0.046479058,0.0,0.3,332
368119320,0.0032258066,0.019044753,0.0,0.2,403
368119390,0.0,,0.0,0.0,1
368119460,8.63491,6.655166,0.0,18.6,550
368119630,0.054734413,0.07806684,0.0,0.3,433
368119660,1.2047535,2.5096488,0.0,9.7,568
368119960,0.0,0.0,0.0,0.0,397
368120020,2.6089022,2.9479883,0.0,9.0,337
368120090,11.571187,12.68706,0.0,34.4,177
368120130,0.0007213706,0.0094726905,0.0,0.2,1109
368120140,0.00019157089,0.0043768813,0.0,0.1,522
368120250,1.0940851,1.6518682,0.0,26.4,541
368120410,0.1,,0.1,0.1,1
368120420,0.0,0.0,0.0,0.0,169
368120450,0.13333334,0.078614615,0.0,0.4,234
368120510,0.27585912,1.5256454,0.0,18.2,1164
368120530,0.00016528925,0.0040655783,0.0,0.1,605
368120610,4.496537,3.4145038,0.0,11.2,722
368120640,0.013002364,0.037659205,0.0,0.2,423
368120660,0.00025906737,0.005089866,0.0,0.1,386
368120670,0.0,0.0,0.0,0.0,9
368120690,0.0,,0.0,0.0,1
368120870,0.5282608,1.1665072,0.0,5.0,46
368121020,0.0,0.0,0.0,0.0,27
368121140,6.4974265,1.1491826,1.1,9.1,272
368121250,0.23849879,0.2335764,0.0,2.4,413
368121320,3.1594596,2.4255445,0.0,7.8,74
368121410,0.06477987,0.55622584,0.0,6.6,477
368121480,0.20133334,0.22690237,0.0,1.0,75
368121540,3.4721835,3.6696215,0.0,10.5,1003
368121820,2.1649265,4.6279373,0.0,15.9,1226
368121840,3.2455697,4.422107,0.0,12.5,237
368121920,0.059473686,0.059891764,0.0,0.3,190
368121940,2.086215,3.0614252,0.0,8.2,856
368121960,2.4886248,2.8105016,0.0,7.7,1178
368121980,0.012121213,0.03268241,0.0,0.1,363
368122320,0.018345324,0.038773566,0.0,0.1,278
368122350,2.5449486,3.769485,0.0,11.4,683
368122370,0.09189189,0.108620636,0.0,0.6,296
368122650,3.1627133,2.07448,0.0,7.8,1172
368122690,0.032009345,0.066906765,0.0,0.5,428
368122840,0.90705884,0.83861965,0.7,4.7,85
368122970,0.44629627,1.4040674,0.0,7.4,378
368122990,0.020560749,0.14883675,0.0,1.5,428
368123000,0.32358488,1.5299872,0.0,8.8,424
368123060,1.4500413,2.410539,0.0,11.4,1209
368123070,6.7288885,9.82533,0.0,26.7,720
368123123,0.00015576323,0.003946685,0.0,0.1,642
368123150,13.262667,5.430779,0.0,17.0,150
368123260,0.004285714,0.021649158,0.0,0.2,350
368123321,0.0025884383,0.015885891,0.0,0.1,1159
368123510,0.020408163,0.040510107,0.0,0.1,98
368123870,0.3414201,1.3753573,0.0,7.7,169
368123940,0.013774104,0.042411085,0.0,0.3,363
368123950,0.4287356,0.89519495,0.0,3.5,87
368123960,0.14226647,0.7552002,0.0,6.3,653
368123980,2.042094,4.0751405,0.0,27.8,468
368124040,0.45106927,1.4924184,0.0,7.7,1169
368124080,0.075,0.05,0.0,0.1,4
368124090,0.004569893,0.022162788,0.0,0.2,372
368124130,1.3398119,2.9359539,0.0,11.4,319
368124160,0.0031948881,0.017614562,0.0,0.1,313
368124350,0.04197861,0.056977864,0.0,0.3,374
368124370,0.40625,0.8185098,0.0,2.4,16
368124380,3.1475496,2.217009,0.0,6.6,1163
368124390,5.4602838,0.22002578,4.9,6.0,141
368124430,1.9355329,2.8598125,0.0,12.0,197
368124460,5.95,4.138767,0.0,10.3,42
368124510,2.8386042,3.1582158,0.0,12.3,1132
368124540,0.6162106,1.4348916,0.0,6.1,475
368124590,1.0198098,2.1841502,0.0,9.1,631
368124740,0.0007042254,0.008372045,0.0,0.1,426
368125080,1.7087773,2.4710877,0.0,9.5,319
368125170,0.89064753,0.7726195,0.0,5.4,139
368125220,0.0,,0.0,0.0,1
368125280,1.5980345,3.2506075,0.0,12.5,407
368125380,0.0,0.0,0.0,0.0,378
368125420,1.0058824,1.771465,0.1,6.7,17
368125850,0.23333335,0.11547006,0.1,0.3,3
368126140,0.12767297,0.11848834,0.0,0.7,159
368126150,0.0,0.0,0.0,0.0,35
368126190,0.5683778,1.5053492,0.0,6.4,487
368126230,0.046133336,0.076205,0.0,0.5,375
368126390,0.0,0.0,0.0,0.0,432
368126420,0.006923077,0.025482817,0.0,0.1,130
368126430,0.006363636,0.026819013,0.0,0.2,330
368126450,0.014005602,0.035552304,0.0,0.2,357
368126620,0.5168096,1.1563115,0.0,5.5,1166
368126680,0.48985508,1.0564234,0.0,6.4,345
368126740,0.3685185,0.20582551,0.0,1.0,108
368126820,2.0041666,3.2325704,0.0,8.2,192
368127060,0.66634846,2.1196368,0.0,8.2,419
368127080,0.29999998,0.13693064,0.1,0.6,17
368127170,0.002013423,0.014069566,0.0,0.1,298
368127180,2.4203823,2.8417988,0.0,7.3,628
368127190,1.8926036,2.7674944,0.0,9.4,338
368127220,1.8777777,2.5035315,0.0,11.2,486
368127270,0.0013422819,0.0141496435,0.0,0.2,298
368127630,3.6806452,2.5997972,0.0,7.1,31
368127670,6.884314,3.1419976,0.0,9.4,51
368127720,0.004166667,0.020087529,0.0,0.1,96
368127880,0.37446156,1.1936018,0.0,8.1,325
368127980,0.5860243,1.8014245,0.0,12.5,1152
368128030,3.8045454,4.897276,0.0,16.1,22
368128040,7.993019,10.054466,0.0,29.1,573
368128060,5.399091,6.4050584,0.0,28.1,330
368128140,0.012258064,0.033819403,0.0,0.2,310
368128190,0.04,0.06992059,0.0,0.2,10
368128230,0.08133803,0.39614347,0.0,3.8,284
368128280,0.028571429,0.048795003,0.0,0.1,7
368128420,0.61690617,1.6724558,0.0,10.5,1183
368128480,0.24983388,1.7485161,0.0,25.5,301
368128590,0.0015625,0.0125,0.0,0.1,64
368128670,0.00076726347,0.008736868,0.0,0.1,391
368128730,3.524,2.3731625,0.0,6.4,25
368128820,0.002910053,0.016831111,0.0,0.1,378
368128950,0.78499997,1.874646,0.0,8.0,640
368128990,0.7351012,1.7446947,0.0,8.8,1037
368129280,0.0013793104,0.011671179,0.0,0.1,725
368129460,0.00017256256,0.004152271,0.0,0.1,1159
368129470,0.08888889,0.0781736,0.0,0.2,9
368129630,0.9279356,2.174184,0.0,12.5,1056
368129640,0.16339287,0.12302167,0.0,0.7,112
368129650,0.9117342,2.5746439,0.0,9.2,1159
368129660,1.5383458,2.9159904,0.0,44.7,665
368129710,0.35666665,1.3684059,0.0,8.6,1170
368129770,0.06902174,0.090337075,0.0,0.4,184
368129810,0.098507464,0.06152737,0.0,0.2,67
368129940,6.951786,2.518767,0.0,10.9,168
368129990,0.0009463723,0.009697332,0.0,0.1,317
368130030,0.156,0.1664888,0.0,1.7,325
368130110,0.0,0.0,0.0,0.0,176
368130230,2.8041668,1.7303251,0.0,5.1,48
368130490,5.452518,1.5532728,0.0,7.1,139
368130550,1.062387,2.192351,0.0,12.1,1106
368130570,3.3829439,4.288749,0.0,12.0,856
368130590,1.2623639,3.0020008,0.0,10.2,643
368130610,1.6419848,3.171514,0.0,19.7,524
368130640,0.44093752,1.3123882,0.0,10.2,320
368130650,0.0012205754,0.010985124,0.0,0.1,1147
368130670,0.0021739132,0.01466296,0.0,0.1,92
368130690,0.6277533,1.6724143,0.0,10.9,227
368130770,0.0014492754,0.011965491,0.0,0.1,414
368130870,7.8831124,9.1855,0.0,33.4,829
368130910,0.3064433,1.3151219,0.0,10.4,1164
368130920,0.55582434,1.4553972,0.0,6.1,1116
368130990,0.0018604652,0.013528148,0.0,0.1,430
368131000,0.022222223,0.042779263,0.0,0.1,18
368131020,0.00089820364,0.009448857,0.0,0.1,334
368131070,3.4032607,2.6672785,0.0,8.2,644
368131080,0.87179023,2.0957255,0.0,10.2,553
368131150,2.0897143,2.4897277,0.0,7.6,175
368131160,0.01026253,0.031919125,0.0,0.2,419
368131290,0.10523918,0.594453,0.0,4.4,439
368131310,0.27408165,0.97586906,0.0,7.2,980
368131360,0.0056179776,0.023059266,0.0,0.1,356
368131420,0.013017242,0.033663817,0.0,0.1,1160
368131490,0.042105265,0.05072573,0.0,0.1,19
368131680,0.0060606063,0.024230585,0.0,0.1,33
368131890,0.58607143,1.7600168,0.0,8.0,560
368132080,1.4992673,2.7993712,0.0,10.4,1092
368132180,1.4196428,2.0507908,0.0,6.6,448
368132210,0.0,0.0,0.0,0.0,349
368132240,0.0021917808,0.01466162,0.0,0.1,365
368132340,1.6030954,2.4511561,0.0,9.7,1163
368132360,1.7142735,2.91773,0.0,10.6,1170
368132420,1.5875,1.6078454,0.0,3.9,16
368132560,0.071641795,0.11781595,0.0,0.7,67
368132730,0.047688566,0.13529827,0.0,1.4,411
368132790,6.9432673,7.691936,0.0,21.2,557
368132890,0.009843206,0.10920483,0.0,2.1,1148
368132980,1.0308032,2.118444,0.0,7.7,1133
368133060,0.5346095,0.51471865,0.0,3.3,653
368133090,0.023076924,0.08320503,0.0,0.3,13
368133120,0.0,0.0,0.0,0.0,29
368133150,0.00023866349,0.0048853196,0.0,0.1,419
368133190,2.0605128,3.0820117,0.0,9.0,390
368133450,0.0088495575,0.028527938,0.0,0.1,113
368133460,0.01,0.030045558,0.0,0.1,330
368133490,0.020416668,0.05051858,0.0,0.3,240
368133510,0.0013071896,0.022866478,0.0,0.4,306
368133590,0.0,0.0,0.0,0.0,428
368133850,0.054093566,0.060040776,0.0,0.2,342
368133920,5.612833,0.9028064,0.7,8.7,826
368133940,0.017391305,0.04910262,0.0,0.2,23
368133970,0.0063981046,0.025451977,0.0,0.2,422
368134020,0.74841076,2.1312344,0.0,7.4,409
368134130,3.928497,2.4917927,0.0,7.9,1151
368134230,0.007894737,0.026997974,0.0,0.1,418
368134280,0.017867437,0.21062268,0.0,3.9,347
368134320,2.7610688,2.6946263,0.0,7.1,131
368134480,0.031153496,0.049922075,0.0,0.3,1101
368134620,0.0,0.0,0.0,0.0,8
368134630,0.0,0.0,0.0,0.0,383
368134640,2.1773438,2.5049353,0.0,8.7,256
368134950,0.0022727272,0.015075567,0.0,0.1,44
368135040,0.03788969,0.07816008,0.0,0.5,417
368135490,8.888889e-05,0.002981424,0.0,0.1,1125
368135530,0.7,0.0,0.7,0.7,89
368135660,0.19999999,0.14142136,0.0,0.5,18
368135670,0.0013824885,0.0117033655,0.0,0.1,217
368135690,0.005707196,0.023226842,0.0,0.1,403
368135710,4.3057046,3.9016185,0.0,13.1,298
368135860,0.0,0.0,0.0,0.0,154
368135870,6.478846,4.9319425,0.0,16.7,52
368135920,6.966122,6.172012,0.0,18.2,673
368135990,1.0561404,1.3984708,0.0,3.7,57
368136160,2.5483778,4.5798717,0.0,18.1,339
368136260,0.7650042,1.886857,0.0,12.5,1183
368136360,0.03491124,0.05255517,0.0,0.2,169
368136390,1.0297979,2.1261415,0.0,7.9,198
368136480,7.2200003,0.6667619,6.3,8.9,15
368136510,0.0057971017,0.023397138,0.0,0.1,414
368136540,0.13180779,0.17166129,0.0,1.1,437
368136660,0.04708738,0.05469438,0.0,0.2,206
368136870,0.0016431925,0.0127279,0.0,0.1,426
368136890,0.88852155,1.7355089,0.0,5.7,1089
368136920,1.2891465,2.2498,0.0,7.1,1078
368136950,1.3325301,2.3404036,0.0,9.3,332
368137060,0.0073170736,0.026365167,0.0,0.1,41
368137420,0.016666668,0.04082483,0.0,0.1,6
368137550,0.00045045046,0.0067115608,0.0,0.1,222
368137560,0.11571429,0.12114875,0.0,0.5,70
368137980,0.35841838,1.8083827,0.0,10.2,784
368138010,2.8216898,2.3878763,0.1,11.1,793
368138040,1.6155115,2.6788533,0.0,7.6,606
368138140,0.009294013,0.029354144,0.0,0.2,1119
368138150,0.9482993,2.1682303,0.0,8.2,1176
368138170,0.08293963,0.5714434,0.0,5.7,1143
368138250,0.00072115386,0.014708711,0.0,0.3,416
368138260,0.0017341041,0.016960928,0.0,0.2,173
368138320,0.0023195876,0.015071953,0.0,0.1,388
368138370,0.2624339,0.25352076,0.0,1.7,189
368138420,0.1614035,0.12572986,0.0,0.6,342
368138460,0.008449397,0.05256533,0.0,0.8,1077
368138480,1.0666667,1.847521,0.0,3.2,3
368138590,0.05465995,0.09325591,0.0,0.6,397
368138690,0.38472223,0.29005086,0.0,1.3,72
368138720,0.004248366,0.021764547,0.0,0.2,306
368138740,0.0,0.0,0.0,0.0,382
368138980,0.0,0.0,0.0,0.0,11
368139020,0.1,,0.1,0.1,1
368139060,0.0,0.0,0.0,0.0,343
368139120,0.0024024025,0.015335415,0.0,0.1,333
368139270,0.071428575,0.14960265,0.0,0.4,7
368139280,0.014545455,0.067818336,0.0,0.4,55
368139320,3.4449599,8.026201,0.0,27.4,1121
368139440,0.0069114473,0.025392307,0.0,0.1,463
368139660,5.2707906,3.7773643,0.0,10.5,784
368139720,4.0561557,3.0315979,0.0,9.0,1129
368139840,0.022570534,0.043346353,0.0,0.2,319
368139870,10.944623,7.4618487,0.0,23.1,372
368139980,0.0,0.0,0.0,0.0,297
368140120,0.05,0.07071068,0.0,0.1,2
368140160,0.0,0.0,0.0,0.0,360
368140240,0.004545455,0.027354192,0.0,0.2,66
368140540,2.110327,2.9468732,0.0,8.4,1162
368140670,0.027777778,0.04608886,0.0,0.1,18
368140710,9.82973,8.952742,0.0,27.4,37
368140750,0.0005185826,0.007185677,0.0,0.1,1157
368140770,0.22473404,0.2070747,0.0,1.6,376
368141080,,,,,0
368141110,1.7806556,2.0691462,0.0,7.2,610
368141170,0.013028169,0.035755143,0.0,0.2,284
368141250,0.051290326,0.063206755,0.0,0.4,310
368141280,0.0017456359,0.013112785,0.0,0.1,401
368141350,0.0,0.0,0.0,0.0,405
368141380,1.6585965,2.7818024,0.0,8.6,1140
368141510,9.659446,9.418686,0.0,24.2,794
368141520,0.015306123,0.04391191,0.0,0.3,98
368141710,6.4296875,2.102007,0.0,8.2,192
368141960,1.9451048,2.9449463,0.0,7.2,572
368142010,0.041109156,0.422485,0.0,7.3,1136
368142150,2.1261506,3.2016106,0.0,9.6,956
368142180,2.9576206,1.9499109,0.0,5.4,269
368142220,2.9193134,2.5822697,0.0,7.2,233
368142290,0.0019784174,0.013932055,0.0,0.1,1112
368142350,0.022222223,0.045594443,0.0,0.2,63
368142510,0.14162436,0.11740798,0.0,0.6,394
368142610,1.0074675,2.1459272,0.0,7.6,924
368142710,0.91575277,1.9303113,0.0,11.3,1149
368142750,0.055948276,0.44304514,0.0,7.3,1160
368142760,1.2064103,2.3338587,0.0,7.3,1170
368142880,0.0018276762,0.013412566,0.0,0.1,383
368142910,1.1286201,2.5709636,0.0,9.4,1174
368143020,0.0065116277,0.034199726,0.0,0.3,430
368143030,0.0,0.0,0.0,0.0,9
368143040,0.199,0.2190406,0.0,1.3,100
368143050,0.0,0.0,0.0,0.0,411
368143060,0.00015797789,0.003974643,0.0,0.1,633
368143120,3.5032346,3.6353862,0.0,9.0,1113
368143540,0.0,0.0,0.0,0.0,405
368143680,3.9142857,2.8667476,0.0,8.3,14
368143810,2.698441,2.8226953,0.0,8.7,449
368143890,4.2201223,2.4977393,0.0,7.7,1143
368144130,0.016927084,0.03754802,0.0,0.1,384
368144240,0.00081081083,0.008980067,0.0,0.1,370
368144290,1.5097584,3.2859104,0.0,10.6,1117
368144320,1.0663177,2.177535,0.0,10.9,1146
368144340,3.1083333,2.584753,0.0,8.1,984
368144370,2.442797,4.908964,0.0,16.8,1187
368144390,0.02528302,0.084848434,0.0,1.0,265
368144430,6.8738637,3.0783446,1.7,15.1,88
368144470,0.001968504,0.013918985,0.0,0.1,254
368144520,0.00028735632,0.005360563,0.0,0.1,348
368144670,0.24814816,1.4246378,0.0,10.3,162
368144770,0.0030927837,0.017402157,0.0,0.1,97
368144930,0.0002538071,0.005037927,0.0,0.1,394
368145210,0.16373937,0.17201896,0.0,2.1,353
368145510,0.0031914895,0.020407202,0.0,0.2,376
368145530,0.007286432,0.043431796,0.0,0.7,398
368145650,0.87466305,1.9793551,0.0,12.6,1113
368145870,0.3111111,0.6009252,0.0,1.8,9
368145940,0.004722222,0.022514138,0.0,0.2,360
368146120,0.0,0.0,0.0,0.0,384
368146190,2.694737,1.6109335,0.0,5.5,38
368146240,0.3996743,0.546498,0.0,4.9,307
368146350,3.3958333,6.7617517,0.0,31.9,24
368146810,5.0209575,4.304011,0.0,10.8,773
368146890,0.0023121387,0.015050667,0.0,0.1,346
368146940,0.021459227,0.16364259,0.0,1.8,233
368147110,3.4347825,3.3712034,0.0,9.8,184
368147240,0.0038461538,0.01941839,0.0,0.1,52
368147620,0.43699223,1.1790842,0.0,6.8,1157
368148180,0.78774804,1.5753186,0.0,7.2,1159
368148210,9.479275,10.641286,0.0,27.8,193
368148430,0.11829653,0.15944803,0.0,2.0,317
368148750,0.0012953368,0.011322008,0.0,0.1,386
368148760,0.17346369,0.12499754,0.0,0.7,358
368148790,4.245273,2.764031,0.0,8.4,751
368148840,0.003932584,0.023406656,0.0,0.3,356
368148890,0.00038461538,0.0062017366,0.0,0.1,260
368149110,0.0077054794,0.02667926,0.0,0.1,1168
368149130,0.004842821,0.021476056,0.0,0.1,1177
368149270,0.0060790274,0.025172694,0.0,0.2,329
368149440,1.6901734,1.8671117,0.0,5.1,346
368149610,0.002631579,0.016077943,0.0,0.1,114
368149820,2.224978,3.212305,0.0,8.8,1125
368150000,0.0,0.0,0.0,0.0,286
368150070,0.0,0.0,0.0,0.0,393
368150190,0.00081521744,0.011643599,0.0,0.2,368
368150340,3.796163,1.265988,0.1,5.2,417
368150440,0.0,0.0,0.0,0.0,215
368150490,0.0002617801,0.005116445,0.0,0.1,382
368150640,4.6666665,2.1996968,0.4,6.6,6
368150680,0.8390077,2.0229805,0.0,9.3,1169
368150870,3.976508,2.6548874,0.0,6.8,315
368151310,0.0,0.0,0.0,0.0,51
368151520,4.730841,5.2711787,0.0,12.7,428
368151890,0.0033175359,0.021541292,0.0,0.3,422
368151960,0.12150259,0.2580221,0.0,2.8,386
368152050,0.0484375,0.061313182,0.0,0.5,320
368152190,0.03773585,0.050440762,0.0,0.2,424
368152460,0.01531792,0.037641138,0.0,0.2,346
368152640,1.6955734,2.1068008,0.0,6.5,497
368152720,0.0,0.0,0.0,0.0,2
368152730,5.8347654,6.4535375,0.0,24.5,512
368152920,0.0023255814,0.015249858,0.0,0.1,43
368152930,2.34276,0.68210334,0.0,6.1,442
368152960,0.18482144,0.24072397,0.0,1.7,336
368152970,0.0041871923,0.02124994,0.0,0.2,406
368153460,8.80684,4.6442723,0.0,19.1,307
368153480,0.0,0.0,0.0,0.0,176
368153730,0.05,0.07071068,0.0,0.1,2
368153890,0.0,0.0,0.0,0.0,1123
368153930,0.005769231,0.041602515,0.0,0.3,52
368153940,0.0,0.0,0.0,0.0,336
368153950,0.034505088,0.34021094,0.0,5.3,1081
368154150,0.0053658537,0.022589426,0.0,0.1,205
368154260,3.6495726,1.5994408,2.4,8.6,117
368154330,0.0010638298,0.010272873,0.0,0.1,376
368154390,0.32500002,0.18929696,0.2,0.6,4
368154480,0.0008746356,0.012059503,0.0,0.2,343
368154560,0.0,0.0,0.0,0.0,350
368154790,0.06896552,0.10250243,0.0,0.4,116
368154910,0.001242236,0.01109336,0.0,0.1,322
368155160,0.0,0.0,0.0,0.0,399
368155170,0.07590909,0.579617,0.0,6.8,440
368155210,0.015000001,0.036634754,0.0,0.1,20
368155230,0.007758621,0.026809774,0.0,0.1,232
368155290,0.0,0.0,0.0,0.0,296
368155470,0.496118,1.6633457,0.0,7.4,644
368155490,0.012716764,0.033364315,0.0,0.1,346
368155520,0.0,,0.0,0.0,1
368155640,0.016666668,0.037904903,0.0,0.1,30
368155850,0.026666667,0.04577377,0.0,0.1,15
368156120,0.1210797,0.16704795,0.0,1.6,389
368156260,0.0625,0.10606602,0.0,0.3,8
368156330,0.4321761,1.1813729,0.0,6.3,1181
368156340,0.0010416667,0.010166157,0.0,0.1,384
368156420,0.008387097,0.027764238,0.0,0.1,310
368156470,0.008653847,0.029642474,0.0,0.3,1144
368156620,0.27061856,0.20132026,0.0,1.3,388
368156720,0.0,0.0,0.0,0.0,370
368156920,0.0,0.0,0.0,0.0,315
368156930,0.00934066,0.029180415,0.0,0.1,182
368156970,1.5918189,2.9766722,0.0,8.7,1149
368156990,1.2548326,2.1131637,0.0,5.4,538
368157020,0.0,0.0,0.0,0.0,533
368157130,0.6764445,1.6555613,0.0,6.8,675
368157150,0.0009569378,0.009747068,0.0,0.1,418
368157160,0.04582257,0.43273613,0.0,7.5,1161
368157190,0.0,0.0,0.0,0.0,295
368157210,0.02275641,0.05580252,0.0,0.5,312
368157260,0.6151419,0.7706797,0.0,8.1,317
368157320,0.0074592074,0.044199277,0.0,0.5,429
368157390,1.546,4.0369825,0.0,21.9,50
368157410,4.4337373,3.9992425,0.0,10.4,495
368157590,0.0012195122,0.01098902,0.0,0.1,410
368157640,0.0,0.0,0.0,0.0,415
368157650,0.025000002,0.043510962,0.0,0.1,104
368157750,1.7666667,2.441772,0.7,8.7,78
368157950,0.18148148,0.112757295,0.0,0.5,135
368157990,0.010089021,0.030163115,0.0,0.1,337
368158080,0.0974359,0.11891726,0.0,0.6,312
368158090,0.82386637,2.5244553,0.0,11.1,419
368158120,0.0,0.0,0.0,0.0,343
368158150,0.0027027028,0.018479835,0.0,0.2,259
368158270,0.00071428576,0.008431348,0.0,0.1,420
368158340,0.00625,0.02803375,0.0,0.2,304
368158550,0.016666668,0.04082483,0.0,0.1,6
368158760,0.040129453,0.20782106,0.0,2.2,309
368158770,0.46482322,1.7041199,0.0,7.8,1103
368158810,0.0,0.0,0.0,0.0,2
368158940,0.0012048193,0.010932077,0.0,0.1,249
368158960,0.010169491,0.031379372,0.0,0.2,295
368158970,0.67335093,1.216075,0.0,4.3,379
368159000,4.873,5.3215003,0.0,14.2,500
368159010,3.0716815,2.3092,0.1,8.3,113
368159070,0.0013525699,0.011556296,0.0,0.1,1109
368159120,0.0,0.0,0.0,0.0,335
368159130,5.7545977,8.889437,0.0,34.6,348
368159170,0.122128844,0.46062726,0.0,2.9,357
368159180,0.016710876,0.037356872,0.0,0.1,377
368159190,0.0067846607,0.028808113,0.0,0.3,1017
368159280,0.0016722408,0.012844433,0.0,0.1,299
368159320,0.0,0.0,0.0,0.0,208
368159330,0.05700483,0.05852683,0.0,0.2,414
368159460,0.78421056,1.1131952,0.0,4.8,38
368159550,0.06827795,0.05869589,0.0,0.4,331
368159560,0.13039216,0.1160693,0.0,0.8,408
368159620,0.42173913,1.1736969,0.0,8.8,368
368159650,0.026599327,0.044260643,0.0,0.1,297
368159780,5.118738,4.546929,0.0,13.0,1078
368159880,0.31277174,0.8518452,0.0,4.9,368
368159910,0.013333334,0.043047734,0.0,0.2,60
368159920,2.1879418,3.1213613,0.0,7.9,481
368160150,3.0543966,3.8116498,0.0,11.6,489
368160380,0.0,0.0,0.0,0.0,10
368160770,4.49827,5.06351,0.0,17.7,578
368160780,5.8199997,1.0509623,2.4,7.8,70
368160870,0.052173916,0.09331903,0.0,0.6,69
368160970,0.033333335,0.16329932,0.0,0.8,24
368161000,1.06,0.4563833,0.2,2.0,15
368161020,0.00023980816,0.004897021,0.0,0.1,417
368161120,4.3393908,7.0845914,0.0,26.6,985
368161570,0.0,0.0,0.0,0.0,240
368161580,0.4466431,1.3518554,0.0,10.4,1132
368161640,2.2735882,1.7653863,0.0,6.3,1151
368161660,6.7788463,6.362842,0.0,19.6,104
368161890,0.22646311,0.17368151,0.0,0.9,393
368161910,0.12032967,0.08587477,0.0,0.3,182
368161930,0.019033233,0.039315764,0.0,0.1,331
368161980,0.24807121,0.15812561,0.0,0.7,337
368162000,10.103717,10.336177,0.7,26.3,269
368162040,0.016666668,0.04082483,0.0,0.1,6
368162140,0.065706804,0.0881534,0.0,0.6,382
368162170,1.6804487,2.9266107,0.0,8.7,312
368162230,0.0,0.0,0.0,0.0,11
368162270,4.5486846,1.4286778,0.1,8.5,304
368162320,0.034453783,0.06841337,0.0,0.4,357
368162360,0.0023809525,0.033595275,0.0,0.6,336
368162390,1.7296944,3.0332036,0.0,13.1,1145
368162730,0.0033591734,0.031607743,0.0,0.4,387
368162770,0.017368421,0.039300226,0.0,0.2,380
368162850,4.427103,5.7070227,0.0,13.4,107
368162930,0.01438849,0.035139456,0.0,0.1,417
368163070,5.042857,2.8666909,0.1,8.5,49
368163160,0.0,0.0,0.0,0.0,206
368163240,5.724054,6.2709975,0.0,25.9,370
368163250,3.2114236,1.2398554,0.0,5.8,1173
368163270,0.08459215,0.10887051,0.0,0.8,331
368163320,0.0,0.0,0.0,0.0,4
368163390,0.029780565,0.049114317,0.0,0.3,319
368163450,0.0019718308,0.015822079,0.0,0.2,355
368163520,8.71626,4.0453424,0.0,12.0,246
368163530,0.0,0.0,0.0,0.0,426
368163670,0.0,0.0,0.0,0.0,332
368163680,5.5436015,2.850045,0.0,10.0,211
368163710,10.010606,1.5393118,0.9,12.2,198
368163740,0.046153847,0.08593379,0.0,0.4,26
368163860,3.543793,4.539382,0.0,11.4,580
368163880,0.0050724642,0.021970034,0.0,0.1,414
368164030,0.07401575,0.10481473,0.0,0.5,127
368164310,0.6022071,0.6618197,0.0,4.4,589
368164330,0.0032697548,0.0219336,0.0,0.3,367
368164340,0.0,0.0,0.0,0.0,221
368164470,0.73698384,2.0277581,0.0,8.7,1114
368164540,5.6379747,9.440674,0.0,25.4,395
368164640,2.1881099,2.133097,0.0,5.6,328
368164660,0.059259262,0.050071176,0.0,0.1,27
368164750,1.6140795,2.440878,0.0,7.6,554
368164770,0.0004784689,0.0069171446,0.0,0.1,209
368164860,0.005050505,0.035217192,0.0,0.5,396
368164930,0.022590362,0.041880723,0.0,0.1,332
368164960,6.992089,1.7311802,0.0,9.2,316
368165000,1.5028361,4.1730347,0.0,16.3,952
368165170,0.18252428,0.18756813,0.0,1.4,103
368165180,0.018421052,0.060583197,0.0,0.5,380
368165260,0.3728972,1.2689477,0.0,7.7,1070
368165310,0.08567568,0.11302782,0.0,1.6,370
368165380,0.007027027,0.027668934,0.0,0.2,185
368165440,0.7558952,1.4545151,0.0,8.2,1145
368165470,1.1627027,1.9791164,0.0,47.3,740
368165480,0.058303885,0.09763127,0.0,0.5,283
368165490,1.0958333,2.0520833,0.0,7.4,48
368165540,0.0,0.0,0.0,0.0,2
368165580,4.2118454,2.5543401,0.0,9.2,1165
368165630,0.0019230769,0.013766649,0.0,0.1,208
368165690,0.00047058825,0.006851849,0.0,0.1,425
368165770,1.5420369,6.3001847,0.0,34.6,923
368165830,0.1,,0.1,0.1,1
368165870,0.0,0.0,0.0,0.0,301
368165980,0.0038135594,0.01919306,0.0,0.1,236
368166040,6.5808506,2.2336984,0.0,8.8,47
368166060,0.13231133,0.07820889,0.0,0.4,424
368166210,6.375,1.4614491,4.7,7.6,4
368166350,1.2214286,2.122534,0.0,7.3,238
368166390,0.001591512,0.016230151,0.0,0.2,377
368166560,0.1641422,0.103858225,0.0,0.6,647
368166590,0.15915494,0.22357675,0.0,1.6,284
368166720,0.0,0.0,0.0,0.0,24
368166780,0.0,0.0,0.0,0.0,416
368166850,0.021428572,0.043347687,0.0,0.2,112
368167210,4.2734957,0.6077646,0.1,5.4,615
368167230,4.213182,2.7934499,0.0,8.4,660
368167250,1.8101696,1.8796477,0.0,4.9,649
368167350,0.34041536,1.4463679,0.0,8.6,626
368167460,0.038497653,0.051987294,0.0,0.2,426
368167580,2.4715426,3.0172594,0.0,9.0,376
368167690,0.18834198,0.16855027,0.0,0.9,386
368167790,0.005140187,0.022133376,0.0,0.1,214
368167820,0.14118144,0.7612281,0.0,7.5,1185
368167990,0.0006329114,0.007942935,0.0,0.1,316
368168130,0.0,0.0,0.0,0.0,379
368168150,1.4857143,2.449514,0.0,7.1,434
368168190,1.1658307,1.9597664,0.0,5.7,319
368168250,0.0045602606,0.02089623,0.0,0.1,307
368168330,0.7,0.0,0.7,0.7,308
368168350,0.012217195,0.06731924,0.0,0.5,221
368168400,3.8556702,4.6651626,0.0,14.6,97
368168410,0.022222223,0.044095855,0.0,0.1,9
368168470,0.5508475,1.1985843,0.0,6.1,177
368168650,0.043779906,0.06211361,0.0,0.4,418
368168690,0.0,0.0,0.0,0.0,179
368168920,0.0311054,0.049053535,0.0,0.2,389
368169060,4.921466,1.2872204,0.2,7.7,1146
368169220,1.8430806,2.3985884,0.0,7.0,831
368169450,0.6099409,2.2108083,0.0,11.1,845
368169460,0.042396314,0.08292593,0.0,1.0,651
368169710,0.1282313,0.71493655,0.0,9.1,1176
368169810,0.0044198898,0.020582123,0.0,0.1,362
368169920,0.020813396,0.04064597,0.0,0.1,418
368169940,2.8851066,1.4991723,0.0,4.7,94
368170010,0.74419475,1.4726051,0.0,5.0,267
368170120,0.018732782,0.040460646,0.0,0.2,363
368170190,0.058938548,0.086746305,0.0,0.5,358
368170240,4.518362,0.6496292,3.0,7.4,1160
368170420,0.0,0.0,0.0,0.0,66
368170590,0.041509435,0.055525858,0.0,0.2,371
368170620,0.0,0.0,0.0,0.0,431
368170680,0.2599115,1.1375209,0.0,6.8,1130
368170730,0.5317181,0.42500034,0.0,2.6,454
368170760,0.00053191493,0.0072770533,0.0,0.1,1128
368170770,0.0004784689,0.0069171446,0.0,0.1,209
368170890,2.8008432,3.3391652,0.0,9.2,1186
368170920,0.02248062,0.24204664,0.0,3.8,387
368171000,10.315429,0.66399354,7.7,11.7,525
368171230,0.0028169015,0.016574757,0.0,0.1,284
368171260,2.429297,3.2911196,0.0,9.5,512
368171310,3.894958,3.774169,0.0,10.0,714
368171320,0.0031746032,0.017578887,0.0,0.1,189
368171360,0.019946808,0.3210001,0.0,6.2,376
368171390,1.0039722,2.2396224,0.0,8.1,1007
368171550,0.032620322,0.050254904,0.0,0.3,374
368171570,0.011986301,0.03253589,0.0,0.1,292
368171660,0.0,0.0,0.0,0.0,8
368171740,0.0013071896,0.011395568,0.0,0.1,153
368171810,0.03367347,0.049625147,0.0,0.2,98
368171850,1.1539823,1.970831,0.0,7.1,452
368171880,0.0026819922,0.016186723,0.0,0.1,261
368171930,0.028057555,0.081527635,0.0,0.7,278
368171970,3.8500001,4.1719303,0.9,6.8,2
368171990,4.146145,4.390687,0.0,15.3,869
368172160,0.065051906,0.102351256,0.0,0.8,289
368172220,3.251497,2.3627744,0.0,8.9,501
368172230,0.0,0.0,0.0,0.0,131
368172350,0.06979866,0.0683669,0.0,0.5,298
368172360,7.369444,7.932668,0.0,31.0,72
368172370,4.7455573,0.9953605,0.3,7.5,529
368172430,0.18070796,0.5535452,0.0,6.3,1130
368172470,0.0036507936,0.018769931,0.0,0.1,630
368172490,4.357357,8.278094,0.0,25.8,1135
368172570,0.026262628,0.047383934,0.0,0.2,396
368172590,0.04598338,0.08718875,0.0,0.7,361
368172620,0.0,0.0,0.0,0.0,240
368172960,12.325339,2.0599625,6.7,14.9,517
368172970,0.061111115,0.23182352,0.0,1.2,54
368172990,0.05625,0.175,0.0,0.7,16
368173020,1.3030875,2.2035105,0.0,10.7,1166
368173060,0.0033112583,0.017952599,0.0,0.1,151
368173080,0.0048257373,0.024936138,0.0,0.3,373
368173110,0.048322145,0.3917397,0.0,4.6,149
368173140,3.8953347,2.424217,0.0,7.8,493
368173190,0.43733335,1.50726,0.0,11.2,450
368173220,0.0,0.0,0.0,0.0,398
368173330,1.9970075,2.521218,0.0,6.2,401
368173340,0.52375,0.30156237,0.0,1.7,240
368173380,0.012036108,0.03255466,0.0,0.1,997
368173440,0.0028824834,0.01674068,0.0,0.1,902
368173480,0.13611111,0.07917675,0.0,0.4,360
368173590,0.0040380047,0.019708313,0.0,0.1,421
368173760,0.02850123,0.06296034,0.0,0.4,407
368173810,1.9171635,3.040768,0.0,9.1,1107
368173850,0.0,0.0,0.0,0.0,415
368174080,0.002227723,0.014776671,0.0,0.1,404
368174160,1.1692307,1.9872026,0.1,6.0,13
368174370,2.456475,3.6209717,0.0,11.7,556
368174410,0.59152246,1.3214241,0.0,9.2,1156
368174420,4.240552,3.9099839,0.0,12.5,1159
368174430,0.89700437,1.4209784,0.0,4.3,1135
368174450,0.7158475,1.3918805,0.0,7.0,1180
368174460,0.43514237,0.9420908,0.0,3.5,1124
368174470,3.5863051,2.3178194,0.0,11.6,1161
368174480,1.5238792,2.7274513,0.0,13.2,1026
368174490,0.8461271,1.8777941,0.0,12.2,1149
368174560,0.016666668,0.04082483,0.0,0.1,6
368174620,0.0,0.0,0.0,0.0,367
368174780,0.0055837566,0.02610001,0.0,0.2,394
368174970,0.9363218,0.79824996,0.0,6.3,435
368175090,0.030684931,0.04618194,0.0,0.1,365
368175120,0.012958435,0.10893108,0.0,1.9,409
368175160,0.0,0.0,0.0,0.0,220
368175270,11.533334,0.2819996,11.0,11.9,15
368175320,3.9331605,1.0929408,0.0,6.3,193
368175490,0.07131579,0.06731453,0.0,0.4,380
368175520,3.5214534,1.3189685,0.0,5.7,1156
368175680,0.0,0.0,0.0,0.0,202
368175810,0.011320755,0.031835154,0.0,0.1,106
368175910,1.9450414,4.4576287,0.0,27.1,242
368175980,0.21551247,0.22455592,0.0,1.9,361
368176190,5.762162,2.0226977,0.0,8.1,37
368176220,0.11661892,0.12086387,0.0,0.9,349
368176320,0.00078328984,0.011413803,0.0,0.2,383
368176330,0.044705883,0.08083568,0.0,0.5,425
368176370,0.08593156,0.2011223,0.0,1.6,263
368176430,0.46314847,1.39637,0.0,8.4,1118
368176440,0.015160351,0.040507246,0.0,0.3,343
368176610,3.4708135,1.5741192,0.0,5.0,418
368176640,5.2419353,3.0391192,0.1,8.5,62
368176970,0.76459223,0.59435654,0.0,4.3,466
368177010,0.015053763,0.038859382,0.0,0.2,93
368177030,3.6779006,6.7549205,0.0,19.9,181
368177040,0.0,0.0,0.0,0.0,347
368177290,0.00048661802,0.009865273,0.0,0.2,411
368177450,0.11639345,0.3188346,0.0,3.3,427
368177560,0.0,0.0,0.0,0.0,10
368177590,2.8206677,3.5282912,0.0,8.7,629
368177640,2.2,,2.2,2.2,1
368177710,0.070710056,0.11555606,0.0,0.7,338
368177730,0.0027777778,0.01654888,0.0,0.1,72
368177780,0.028985508,0.10014908,0.0,0.6,69
368177990,2.8006237,2.911054,0.0,6.8,962
368178070,0.0022222223,0.01490712,0.0,0.1,45
368178130,3.5309608,4.52171,0.0,12.4,281
368178140,6.617032,1.2683586,0.0,9.6,411
368178190,4.158756,5.0925584,0.0,12.4,1125
368178350,0.0,0.0,0.0,0.0,386
368178380,0.0063157897,0.024453718,0.0,0.1,95
368178470,0.0,0.0,0.0,0.0,2
368178590,1.3022281,4.3066144,0.0,28.7,1122
368178650,0.0,0.0,0.0,0.0,1119
368178860,0.0990566,0.12835611,0.0,0.7,106
368179040,0.0,0.0,0.0,0.0,341
368179130,1.682472,2.6800075,0.0,6.9,445
368179240,0.009919571,0.03566939,0.0,0.4,373
368179250,3.268971,4.156054,0.0,12.0,1273
368179260,6.7070403,2.7360666,0.0,9.3,767
368179270,0.024747476,0.046045512,0.0,0.2,396
368179290,0.018796992,0.06857072,0.0,0.7,266
368179440,0.29534882,0.68171823,0.0,2.9,43
368179690,2.30177,3.2326179,0.0,8.7,113
368179830,0.13112034,0.121733956,0.0,0.8,241
368179930,0.016180372,0.038979664,0.0,0.2,377
368180010,0.00024390244,0.004938648,0.0,0.1,410
368180040,0.007627119,0.026656343,0.0,0.1,118
368180050,0.004780877,0.035454925,0.0,0.5,251
368180090,0.0,0.0,0.0,0.0,370
368180250,2.9468749,1.7140874,0.3,5.6,96
368180310,0.03031915,0.04723255,0.0,0.2,188
368180370,0.05235732,0.06738286,0.0,0.3,403
368180410,0.020722892,0.04058102,0.0,0.1,415
368180460,3.0417554,4.467747,0.0,12.6,1128
368180640,0.0,0.0,0.0,0.0,652
368180650,2.7174625,3.5473154,0.0,9.7,670
368180740,0.0,0.0,0.0,0.0,358
368180820,3.783405,2.8703072,0.0,8.3,699
368180930,0.05454546,0.0522233,0.0,0.1,11
368180970,1.1006452,0.9993857,0.0,8.2,620
368181020,0.71601766,1.6625719,0.0,7.0,1130
368181060,0.0011173184,0.010525822,0.0,0.1,358
368181070,0.051639345,0.45640233,0.0,5.0,122
368181090,0.12028572,0.09907844,0.0,0.4,350
368181130,7.4214287,2.504251,0.0,9.2,70
368181460,0.027898552,0.047297172,0.0,0.2,276
368181560,0.057506364,0.087486975,0.0,0.5,393
368181640,0.0,0.0,0.0,0.0,64
368181680,2.3361356,2.597745,0.0,6.1,678
368181750,6.795772,1.4075636,1.3,8.9,1230
368181760,0.13235295,0.08428159,0.0,0.3,34
368181840,0.0,0.0,0.0,0.0,374
368181870,0.0031784843,0.017564166,0.0,0.1,409
368181920,1.0625,1.4131399,0.0,2.9,8
368181950,0.2419098,1.0175558,0.0,6.3,377
368181960,2.9827585,2.3193393,0.0,6.0,29
368181970,0.010902256,0.05349602,0.0,0.6,266
368182060,0.13417432,0.118620455,0.0,0.8,436
368182090,0.009512195,0.030195065,0.0,0.2,410
368182130,0.23458111,0.9492935,0.0,6.7,1122
368182220,0.003562341,0.018558562,0.0,0.1,393
368182240,3.356622,5.728226,0.0,23.1,521
368182290,0.046519823,0.05637298,0.0,0.5,1135
368182510,0.009500001,0.036967322,0.0,0.3,200
368182560,0.0,0.0,0.0,0.0,31
368182570,0.0,0.0,0.0,0.0,265
368182680,3.8552632,3.7015831,0.0,10.6,342
368182720,0.0,,0.0,0.0,1
368182830,0.1,,0.1,0.1,1
368182890,0.0,0.0,0.0,0.0,289
368182960,0.4138801,1.1441914,0.0,6.3,317
368182970,8.414857,0.9856314,4.7,11.6,350
368183000,0.0,0.0,0.0,0.0,417
368183020,2.7544556,2.348982,0.0,6.2,202
368183050,5.8481483,2.2090223,0.0,10.0,162
368183130,2.479365,1.6751697,0.0,6.0,1134
368183290,0.0,0.0,0.0,0.0,7
368183420,0.039502762,0.06626377,0.0,0.6,362
368183430,2.6930435,6.24588,0.0,27.6,805
368183570,5.240613,9.116303,0.0,30.3,522
368183590,1.7016287,2.804169,0.0,8.6,307
368183730,0.001703163,0.012954685,0.0,0.1,411
368183750,0.0,0.0,0.0,0.0,417
368184080,0.07028424,0.60852057,0.0,6.6,1161
368184180,0.0003816794,0.0061780205,0.0,0.1,262
368184310,0.0,0.0,0.0,0.0,4
368184340,0.00070671376,0.008391708,0.0,0.1,283
368184360,0.4652778,0.3145127,0.0,1.5,72
368184410,0.98639804,2.045795,0.0,11.9,1191
368184530,0.0036144578,0.025279993,0.0,0.3,415
368184850,0.017514125,0.038062587,0.0,0.1,354
368184910,6.6378403,9.97128,0.0,28.6,1213
368184920,3.0207548,1.9247736,0.0,6.4,53
368184980,0.81787235,2.1034458,0.0,8.7,1175
368184990,0.69109243,1.2722256,0.0,5.8,1190
368185000,0.8578249,2.6899252,0.0,14.6,1131
368185220,3.1857142,3.0322866,0.4,6.7,7
368185250,0.0,0.0,0.0,0.0,256
368185380,0.0,0.0,0.0,0.0,6
368185440,0.0,0.0,0.0,0.0,376
368185520,0.010186757,0.1468425,0.0,2.6,589
368185530,1.3505102,0.77217627,0.2,5.3,196
368185620,3.835229,7.4063096,0.0,27.4,633
368185880,0.021549638,0.054821163,0.0,0.5,413
368185950,0.0,,0.0,0.0,1
368186000,0.069863014,0.47158864,0.0,4.8,146
368186140,0.015730336,0.037224486,0.0,0.2,356
368186150,0.009638554,0.029691331,0.0,0.1,83
368186160,0.085674934,0.044146594,0.0,0.3,363
368186190,0.026536312,0.04902138,0.0,0.2,358
368186210,0.45,0.070710674,0.4,0.5,2
368186360,0.087254904,0.16630615,0.0,0.7,102
368186370,0.00867347,0.033944074,0.0,0.4,392
368186410,0.0043624165,0.0204601,0.0,0.1,298
368186450,0.0,0.0,0.0,0.0,2
368186470,0.0,,0.0,0.0,1
368186490,0.057142857,0.08088537,0.0,0.4,70
368186530,6.4556813,3.0043974,0.0,9.7,88
368186620,4.44,5.154164,0.0,17.2,75
368186720,0.09858156,0.098075666,0.0,0.9,423
368187050,0.03731884,0.06837373,0.0,0.5,276
368187070,0.015789473,0.036953703,0.0,0.1,38
368187170,2.811949,4.1586285,0.0,11.0,1021
368187380,0.7,1.1781341,0.0,3.6,11
368187510,0.0,0.0,0.0,0.0,4
368187540,0.024040923,0.04278795,0.0,0.1,391
368187550,15.159643,13.443348,0.0,33.5,337
368187640,0.0018957346,0.015294684,0.0,0.2,422
368187730,9.909033,6.9560995,0.0,19.1,155
368187790,3.2818182,6.2976656,0.0,25.9,44
368187910,7.4578676,1.9217609,0.0,9.7,197
368187930,1.0781165,1.2495623,0.0,3.6,1115
368187940,0.041836735,0.05439357,0.0,0.2,196
368187950,0.083333336,0.076804146,0.0,0.5,90
368187970,0.0,0.0,0.0,0.0,365
368188280,6.370816,4.1858444,0.0,11.7,490
368188310,3.057377,2.0813978,0.0,5.9,1037
368188390,0.0017811705,0.01323508,0.0,0.1,786
368188410,0.12819384,0.22907625,0.0,2.2,227
368188420,0.15,0.07071068,0.1,0.2,2
368188430,0.02801047,0.069687866,0.0,0.5,382
368188450,0.0218845,0.05472859,0.0,0.6,329
368188690,0.0055172415,0.022871116,0.0,0.1,290
368188750,0.49795917,0.69430375,0.0,3.9,98
368188770,3.411043,3.0213032,0.0,9.3,163
368188830,0.0006039689,0.0077513843,0.0,0.1,1159
368188920,2.468463,2.1933544,0.0,5.4,501
368188970,0.05833333,0.096732326,0.0,0.5,36
368189000,0.47993198,0.50500596,0.0,4.0,588
368189130,0.21824999,1.1447349,0.0,6.7,400
368189190,4.878155,4.775314,0.0,12.4,618
368189460,0.0,0.0,0.0,0.0,257
368189660,0.11111111,0.0781736,0.0,0.2,9
368189810,0.0,0.0,0.0,0.0,5
368189830,0.0,0.0,0.0,0.0,23
368189960,6.1841583,3.6135504,0.1,9.3,101
368190090,0.15505318,0.45193037,0.0,4.0,376
368190460,0.0,0.0,0.0,0.0,395
368190530,0.0022222223,0.019187475,0.0,0.2,135
368190560,0.0027210885,0.027265796,0.0,0.4,294
368190590,0.001234568,0.011059391,0.0,0.1,324
368190620,0.005633803,0.028619906,0.0,0.2,142
368190640,7.0390244,2.1884434,0.0,9.2,123
368190690,0.0010989011,0.010439442,0.0,0.1,364
368190870,0.0,,0.0,0.0,1
368191420,0.9506596,1.9837617,0.0,6.4,379
368191530,0.0,0.0,0.0,0.0,17
368191690,0.0010638299,0.010277442,0.0,0.1,282
368191710,0.060000002,0.13340628,0.0,2.1,435
368191790,0.0,0.0,0.0,0.0,17
368191810,0.011570248,0.048631407,0.0,0.3,121
368191980,0.05591716,0.12437578,0.0,1.1,338
368192060,0.0,0.0,0.0,0.0,236
368192140,5.778,3.833967,0.0,9.4,50
368192150,3.1532893,2.9839287,0.0,8.2,152
368192230,5.50305,4.1343737,0.0,10.3,459
368192240,4.355066,0.8335914,0.0,5.3,227
368192310,5.8528094,5.424693,0.0,19.1,89
368192510,0.0007371008,0.008564285,0.0,0.1,407
368192530,0.06984127,0.06959292,0.0,0.4,126
368192680,0.013888889,0.035350367,0.0,0.2,396
368192730,0.0,0.0,0.0,0.0,14
368192870,2.3615384,1.611696,0.1,4.8,13
368192980,0.2690141,0.8333093,0.0,5.8,355
368193060,0.010169492,0.030484114,0.0,0.1,59
368193180,1.5036347,2.2313359,0.0,6.1,1128
368193290,0.05560748,0.06699544,0.0,0.4,428
368193410,0.0,0.0,0.0,0.0,347
368193690,0.0,0.0,0.0,0.0,309
368193830,2.1683943,3.082714,0.0,7.5,791
368193850,7.0781093,6.2023077,0.0,26.5,201
368194070,0.0,0.0,0.0,0.0,428
368194090,0.054482758,0.06278354,0.0,0.3,290
368194140,0.0,0.0,0.0,0.0,391
368194250,1.579948,2.2307112,0.0,9.5,384
368194280,0.037260275,0.05117467,0.0,0.2,365
368194320,0.0006060606,0.0077731493,0.0,0.1,330
368194340,2.9316256,2.2127802,0.0,8.0,566
368194360,0.121590905,0.40942755,0.0,3.0,264
368194460,0.09156909,0.38158813,0.0,7.3,427
368194470,0.0012145749,0.010975884,0.0,0.1,247
368194520,0.006203474,0.024151847,0.0,0.1,403
368194530,0.00480226,0.021411665,0.0,0.1,354
368194570,0.013533834,0.048776936,0.0,0.6,399
368194650,0.0005102041,0.010101526,0.0,0.2,392
368194870,0.28388748,0.32434744,0.0,2.3,391
368194910,0.052102808,0.060212497,0.0,0.3,428
368195010,0.0,,0.0,0.0,1
368195460,5.512121,2.464737,0.7,8.7,66
368195680,5.5342464,1.7554059,0.1,8.3,73
368195880,2.0454855,2.2252643,0.0,10.7,587
368196090,0.208,0.5652005,0.0,4.7,125
368196210,0.10524862,0.15272255,0.0,0.6,362
368196320,3.4161327,4.0770025,0.0,13.8,874
368196410,3.5051534,4.52001,0.0,11.1,815
368196520,0.011704834,0.03218877,0.0,0.1,393
368196580,0.035148513,0.06458286,0.0,0.4,404
368196970,0.014864865,0.036573336,0.0,0.2,296
368197370,2.8504999,0.39501882,0.2,4.8,400
368197440,0.6096975,2.132433,0.0,13.9,1124
368197450,0.0,0.0,0.0,0.0,378
368197760,0.03826087,0.048815098,0.0,0.1,115
368197950,0.04139785,0.07160977,0.0,0.5,372
368197970,0.00067114097,0.008178516,0.0,0.1,298
368198010,,,,,0
368198030,0.043099277,0.05470204,0.0,0.3,413
368198210,0.33656716,1.4221624,0.0,7.2,1072
368198310,0.0026678143,0.017651273,0.0,0.3,1162
368198390,0.013202248,0.05057276,0.0,0.6,356
368198430,0.01764706,0.052859414,0.0,0.2,17
368198580,0.004296875,0.033447262,0.0,0.4,256
368198650,0.0013071896,0.011395568,0.0,0.1,153
368198810,3.934124,0.75101376,2.0,5.3,1096
368198910,0.019003116,0.040853433,0.0,0.2,321
368198930,0.00025188917,0.0050188564,0.0,0.1,397
368199000,13.857895,0.19414465,13.4,14.3,266
368199080,0.0,0.0,0.0,0.0,322
368199140,5.8268294,1.7512559,0.2,8.3,123
368199340,3.3058634,2.6147828,0.0,6.9,307
368199660,0.0013262599,0.011454916,0.0,0.1,377
368199730,0.09,0.19578633,0.0,2.3,320
368199740,0.005676856,0.023150096,0.0,0.1,1145
368199810,1.0296161,2.5573497,0.0,9.0,1094
368199820,0.013333334,0.035186578,0.0,0.1,15
368200040,0.32142857,0.5409089,0.0,1.9,14
368200210,0.0019607844,0.0139333075,0.0,0.1,102
368200240,0.6866953,0.5520198,0.0,4.0,466
368200370,0.1037037,0.105544314,0.0,0.4,27
368200390,0.016237114,0.080748424,0.0,0.9,1164
368200430,0.30941176,1.0688916,0.0,6.2,85
368200560,0.4680115,0.36956045,0.0,4.1,347
368200640,4.4,2.9728935,0.0,9.6,43
368200880,1.3951613,2.2004044,0.0,7.3,62
368201030,4.919623,2.37022,0.0,8.4,1167
368201040,0.7230133,0.52602285,0.0,3.6,604
368201060,0.0,0.0,0.0,0.0,1152
368201160,0.004472574,0.04691762,0.0,1.0,1185
368201170,0.01591512,0.047392357,0.0,0.4,377
368201210,0.0127917025,0.03493299,0.0,0.3,1157
368201230,2.3455856,0.7674759,0.1,7.4,555
368201310,0.0,0.0,0.0,0.0,34
368201460,0.0018867925,0.013638058,0.0,0.1,212
368201480,0.04844125,0.05003573,0.0,0.1,417
368201520,0.0,0.0,0.0,0.0,5
368201560,11.040477,4.7735243,0.0,17.3,84
368201570,4.39726,3.1502047,0.0,8.7,949
368201590,0.0,0.0,0.0,0.0,364
368201690,0.0,0.0,0.0,0.0,333
368201890,4.667143,2.4450753,0.0,7.0,420
368202030,0.0048158644,0.021440525,0.0,0.1,353
368202180,0.0010309279,0.010127123,0.0,0.1,194
368202210,0.0,,0.0,0.0,1
368202230,0.00069767446,0.008333198,0.0,0.1,430
368202290,0.0921659,0.11201868,0.0,0.6,434
368202310,0.006376812,0.025629913,0.0,0.2,345
368202320,0.00023809524,0.0048795003,0.0,0.1,420
368202360,1.6877023,2.7235293,0.0,10.5,618
368202440,2.6834345,3.6941752,0.0,9.6,495
368202480,0.011213236,0.132429,0.0,2.3,1088
368202610,0.0048932387,0.023173956,0.0,0.3,1124
368202660,0.022115383,0.04170337,0.0,0.1,104
368203010,0.018271605,0.038691152,0.0,0.1,405
368203080,0.0021276595,0.014586499,0.0,0.1,47
368203210,1.9110092,2.3829386,0.0,7.2,109
368203220,0.025,0.04345675,0.0,0.1,140
368203320,0.0011627907,0.010732888,0.0,0.1,430
368203340,2.8970802,2.8817105,0.0,7.0,137
368203470,6.7801905,9.938293,0.0,27.9,525
368203490,7.1036763,9.640965,0.0,31.1,136
368203570,1.2041045,1.7606344,0.0,24.1,536
368203650,4.083854,1.7449965,0.0,5.9,384
368203670,1.6628184,2.8928223,0.0,9.0,1178
368203780,0.0,0.0,0.0,0.0,373
368203810,0.00325,0.017754594,0.0,0.1,400
368203850,0.023943663,0.044450272,0.0,0.2,142
368203890,0.3091324,1.1340612,0.0,23.0,438
368204080,0.07272727,0.12720779,0.0,0.3,11
368204540,0.0,0.0,0.0,0.0,11
368204760,0.0010309279,0.0101183895,0.0,0.1,291
368204860,0.04716312,0.1222961,0.0,1.1,282
368204880,0.96680164,2.1387138,0.0,7.3,247
368204960,0.0,0.0,0.0,0.0,284
368205020,8.3,10.341566,0.0,31.9,11
368205110,0.030464718,0.113444045,0.0,2.8,1162
368205140,6.145748,7.4014363,0.0,18.5,588
368205150,0.002631579,0.016222142,0.0,0.1,38
368205160,0.02074074,0.042411152,0.0,0.2,270
368205350,0.5076923,0.40509576,0.0,1.2,13
368205410,2.073743,2.6425927,0.0,9.1,179
368205540,0.0016949152,0.012930024,0.0,0.1,295
368205650,6.2470145,2.9411442,0.0,10.7,134
368205740,0.0,0.0,0.0,0.0,347
368205880,0.0031088083,0.020554297,0.0,0.2,1158
368205920,0.024220625,0.066241324,0.0,0.7,417
368206090,3.215652,2.7576876,0.1,8.5,115
368206120,2.5548253,3.696196,0.0,9.7,487
368206160,0.0,0.0,0.0,0.0,303
368206170,0.0,0.0,0.0,0.0,242
368206360,15.85101,14.332664,0.0,36.2,594
368206640,0.0,0.0,0.0,0.0,243
368206680,0.5380623,1.5170573,0.0,6.5,289
368206920,0.0,0.0,0.0,0.0,92
368207090,9.370047,9.953031,0.0,54.2,424
368207240,0.36301368,0.3319551,0.0,2.5,365
368207380,0.022677597,0.041931972,0.0,0.1,366
368207390,0.0011267606,0.010569824,0.0,0.1,355
368207410,0.055963308,0.05717993,0.0,0.3,327
368207430,0.03957704,0.053130507,0.0,0.3,331
368207550,0.004608295,0.027639356,0.0,0.3,434
368207840,0.00082644634,0.009065761,0.0,0.1,363
368207980,0.0,0.0,0.0,0.0,370
368208110,0.0,0.0,0.0,0.0,26
368208150,0.013033175,0.034404244,0.0,0.2,422
368208250,1.8531818,2.4945946,0.0,5.9,1100
368208480,0.0015384615,0.01233143,0.0,0.1,260
368208710,0.019672131,0.04182025,0.0,0.2,366
368208720,0.0025477707,0.015782243,0.0,0.1,314
368208950,0.0,0.0,0.0,0.0,388
368208960,0.0,0.0,0.0,0.0,5
368209020,3.5046875,2.9354122,0.0,10.3,64
368209090,0.1379085,0.17282732,0.0,1.3,153
368209110,0.2529851,0.59381205,0.0,3.8,268
368209120,0.06356165,0.064308874,0.0,0.3,365
368209160,0.00027247958,0.005219958,0.0,0.1,367
368209230,0.08113208,0.3902563,0.0,2.3,159
368209480,0.001183432,0.013290481,0.0,0.2,338
368209740,1.58,1.0229774,0.2,3.1,30
368209790,0.00024752476,0.004975186,0.0,0.1,404
368209810,0.0,0.0,0.0,0.0,397
368209860,0.0012975779,0.023318863,0.0,0.7,1156
368209870,0.00072992704,0.011018944,0.0,0.2,411
368209880,0.00026041668,0.005098668,0.0,0.1,1152
368209950,0.0040189126,0.01966351,0.0,0.1,423
368210000,0.03187661,0.046659827,0.0,0.1,389
368210220,0.019325154,0.039545555,0.0,0.1,326
368210340,1.0837629,2.6004403,0.0,8.5,1164
368210430,0.004385965,0.021891566,0.0,0.2,342
368210560,1.6703703,1.8260452,0.0,4.8,108
368210570,4.402941,7.259789,0.0,30.4,34
368210750,0.006666667,0.02581989,0.0,0.1,15
368210860,1.502922,2.6916249,0.0,9.3,308
368210940,0.041408215,0.053206213,0.0,0.2,1193
368210950,0.86838114,2.0566459,0.0,7.0,1186
368211000,0.0031007752,0.017367551,0.0,0.1,258
368211010,0.13143632,0.13016857,0.0,1.1,369
368211050,4.536564,1.1192336,0.2,6.4,227
368211260,0.012941177,0.11931176,0.0,1.1,85
368211390,0.0074534165,0.028619913,0.0,0.2,161
368211560,2.220625,2.9553294,0.0,9.6,640
368211620,0.0,0.0,0.0,0.0,287
368211640,1.0714734,2.388159,0.0,10.0,319
368211650,0.002142857,0.017483128,0.0,0.2,420
368211680,5.453704,3.4981241,0.0,10.0,54
368211850,0.21666665,0.14719601,0.1,0.5,6
368211910,0.12257218,0.13264395,0.0,0.9,381
368211990,5.0649147,3.4420402,0.0,12.1,818
368212120,0.013084112,0.047600117,0.0,0.5,321
368212210,0.0445614,0.051118147,0.0,0.2,1140
368212230,0.6083693,2.0104668,0.0,9.6,1159
368212360,0.0,0.0,0.0,0.0,328
368212470,0.1,0.14142136,0.0,0.4,7
368212490,2.4811013,3.4253612,0.0,9.5,672
368212540,0.23039772,0.16593638,0.0,1.1,352
368212550,4.851678,6.1616454,0.0,19.0,298
368212560,0.00091743126,0.016590038,0.0,0.3,327
368212570,0.006722689,0.0250766,0.0,0.1,357
368212720,0.0038461538,0.019611614,0.0,0.1,26
368212770,0.7,0.0,0.7,0.7,2
368212870,0.0,0.0,0.0,0.0,157
368212910,0.0070967744,0.029251011,0.0,0.2,310
368212950,4.1679597,2.298982,0.0,7.9,696
368213010,0.061375663,0.073948026,0.0,0.3,189
368213040,3.8443282,2.239422,0.0,6.4,1146
368213090,3.5445797,3.145293,0.0,12.3,738
368213150,0.0,0.0,0.0,0.0,153
368213250,0.0008583691,0.009244832,0.0,0.1,233
368213310,0.0,,0.0,0.0,1
368213580,0.2,0.17320508,0.1,0.4,3
368213680,0.0,0.0,0.0,0.0,7
368213790,0.0052469135,0.023677414,0.0,0.2,324
368213880,0.0016470588,0.012742651,0.0,0.1,425
368214070,0.00058139535,0.0076138056,0.0,0.1,344
368214090,0.0032258066,0.023085913,0.0,0.2,93
368214170,0.6685665,1.7718523,0.0,6.8,1158
368214190,0.17297794,0.79559827,0.0,7.6,1088
368214210,2.9022813,2.7831545,0.0,8.1,263
368214290,0.0030898878,0.01732873,0.0,0.1,356
368214340,0.08745981,0.08193415,0.0,0.4,311
368214420,0.00071428576,0.008431348,0.0,0.1,420
368214440,0.000390625,0.00625,0.0,0.1,256
368214530,0.0,0.0,0.0,0.0,36
368214730,5.10193,3.2228928,0.0,10.7,1140
368214750,0.0074074073,0.029313125,0.0,0.2,351
368214850,0.0,0.0,0.0,0.0,318
368214910,0.0,0.0,0.0,0.0,116
368214980,0.0,0.0,0.0,0.0,379
368215010,0.18787879,0.10620805,0.0,0.7,99
368215040,0.5,1.0962056,0.0,3.0,13
368215070,0.0023622047,0.015206821,0.0,0.1,381
368215080,0.0009174312,0.009578263,0.0,0.1,109
368215420,4.720582,7.146888,0.0,18.3,447
368215450,0.025465839,0.04909112,0.0,0.3,161
368215640,0.400954,0.7372816,0.0,5.6,1153
368215660,4.6593704,0.7588803,0.9,6.9,667
368215720,0.0,0.0,0.0,0.0,235
368215830,0.033333335,0.0522233,0.0,0.2,45
368215840,0.0,0.0,0.0,0.0,337
368215990,0.9603535,1.7134372,0.0,6.6,396
368216060,0.004126984,0.019923015,0.0,0.1,315
368216190,0.023425693,0.05203294,0.0,0.3,397
368216220,0.01532258,0.03616663,0.0,0.1,124
368216230,4.1489277,4.6120014,0.0,12.3,746
368216540,9.240506,5.8585563,0.0,17.3,158
368216610,0.0030898878,0.01732873,0.0,0.1,356
368216620,0.0002762431,0.0052558836,0.0,0.1,362
368216630,0.014732143,0.035521984,0.0,0.1,224
368216660,0.010933333,0.031247389,0.0,0.1,375
368216870,0.23846154,0.26492205,0.0,3.7,403
368216940,0.0016260163,0.012699166,0.0,0.1,123
368216950,0.0,0.0,0.0,0.0,377
368217060,0.0006535948,0.008071257,0.0,0.1,306
368217210,0.18342246,0.100630976,0.0,0.5,374
368217370,1.5222799,2.99309,0.0,10.2,1158
368217380,0.3713546,1.3413862,0.0,7.9,1159
368217460,3.3410256,3.1211352,0.0,11.3,234
368217490,2.8614564,3.3565345,0.0,10.8,563
368217520,0.046153847,0.087705806,0.0,0.3,13
368217570,0.0,0.0,0.0,0.0,445
368217630,0.8645669,3.0300214,0.0,20.8,381
368217650,4.483582,1.6317492,0.1,6.4,67
368217830,0.019817073,0.07127474,0.0,0.5,328
368217960,0.022697369,0.042735975,0.0,0.2,304
368217970,0.0,0.0,0.0,0.0,375
368218080,1.5246093,2.8155878,0.0,11.1,512
368218350,3.3432229,3.717785,0.0,9.8,1055
368218440,0.0,,0.0,0.0,1
368218450,0.007421875,0.026264003,0.0,0.1,256
368218480,0.0045731706,0.020922184,0.0,0.1,328
368218520,0.0,0.0,0.0,0.0,19
368218540,5.1474247,2.2838533,0.0,8.5,563
368218660,0.0031088083,0.022578547,0.0,0.3,386
368218740,0.00083102495,0.009090699,0.0,0.1,361
368218770,0.0020833334,0.014319954,0.0,0.1,192
368218880,0.0,0.0,0.0,0.0,59
368218980,0.00023752969,0.004873702,0.0,0.1,421
368218990,1.8399582,2.597526,0.0,6.8,478
368219000,0.0019230769,0.013750053,0.0,0.1,416
368219010,2.3426943,3.4236093,0.0,8.7,965
368219290,0.00095465395,0.009735514,0.0,0.1,419
368219320,0.009444444,0.03370728,0.0,0.2,360
368219510,0.015363882,0.039675232,0.0,0.2,371
368219560,0.084580496,0.13763545,0.0,1.1,441
368219640,5.498667,1.7713221,0.3,7.0,150
368219740,0.023563217,0.043898914,0.0,0.2,174
368219810,0.07414248,0.06478692,0.0,0.4,379
368219850,0.019944597,0.06272513,0.0,0.7,361
368219890,0.19957627,0.36040762,0.0,2.8,472
368219910,0.0,0.0,0.0,0.0,425
368219920,3.3934522,0.21918191,2.5,4.1,168
368219940,1.4993334,2.0438237,0.0,5.5,450
368220120,0.033738602,0.04862442,0.0,0.2,329
368220140,0.18536586,0.23233789,0.0,3.5,287
368220260,0.0015479876,0.014662456,0.0,0.2,323
368220360,0.004076739,0.028717354,0.0,0.4,417
368220470,3.295699,7.975427,0.0,29.4,186
368220530,0.0038554217,0.019276235,0.0,0.1,415
368220550,0.9307054,2.5534313,0.0,10.0,482
368220710,0.2667565,1.2785622,0.0,9.3,1113
368220830,8.057432,7.6740336,0.0,20.9,296
368220840,0.010606061,0.031027472,0.0,0.1,66
368220860,0.0035149385,0.018423826,0.0,0.1,1138
368220940,0.51934654,1.2264001,0.0,6.4,1163
368220970,0.0,0.0,0.0,0.0,406
368221140,0.003986711,0.021230163,0.0,0.2,301
368221170,11.218056,3.581892,4.9,15.3,72
368221230,0.0020565554,0.014210744,0.0,0.1,389
368221290,0.01152648,0.031983983,0.0,0.1,321
368221370,0.0,0.0,0.0,0.0,354
368221480,0.2328877,0.11326831,0.0,0.5,374
368221650,0.0,0.0,0.0,0.0,344
368221670,0.0,0.0,0.0,0.0,75
368221820,0.7,,0.7,0.7,1
368221890,0.009433962,0.029509783,0.0,0.1,53
368222000,0.0011792453,0.01080784,0.0,0.1,424
368222010,1.397351,2.7252712,0.0,10.0,302
368222040,0.0,0.0,0.0,0.0,41
368222060,7.0651584,1.8805484,0.0,10.5,221
368222090,0.010526316,0.037369184,0.0,0.4,399
368222160,3.9716854,2.0253034,0.0,7.3,445
368222210,0.00028571428,0.005345225,0.0,0.1,350
368222260,0.24725372,0.97033614,0.0,9.2,1147
368222310,0.011111111,0.043606732,0.0,0.4,396
368222350,0.015681233,0.03779845,0.0,0.2,389
368222460,0.00072815537,0.008512415,0.0,0.1,412
368222530,0.011864408,0.03242866,0.0,0.1,177
368222580,0.025,0.05,0.0,0.1,4
368222710,0.0,0.0,0.0,0.0,295
368222740,0.0,0.0,0.0,0.0,171
368222770,0.018819189,0.04363239,0.0,0.2,271
368222780,0.0032258066,0.03098252,0.0,0.5,372
368222890,2.9897652,2.9078941,0.0,11.9,1192
368222930,0.0,0.0,0.0,0.0,397
368222990,0.3,,0.3,0.3,1
368223120,0.0,0.0,0.0,0.0,425
368223280,0.12345787,0.21379925,0.0,1.8,1151
368223330,0.026666667,0.10327956,0.0,0.4,15
368223490,0.050935723,0.051614203,0.0,0.2,1229
368223520,0.004054054,0.019789293,0.0,0.1,148
368223620,2.6587458,3.3243604,0.0,10.0,303
368223870,0.16442578,0.16758536,0.0,1.3,357
368223910,2.0344827,2.6980517,0.0,6.6,29
368223930,0.020807454,0.063897066,0.0,0.4,322
368224110,0.00040000002,0.0063245553,0.0,0.1,250
368224160,0.0,0.0,0.0,0.0,266
368224220,0.0,0.0,0.0,0.0,6
368224240,0.0,0.0,0.0,0.0,8
368224370,0.0002762431,0.0052558836,0.0,0.1,362
368224470,0.0050000004,0.021978417,0.0,0.1,60
368224560,0.0010075567,0.009999619,0.0,0.1,397
368224680,0.061870508,0.064034835,0.0,0.3,278
368224740,8.366222,3.8181365,0.0,11.6,826
368224770,4.70317,3.1809523,0.0,8.6,347
368224820,0.19285715,0.22001499,0.0,0.7,14
368224850,6.914853,12.335614,0.0,33.9,1158
368224960,4.2222223,2.6981144,0.0,8.1,63
368225120,0.0013192613,0.011424976,0.0,0.1,379
368225180,0.056967214,0.15763368,0.0,1.0,244
368225320,0.21445477,0.68040174,0.0,7.3,1183
368225360,0.040852133,0.07641645,0.0,0.7,399
368225790,1.3656634,2.2175663,0.0,7.4,731
368225820,0.04493671,0.09744995,0.0,0.9,158
368225830,0.026005361,0.06345238,0.0,0.5,373
368225850,6.5870967,7.6940436,0.0,28.2,93
368225870,0.0,0.0,0.0,0.0,363
368225950,0.023636363,0.087886035,0.0,1.0,275
368226070,1.201402,1.5988693,0.0,4.4,214
368226270,0.010734463,0.030998906,0.0,0.1,354
368226320,0.0034161492,0.030887306,0.0,0.5,322
368226540,0.0058419243,0.023493854,0.0,0.1,291
368226740,0.002,0.014046902,0.0,0.1,150
368226810,0.015730336,0.0364599,0.0,0.1,356
368227050,3.73125,3.3595576,0.0,9.3,64
368227160,0.0002793296,0.0052851643,0.0,0.1,358
368227350,4.530786,3.5601354,0.0,10.2,458
368227370,3.449123,6.1958256,0.0,30.9,57
368227690,5.2181034,4.1347017,0.0,10.2,116
368227820,4.203019,3.6819777,0.0,9.3,1093
368227860,0.32830188,0.29795855,0.0,2.0,265
368227920,0.08,0.17511901,0.0,0.5,10
368228250,,,,,0
368228270,0.58137935,0.49736443,0.0,3.5,435
368228320,0.84499997,1.0091554,0.0,2.9,20
368228510,6.576647,2.962536,0.0,9.2,167
368228530,0.036363635,0.050452497,0.0,0.1,11
368228540,0.25278687,0.30359757,0.0,2.1,305
368228590,0.0,0.0,0.0,0.0,281
368228610,0.004295943,0.020300807,0.0,0.1,419
368228670,0.0,0.0,0.0,0.0,30
368228720,0.007023412,0.025596956,0.0,0.1,299
368228790,0.15,0.09235482,0.0,0.3,18
368228950,0.2,,0.2,0.2,1
368228980,3.143391,7.356233,0.0,28.5,348
368229090,0.00027855154,0.005277798,0.0,0.1,359
368229350,0.019345239,0.051376745,0.0,0.4,336
368229360,0.2,0.28284273,0.0,0.4,2
368229440,0.0019323672,0.013799369,0.0,0.1,207
368229610,0.06666667,0.077849895,0.0,0.2,12
368229640,0.0,0.0,0.0,0.0,78
368229680,0.0184,0.03890435,0.0,0.1,125
368229980,0.05652174,0.060029738,0.0,0.2,230
368229990,1.1704081,4.362247,0.0,30.0,392
368230000,0.00051457976,0.0071580117,0.0,0.1,1166
368230010,0.91188383,1.9330033,0.0,10.4,1136
368230090,0.027142858,0.04868047,0.0,0.2,210
368230140,0.7,0.0,0.7,0.7,243
368230230,5.324373,1.9660192,0.0,8.0,279
368230420,0.8543726,1.2985789,0.0,6.4,263
368230530,3.22537,3.7269733,0.0,10.6,473
368230570,0.008683474,0.028198795,0.0,0.1,357
368230610,0.01408046,0.03483207,0.0,0.1,348
368230630,0.0,0.0,0.0,0.0,4
368230810,0.000353045,0.005933881,0.0,0.1,1133
368230820,0.36677685,1.4976373,0.0,9.5,605
368230830,0.09026702,0.5976679,0.0,7.8,1161
368230870,0.0008510638,0.009205579,0.0,0.1,235
368231080,0.8221219,2.5524201,0.0,10.8,443
368231390,0.012403102,0.03528071,0.0,0.2,387
368231440,0.30247253,0.30912554,0.0,2.0,364
368231830,0.017149758,0.06240221,0.0,0.8,414
368231870,0.0,0.0,0.0,0.0,376
368231890,0.36573607,1.3107574,0.0,6.9,394
368231960,0.045454547,0.05096472,0.0,0.1,22
368232030,0.17732759,0.27560228,0.0,2.0,1160
368232270,0.012619048,0.03600315,0.0,0.2,420
368232490,0.15,0.6005374,0.0,3.0,32
368232580,0.0,0.0,0.0,0.0,34
368232640,0.0,0.0,0.0,0.0,234
368233010,0.8653179,2.3593686,0.0,10.4,346
368233070,0.012531328,0.048529726,0.0,0.6,399
368233230,0.15359117,0.10151664,0.0,0.6,362
368233270,0.1,,0.1,0.1,1
368233430,0.0009975062,0.00995,0.0,0.1,401
368233450,0.0,0.0,0.0,0.0,128
368233490,2.5553672,3.5900156,0.0,9.4,531
368233530,0.012535613,0.03401022,0.0,0.2,351
368233610,,,,,0
368233680,0.0039877305,0.01959717,0.0,0.1,326
368234060,0.13125001,0.1080586,0.0,0.7,272
368234090,0.0,0.0,0.0,0.0,1158
368234140,0.0064705885,0.024636874,0.0,0.1,340
368234160,0.0,0.0,0.0,0.0,399
368234210,0.0,,0.0,0.0,1
368234270,0.0021680216,0.014583492,0.0,0.1,369
368234430,0.0023026315,0.015023432,0.0,0.1,304
368234460,0.0,0.0,0.0,0.0,402
368234630,0.0050314465,0.02192837,0.0,0.1,159
368234660,0.0017857143,0.013272872,0.0,0.1,224
368234720,3.6590047,5.0779295,0.0,17.2,422
368234760,5.7505493,1.435953,0.7,7.9,182
368234980,5.5,0.6531974,4.7,6.3,4
368235150,0.0016025641,0.012577569,0.0,0.1,312
368235240,0.023308272,0.043240823,0.0,0.2,266
368235330,0.17936508,0.12720156,0.0,0.5,63
368235510,0.0015625,0.0125,0.0,0.1,64
368235530,6.4333334,5.3323903,0.0,17.6,39
368235570,5.974713,2.0543227,0.0,9.7,522
368235610,0.02,0.07811972,0.0,1.2,410
368235760,1.4565487,2.862193,0.0,11.2,1130
368235810,0.0,0.0,0.0,0.0,354
368235930,0.0,0.0,0.0,0.0,4
368236020,0.0035911605,0.01863273,0.0,0.1,362
368236120,0.0,0.0,0.0,0.0,388
368236130,0.0,0.0,0.0,0.0,223
368236230,0.8327731,1.3478932,0.0,5.5,357
368236270,0.0,0.0,0.0,0.0,66
368236280,0.0,0.0,0.0,0.0,655
368236370,0.0,0.0,0.0,0.0,256
368236380,0.11639676,0.3273137,0.0,3.3,494
368236420,0.0027027028,0.0164399,0.0,0.1,37
368236480,0.0034188034,0.018249346,0.0,0.1,117
368236560,0.0011730206,0.01078272,0.0,0.1,341
368236580,0.021359224,0.041084055,0.0,0.1,206
368236750,0.038051043,0.070808664,0.0,0.6,431
368236870,0.07919075,0.23950537,0.0,3.6,346
368236890,6.3725276,4.553393,0.0,18.9,182
368236960,0.0,0.0,0.0,0.0,8
368237000,0.0012362638,0.011057395,0.0,0.1,728
368237050,,,,,0
368237080,2.8611112,2.6909208,0.0,8.5,90
368237090,0.6490196,1.8239737,0.0,7.7,102
368237160,0.81573176,1.6974976,0.0,7.5,820
368237180,0.0005952381,0.0077151675,0.0,0.1,168
368237190,5.4262342,4.3089895,0.0,11.5,709
368237220,0.00046224962,0.006788394,0.0,0.1,649
368237340,1.9958581,2.5419607,0.0,9.4,1183
368237580,0.0007751938,0.008804509,0.0,0.1,129
368237610,0.0,0.0,0.0,0.0,399
368237830,0.0,0.0,0.0,0.0,29
368237860,0.022352941,0.041908264,0.0,0.1,85
368237970,0.0007058824,0.008381842,0.0,0.1,425
368238240,0.0032128515,0.01982074,0.0,0.2,249
368238280,1.5007557,2.5545611,0.0,8.1,397
368238310,0.81213015,0.6554394,0.0,5.0,676
368238390,0.0005249344,0.007235696,0.0,0.1,381
368238510,0.0021276595,0.0144497175,0.0,0.1,376
368238870,0.275,0.16993396,0.0,0.9,344
368239110,0.01011334,0.03016368,0.0,0.1,1147
368239150,6.3358026,10.322234,0.0,32.5,162
368239220,0.0037037039,0.01924501,0.0,0.1,27
368239230,0.025,0.0452267,0.0,0.1,12
368239240,0.14951457,0.17594217,0.0,0.9,103
368239330,0.00025510206,0.005050763,0.0,0.1,392
368239350,0.26527777,0.28731564,0.0,1.9,432
368239440,0.0,0.0,0.0,0.0,2
368239450,0.0,0.0,0.0,0.0,282
368239580,0.031796116,0.060280588,0.0,0.4,412
368239680,0.00072815537,0.008512415,0.0,0.1,412
368239870,0.003870968,0.019321404,0.0,0.1,310
368239920,0.03301887,0.0471394,0.0,0.1,212
368239930,0.0009646303,0.012663207,0.0,0.2,311
368240000,0.0,0.0,0.0,0.0,382
368240440,0.07000001,0.13429253,0.0,0.6,30
368240930,0.0023809525,0.015337099,0.0,0.1,84
368240990,0.029972753,0.059375156,0.0,0.4,367
368241040,0.0,0.0,0.0,0.0,66
368241130,0.008296943,0.029187523,0.0,0.2,229
368241160,3.8374999,2.604023,0.0,9.8,184
368241220,4.0601563,3.303192,0.0,10.0,128
368241270,0.029530201,0.045771696,0.0,0.1,149
368241370,1.9370967,2.9898334,0.0,9.0,186
368241390,0.025,0.05,0.0,0.1,4
368241480,0.0,0.0,0.0,0.0,246
368241640,6.961979,3.9045146,0.0,13.8,384
368242010,0.06437909,0.103412785,0.0,0.7,306
368242030,0.020499999,0.040471468,0.0,0.1,200
368242390,1.732059,3.046162,0.0,8.5,1151
368242650,0.025423728,0.047477283,0.0,0.2,118
368242740,0.0,0.0,0.0,0.0,378
368242770,0.44155732,1.6874774,0.0,8.3,1143
368242780,0.036981132,0.06506363,0.0,0.5,265
368242990,0.0,0.0,0.0,0.0,19
368243320,0.22406419,0.8324782,0.0,6.0,187
368243370,0.7785714,2.7839859,0.0,25.5,406
368243490,0.0,0.0,0.0,0.0,256
368243510,1.5930787,5.7819943,0.0,28.2,419
368243680,0.0,0.0,0.0,0.0,304
368244180,0.0002631579,0.005125386,0.0,0.1,1140
368244410,0.02010582,0.04013227,0.0,0.1,378
368244450,0.683871,0.48570257,0.0,2.1,155
368244630,4.222283,0.67475414,0.0,5.2,184
368244690,0.042857144,0.05345225,0.0,0.1,7
368244850,0.00027855154,0.005277798,0.0,0.1,359
368245060,0.15416667,0.15089743,0.0,0.8,288
368245430,1.822327,4.499566,0.0,17.5,318
368245570,0.0002754821,0.005248639,0.0,0.1,363
368245860,0.5729572,0.4591587,0.0,3.9,514
368246030,0.030000001,0.04830459,0.0,0.1,10
368246050,0.009677419,0.029806355,0.0,0.1,62
368246210,0.0,0.0,0.0,0.0,214
368246350,0.0,,0.0,0.0,1
368246410,0.05,0.07071068,0.0,0.1,2
368246530,0.027906979,0.16807818,0.0,1.1,43
368247000,0.6641204,0.26017067,0.0,1.4,432
368248000,2.4542763,2.034808,0.1,10.0,608
368251000,0.00023474179,0.0048450157,0.0,0.1,426
368268000,0.011607143,0.032175016,0.0,0.1,112
368275000,4.112658,2.6441696,0.0,8.1,79
368293000,0.0010638299,0.010263754,0.0,0.1,1128
368302000,0.0,0.0,0.0,0.0,12
368311000,1.6863999,4.9828267,0.0,21.2,1125
368312000,12.504285,6.322708,0.0,20.3,420
368315000,0.005645161,0.03445846,0.0,0.3,124
368335000,0.5159196,0.17332135,0.2,1.2,647
368351000,0.0,0.0,0.0,0.0,1137
368380000,0.00088339223,0.0093614245,0.0,0.1,1132
368394000,0.03361111,0.06641026,0.0,0.5,360
368396216,8.402063,12.548021,0.0,32.3,1163
368400000,0.0008888889,0.009407022,0.0,0.1,225
368413000,0.9536017,2.3787336,0.0,7.8,472
368414100,0.0010178117,0.010049987,0.0,0.1,393
368417000,0.99794877,3.9660668,0.0,25.8,195
368422000,0.13263159,0.57601756,0.0,3.4,95
368424000,0.002542373,0.015807953,0.0,0.1,118
368438000,0.0039944905,0.02028813,0.0,0.2,726
368445000,0.9150106,2.227973,0.0,11.1,473
368446000,0.00047281323,0.00686799,0.0,0.1,423
368456000,7.2716365,0.820208,3.4,9.4,892
368465000,0.0011820331,0.010820486,0.0,0.1,423
368468000,8.5404415,1.3924954,0.0,9.9,1177
368469816,0.0,,0.0,0.0,1
368473000,13.604618,2.67811,0.0,16.2,1191
368477000,1.6200804,3.138224,0.0,9.4,498
368481000,0.46372965,1.490059,0.0,11.5,1169
368485000,0.0,0.0,0.0,0.0,434
368492000,8.266666,0.287518,7.9,8.7,6
368502516,10.534848,7.0077076,0.0,18.0,198
368504000,1.6230973,3.2985606,0.0,11.3,1130
368508000,0.030573249,0.25611463,0.0,4.0,785
368515000,11.217156,0.54933053,9.7,12.3,647
368528000,0.0059701493,0.024751717,0.0,0.2,402
368530000,0.00074626866,0.008638685,0.0,0.1,134
368542000,2.1993902,4.3275385,0.0,12.3,984
368555000,0.0010563381,0.010227905,0.0,0.1,1136
368584000,0.0826467,0.16058016,0.0,2.2,801
368589000,2.0566597,4.1636343,0.0,11.8,473
368591000,0.008163266,0.027664168,0.0,0.1,49
368609000,0.00026929984,0.005184746,0.0,0.1,1114
368612000,21.181856,15.769946,0.0,40.3,485
368613000,0.021142857,0.05254396,0.0,0.6,350
368615000,0.7262009,0.27363408,0.1,1.7,916
368641000,0.004918033,0.021654038,0.0,0.1,366
368644000,0.012403101,0.035372466,0.0,0.2,129
368661000,0.0038690479,0.020802572,0.0,0.2,336
368678000,0.7,,0.7,0.7,1
368681000,0.00017211704,0.004146912,0.0,0.1,1162
368683000,0.001222494,0.010995576,0.0,0.1,818
368707000,0.0,0.0,0.0,0.0,419
368708000,0.0013513514,0.011557112,0.0,0.1,518
368720000,0.00017809439,0.004218242,0.0,0.1,1123
368727000,0.0,0.0,0.0,0.0,398
368728000,0.0,0.0,0.0,0.0,376
368729000,0.076103896,0.05204555,0.0,0.2,385
368731000,0.0008645533,0.009271224,0.0,0.1,347
368732000,0.011056511,0.034392893,0.0,0.2,407
368756000,0.0,0.0,0.0,0.0,1193
368765000,0.019738168,0.044372097,0.0,0.3,993
368766000,0.07186701,0.055250876,0.0,0.2,391
368777000,5.345563,5.3551083,0.0,13.1,586
368779000,5.6939287,8.429425,0.0,24.1,560
368789000,0.0022900763,0.0150161395,0.0,0.1,131
368792000,0.0,0.0,0.0,0.0,58
368806000,0.012784091,0.03343879,0.0,0.1,352
368817000,0.0,0.0,0.0,0.0,377
368850000,0.0054117646,0.022651635,0.0,0.1,425
368856000,0.049500003,0.05707797,0.0,0.3,400
368857000,0.07183771,0.062783994,0.0,0.3,419
368872000,9.170721,2.7427015,4.7,18.5,888
368887000,0.0,0.0,0.0,0.0,322
368888000,0.0,0.0,0.0,0.0,339
368922000,0.0,0.0,0.0,0.0,429
368926001,0.0,0.0,0.0,0.0,296
368926014,0.002102804,0.014364564,0.0,0.1,428
368926022,0.3214876,0.59849906,0.0,3.2,121
368926035,0.048771933,0.39523977,0.0,6.8,1140
368926038,,,,,0
368926043,0.17075758,0.6961695,0.0,7.2,660
368926054,5.7324786,3.258274,0.0,12.5,117
368926067,0.07471264,0.067521594,0.0,0.3,174
368926068,0.0030965393,0.017330289,0.0,0.1,1098
368926074,0.014634146,0.035388004,0.0,0.1,410
368926105,2.5881188,1.0452069,0.0,3.6,101
368926159,12.403334,12.206485,0.0,25.7,30
368926226,0.050943397,0.054145962,0.0,0.2,53
368926257,2.0870056,5.0457397,0.0,19.3,354
368926258,1.7312217,3.2064774,0.0,9.4,1105
368926261,0.008510639,0.027937036,0.0,0.1,423
368926266,3.452727,4.5478234,0.0,15.8,110
368926271,9.860416,3.4726126,2.7,13.8,48
368926278,2.0435483,1.4086894,0.0,7.0,372
368926285,0.0015189874,0.012246269,0.0,0.1,395
368926288,3.0484536,6.464102,0.0,37.9,485
368926293,3.9761467,12.224708,0.0,53.8,436
368926296,0.0022222223,0.014758787,0.0,0.1,405
368926299,0.0,0.0,0.0,0.0,404
368926303,0.0,0.0,0.0,0.0,1159
368926304,5.545038,8.735306,0.0,30.6,131
368926305,9.973563,13.1521015,0.0,38.8,87
368926312,3.055,2.6141455,0.0,7.5,120
368926317,0.0,0.0,0.0,0.0,379
368926323,3.895652,3.8478422,0.4,16.9,23
368926409,3.707059,3.075471,0.0,9.6,85
368926465,5.0761905,1.7389666,0.3,8.4,84
368926485,0.008641975,0.028185416,0.0,0.1,162
368926517,4.8142858,1.4008161,0.4,6.7,21
368926529,0.07926606,0.05726722,0.0,0.3,1090
368926530,0.0,0.0,0.0,0.0,401
368926574,0.008333333,0.038651515,0.0,0.4,276
368926615,5.705954,4.193241,0.0,10.2,739
368926637,3.9165218,3.4212937,0.0,9.8,115
368926638,0.030496456,0.046059664,0.0,0.1,1128
368926646,1.78,1.9626513,0.0,5.1,5
368926654,7.3608694,8.077964,0.7,33.5,138
368926667,1.1365385,1.9809909,0.0,7.0,52
368926689,0.0038071065,0.019161118,0.0,0.1,394
368926695,0.004833837,0.021480497,0.0,0.1,331
368941000,0.7831692,2.6992702,0.0,11.8,1117
368949000,0.0,0.0,0.0,0.0,394
368952000,0.036018956,0.23642485,0.0,4.8,422
368954410,0.079952836,0.08476918,0.0,0.4,424
368958000,0.0298583,0.046663556,0.0,0.2,988
368959924,0.1,,0.1,0.1,1
368975000,0.04535809,0.05394976,0.0,0.2,377
368988000,0.0,0.0,0.0,0.0,430
368989000,0.0,0.0,0.0,0.0,441
368991000,0.0,0.0,0.0,0.0,423
368992000,0.0,0.0,0.0,0.0,207
369008000,3.7882898,3.9818668,0.0,10.2,649
369010000,0.018677391,0.042712614,0.0,0.2,1119
369015000,1.1767544,3.0803788,0.0,17.1,456
369020000,8.462229,5.8940983,0.0,14.4,736
369021000,4.5413795,5.0055275,0.0,15.5,377
369025000,0.00944206,0.029304251,0.0,0.1,233
369037000,0.0,0.0,0.0,0.0,372
369040000,9.425955,3.3198419,0.0,14.2,1048
369042000,2.7850952,4.5739436,0.0,12.9,577
369043000,16.25583,1.400112,7.4,17.6,892
369045000,0.0025974025,0.032232918,0.0,0.4,154
369050000,0.008571429,0.028196296,0.0,0.1,70
369070000,0.00072992704,0.008522714,0.0,0.1,411
369077000,0.045161292,0.050370336,0.0,0.2,372
369080000,1.6382838,2.5132942,0.0,7.1,606
369081000,0.0,0.0,0.0,0.0,253
369093000,0.043333333,0.20556854,0.0,1.3,90
369098000,0.0005286344,0.0072546783,0.0,0.1,1135
369102000,0.0,0.0,0.0,0.0,4
369108000,7.4355893,2.708165,0.0,10.2,458
369109000,11.554286,0.9492978,6.6,13.2,805
369112000,0.0035616441,0.019984188,0.0,0.2,365
369113000,0.36376473,0.11758153,0.1,1.4,425
369118000,0.0035326085,0.041280843,0.0,0.7,368
369123000,0.00032467532,0.005698029,0.0,0.1,308
369124000,0.0036855037,0.025522701,0.0,0.4,407
369125000,0.0030386741,0.01718866,0.0,0.1,362
369131000,5.151736,4.68619,0.0,11.8,1152
369134000,0.0,0.0,0.0,0.0,400
369139000,4.502228,4.0056396,0.0,10.8,808
369141000,0.0,0.0,0.0,0.0,19
369155000,0.5141531,1.6030085,0.0,6.7,431
369193000,0.0,0.0,0.0,0.0,417
369202000,0.0,0.0,0.0,0.0,409
369204000,0.90652174,1.5018244,0.0,4.2,184
369213000,9.37284,6.886218,0.2,24.2,81
369223000,0.109951064,0.50573397,0.0,3.7,613
369224000,0.051538464,0.050169658,0.0,0.1,130
369225000,14.003729,0.5953866,12.7,15.2,590
369230000,0.58270943,2.070498,0.0,11.0,1122
369232000,0.57895875,1.2307526,0.0,5.9,461
369240000,0.0,0.0,0.0,0.0,223
369251000,0.04866828,0.05423268,0.0,0.3,413
369255000,0.0,0.0,0.0,0.0,170
369258000,1.74375,7.9467826,0.0,55.6,80
369260000,1.9815385,1.8014657,0.0,4.5,65
369262000,7.1352015,6.598228,0.0,15.6,696
369264000,7.9862957,9.359534,0.0,25.0,467
369272000,9.419719,4.6289477,0.0,15.0,213
369273000,0.010256411,0.034003567,0.0,0.3,429
369285000,14.848267,9.321353,0.0,24.0,750
369286000,2.6941667,3.051857,0.0,9.3,120
369292000,0.0019337016,0.013789716,0.0,0.1,362
369296000,21.908474,0.3298733,21.4,22.6,118
369302000,0.0,0.0,0.0,0.0,338
369303000,0.0026570046,0.04475051,0.0,0.9,414
369305000,0.00064102566,0.008006408,0.0,0.1,156
369307000,2.6798296,3.7645335,0.0,10.4,704
369308000,0.01368421,0.037503265,0.0,0.2,95
369315000,2.1159375,2.1420033,0.0,6.5,320
369320000,0.060573474,0.09418924,0.0,1.0,279
369322000,0.0,0.0,0.0,0.0,428
369336000,0.0,0.0,0.0,0.0,210
369338000,4.3350906,4.528458,0.0,11.1,607
369339000,13.621514,8.2746725,0.0,21.6,753
369342000,0.031486146,0.26400936,0.0,3.9,794
369347000,9.836987,2.3060663,0.0,11.6,365
369355000,0.0,0.0,0.0,0.0,216
369359000,0.0,0.0,0.0,0.0,371
369361000,3.192829,2.46509,0.0,7.6,251
369363000,0.0038724374,0.020463625,0.0,0.2,439
369365000,0.004843305,0.02278887,0.0,0.2,351
369369000,3.4287233,3.7689023,0.0,10.9,188
369371000,0.00087108015,0.020869596,0.0,0.5,574
369375000,1.1744186,3.27793,0.0,48.7,344
369377000,0.0,0.0,0.0,0.0,1116
369378000,0.051211074,0.19788559,0.0,1.6,1156
369385000,4.183992,4.7242517,0.0,11.1,481
369389000,0.08785715,0.100690596,0.0,0.5,420
369460000,0.024175825,0.04537122,0.0,0.2,364
369463000,0.0,0.0,0.0,0.0,423
369493006,9.8,6.5011077,0.0,19.7,51
369493061,3.5278687,4.4109383,0.0,20.7,61
369493104,7.7175,6.710034,0.0,26.4,40
369493129,0.8084906,2.9373636,0.0,22.0,1060
369493332,0.24,0.61776423,0.0,2.7,50
369493342,0.027586207,0.14855628,0.0,0.8,29
369493387,10.074036,2.5601637,5.2,19.2,570
369493412,7.1849055,7.4895415,0.0,23.6,212
369493413,7.1843886,7.213932,0.0,24.7,237
369493415,7.2373786,7.2787504,0.0,25.0,206
369493434,5.257652,7.145314,0.0,21.3,477
369493484,4.406952,4.8831735,0.0,11.0,187
369493541,0.009663121,0.030735902,0.0,0.2,1128
369493581,0.0015440509,0.012335283,0.0,0.1,1101
369493607,1.8671097,3.2914355,0.0,27.9,301
369493624,0.3974286,1.2985419,0.0,11.1,350
369493669,0.008333334,0.028867515,0.0,0.1,12
369493692,3.184175,5.7953954,0.0,29.7,297
369493705,0.0036837375,0.021518284,0.0,0.3,1113
369493709,7.0303917,10.856543,0.0,36.1,102
369493714,10.370249,9.799866,0.0,29.9,242
369493742,6.8848486,10.344545,0.0,30.7,66
369493757,0.016666668,0.04082483,0.0,0.1,6
369493763,0.0,0.0,0.0,0.0,8
369493771,4.853077,7.985968,0.0,41.6,130
369494225,10.072414,10.223953,0.0,31.2,29
369494390,0.005,0.021872751,0.0,0.1,140
369494392,0.020212766,0.042839803,0.0,0.2,188
369494396,0.0,0.0,0.0,0.0,50
369494403,0.02857143,0.05037006,0.0,0.2,126
369494404,0.008641976,0.029546842,0.0,0.2,729
369494415,0.02080925,0.0481247,0.0,0.5,692
369494416,0.011557789,0.033548873,0.0,0.2,398
369494417,0.0020958083,0.014345892,0.0,0.1,334
369494544,4.6416664,6.788495,0.0,35.6,84
369494594,11.101686,13.32428,0.0,38.6,178
369494595,7.856647,11.39143,0.0,43.7,173
369494596,7.5,14.26798,0.0,45.5,169
369494722,3.0155845,6.3346553,0.0,30.5,154
369494745,7.496154,6.964337,0.0,20.7,26
369494771,0.4,0.4966555,0.0,1.1,4
369499000,0.0,0.0,0.0,0.0,347
369500000,0.0067385444,0.025102688,0.0,0.1,371
369503000,0.0009411765,0.009667044,0.0,0.1,425
369526000,9.899364,1.7085024,6.2,12.3,629
369533000,0.91419625,0.64341444,0.1,10.5,479
369550000,0.2552133,0.154977,0.0,1.0,844
369552000,6.426739,3.320492,0.0,9.7,460
369564000,0.51829267,1.938365,0.0,10.7,1148
369566000,0.8035378,2.7718632,0.0,13.9,424
369567000,0.0,0.0,0.0,0.0,417
369578000,0.016638078,0.03748787,0.0,0.2,1166
369580000,2.1390197,3.8491683,0.0,12.4,510
369583000,0.0,0.0,0.0,0.0,2
369588000,0.06526946,0.047754575,0.0,0.1,167
369599000,3.8688033,0.5170163,2.5,5.3,234
369603000,0.0,0.0,0.0,0.0,10
369604000,0.0,0.0,0.0,0.0,418
369629000,2.148624,2.7586308,0.0,10.6,436
369638000,0.118599564,0.774387,0.0,6.9,457
369702000,0.97127193,2.3453362,0.0,11.7,456
369703000,0.05957447,0.067780025,0.0,0.4,423
369725000,1.4326653,2.1007159,0.0,6.9,499
369748000,0.0014184398,0.01184608,0.0,0.1,282
369768096,0.04015544,0.38929704,0.0,4.7,386
369818000,1.6819694,3.6466594,0.0,11.7,782
369852000,0.0002293578,0.0047891317,0.0,0.1,436
369853000,3.4641578,2.9880588,0.0,12.1,279
369857000,0.00325,0.017754594,0.0,0.1,400
369858000,0.048214287,0.05673896,0.0,0.3,392
369881100,5.875352,3.8231716,0.0,9.4,710
369888000,0.0,0.0,0.0,0.0,443
369906000,5.8194757,6.3425756,0.0,15.5,267
369912000,3.522542,2.6093736,0.0,10.9,834
369928000,0.0,0.0,0.0,0.0,162
369932000,0.019950125,0.04243816,0.0,0.2,401
369943000,0.005172414,0.02234038,0.0,0.1,58
369952000,0.01539154,0.03708773,0.0,0.2,1111
369958000,0.0,0.0,0.0,0.0,364
369970029,4.015854,7.252639,0.0,22.1,492
369970036,3.1629033,5.291325,0.0,15.4,1116
369970039,0.07617702,0.053942397,0.0,0.2,1062
369970062,2.605797,1.7886804,0.1,6.4,69
369970063,2.5880952,2.0232031,0.1,6.5,84
369970070,1.1011494,2.1739736,0.0,8.2,87
369970080,0.0,0.0,0.0,0.0,9
369970091,6.7105136,4.027368,0.0,13.0,818
369970099,5.696142,6.9774313,0.0,23.7,648
369970121,0.0007692308,0.008748005,0.0,0.1,390
369970131,6.4107847,5.1428485,0.0,13.8,102
369970147,12.227092,0.6293201,10.6,15.5,1255
369970276,0.05454546,0.053143766,0.0,0.2,704
369970304,0.045454547,0.05025189,0.0,0.1,55
369970310,0.10793651,0.10087404,0.0,0.7,378
369970311,0.093164556,0.08295838,0.0,0.6,395
369970312,1.0222222,2.1095035,0.0,8.0,441
369970314,0.09513514,0.08728428,0.0,0.5,370
369970315,0.096569926,0.08365875,0.0,0.5,379
369970319,0.7300905,1.7569233,0.0,9.8,442
369970320,0.114750005,0.10408902,0.0,0.7,400
369970321,0.08532609,0.075658076,0.0,0.4,368
369970324,0.11882641,0.10006171,0.0,0.6,409
369970329,0.019508447,0.040804274,0.0,0.2,651
369970379,0.02539936,0.16563164,0.0,2.4,626
369970397,0.056341913,0.09608836,0.0,1.9,1088
369970409,17.23352,7.1340137,0.0,24.5,179
369970415,0.12893805,0.61370796,0.0,5.9,1130
369970432,0.1,,0.1,0.1,1
369970434,0.0033274957,0.017943224,0.0,0.1,1142
369970438,0.16117646,0.89773476,0.0,7.2,255
369970440,0.027914893,0.04673671,0.0,0.2,1175
369970441,0.68384224,1.7243202,0.0,8.6,786
369970443,0.17794792,0.55385214,0.0,4.7,653
369970445,1.2942955,1.9655252,0.0,8.1,1157
369970455,8.164474,1.9681941,3.6,11.6,76
369970472,0.0256,0.16894469,0.0,2.3,625
369970473,0.5058282,1.6775457,0.0,10.7,652
369970474,2.7818182,3.7980509,0.0,16.4,77
369970475,5.8468423,2.3829343,0.0,8.7,190
369970478,0.0048387097,0.021467902,0.0,0.1,1116
369970479,0.07757848,0.06805494,0.0,0.3,1115
369970480,0.53937364,1.470843,0.0,7.2,447
369970481,0.040017985,0.049015507,0.0,0.1,1112
369970482,0.0013636365,0.01162404,0.0,0.1,220
369970502,0.32,0.50946593,0.0,1.4,10
369970503,3.3833888,3.5189986,0.0,13.1,602
369970504,0.009641874,0.029557204,0.0,0.1,363
369970512,0.45144406,1.0213842,0.0,12.7,554
369970517,2.5987544,3.973551,0.0,9.8,562
369970518,0.019493671,0.04030023,0.0,0.2,395
369970556,14.948387,7.307388,3.5,22.5,31
369970559,6.7000003,4.1781178,1.3,12.2,7
369970571,2.0089207,2.2004755,0.0,9.7,908
369970573,0.0,0.0,0.0,0.0,410
369970581,0.0,0.0,0.0,0.0,1102
369970588,0.0,0.0,0.0,0.0,349
369970592,0.024010556,0.0427712,0.0,0.1,379
369970601,12.394285,8.493386,0.0,24.3,35
369970603,2.8776314,4.9717374,0.0,26.1,152
369970622,0.11362007,1.0481642,0.0,28.3,1116
369970628,0.0,0.0,0.0,0.0,658
369970630,0.45981014,1.0896568,0.0,6.9,632
369970637,0.016733069,0.03813818,0.0,0.3,1004
369970656,0.00030721966,0.005538475,0.0,0.1,651
369970657,0.027356902,0.04459781,0.0,0.1,1188
369970708,0.00971867,0.032148257,0.0,0.2,391
369970725,0.00016863407,0.004104775,0.0,0.1,1186
369970732,3.3099127,3.7245615,0.0,8.9,343
369970745,6.617692,10.7537155,0.0,39.6,130
369970759,3.3999999,1.3682106,1.1,4.9,6
369970762,0.88201636,2.4638486,0.0,14.9,367
369970763,6.292063,6.684656,0.0,16.1,504
369970787,6.892,10.748873,0.0,27.9,25
369970789,0.35402504,1.3623381,0.0,25.4,559
369970832,,,,,0
369970839,0.0028985508,0.016796874,0.0,0.1,414
369970891,0.0,0.0,0.0,0.0,5
369970937,0.011711712,0.042999793,0.0,0.4,444
369970966,6.9719296,4.8597956,0.0,13.7,114
369970969,8.838948,1.7789401,2.2,12.8,1122
369970970,12.699254,9.626694,0.0,28.9,402
369970978,0.044496857,0.19126903,0.0,1.7,636
369970979,5.335417,5.4985294,0.0,30.1,48
369990103,0.0,0.0,0.0,0.0,7
369990116,0.0,0.0,0.0,0.0,8
369990118,0.0,0.0,0.0,0.0,13
369990124,5.167742,9.788884,0.0,35.7,31
369990135,0.015384616,0.053990554,0.0,0.3,39
369990152,0.0,0.0,0.0,0.0,4
369990153,3.6926827,8.579871,0.0,40.8,41
369990190,6.071429,8.697174,0.0,39.7,49
369990196,0.0,0.0,0.0,0.0,79
369990206,0.0,0.0,0.0,0.0,3
369990207,0.0,0.0,0.0,0.0,4
369990210,2.3226414,6.111139,0.0,40.0,53
369990211,0.0,,0.0,0.0,1
369990224,0.0,0.0,0.0,0.0,7
369990225,2.9846156,3.1349192,0.0,23.1,182
369990236,0.8360119,3.786352,0.0,29.4,336
369990249,0.0,0.0,0.0,0.0,2
369990276,0.0,0.0,0.0,0.0,5
369990278,0.0,,0.0,0.0,1
369990279,24.17,13.650728,0.0,37.8,80
369990281,3.888702,7.7382164,0.0,39.3,416
369990282,0.0,0.0,0.0,0.0,2
369990296,6.5724487,8.334709,0.0,30.4,98
369990297,3.414658,5.145778,0.0,29.5,307
369990317,7.127193,11.405435,0.0,38.9,114
369990322,3.3846154,5.8166184,0.0,29.8,299
369990323,3.0196552,5.03903,0.0,30.9,290
369990326,2.6013072,4.5692196,0.0,27.3,306
369990372,0.06666667,0.11547006,0.0,0.2,3
369990376,3.964609,9.010492,0.0,41.5,729
369990384,10.160001,14.124035,0.0,42.3,65
369990395,8.445161,10.654526,0.0,36.6,124
369990414,0.042105265,0.05003555,0.0,0.1,38
369990430,5.8532786,2.8638005,0.0,9.2,122
369990438,0.0051282053,0.022345588,0.0,0.1,39
369990440,1.6665442,5.877622,0.0,41.2,272
369990441,7.452632,11.827221,0.0,39.2,247
369990442,3.2542858,6.7363086,0.0,33.9,35
369990449,0.65,1.3,0.0,2.6,4
369990450,12.234454,12.687773,0.0,38.9,238
369990451,0.0,0.0,0.0,0.0,6
369990461,0.74166673,1.6762829,0.0,4.8,12
369990464,0.0,0.0,0.0,0.0,4
369990468,0.0,0.0,0.0,0.0,4
369990469,9.109009,9.94179,0.0,34.1,111
369991000,6.901038,3.906622,0.3,12.6,1156
369992000,2.0285985,3.9534767,0.0,14.3,528
369994000,,,,,0
369996000,0.011611162,0.0320503,0.0,0.1,1111
369997000,0.0,,0.0,0.0,1
369999000,4.2827587,1.9479879,0.4,9.0,116
370037000,0.05595855,0.12474697,0.0,0.9,386
370039000,9.299999,0.14142123,9.2,9.4,2
370045000,0.14508817,0.09927671,0.0,0.6,397
370062000,0.065284975,0.06987374,0.0,0.4,193
370095000,0.00071770337,0.0084513975,0.0,0.1,418
370096000,3.715104,5.8664885,0.0,15.7,576
370101000,13.43125,0.24021162,13.0,13.8,32
370152000,0.47863638,0.18668173,0.0,1.0,440
370163000,0.00325,0.021577802,0.0,0.3,400
370188000,0.0,0.0,0.0,0.0,397
370235000,4.8053765,4.567671,0.0,11.4,651
370269000,0.004854369,0.04706188,0.0,0.9,412
370328000,13.998574,1.6949623,4.1,18.0,1122
370350000,1.6272908,3.4775171,0.0,11.1,502
370360000,0.13959277,0.11042206,0.0,0.6,442
370361000,12.218279,0.3989049,11.0,13.3,279
370375000,0.16467316,0.5933272,0.0,3.1,719
370381000,12.45,0.07071095,12.4,12.5,2
370413000,1.1220056,2.9034636,0.0,9.8,359
370416000,3.010018,4.1526823,0.0,11.3,549
370485000,2.7202632,3.1153479,0.0,12.1,1140
370490000,15.063636,4.7312307,11.5,21.5,11
370491000,16.760204,0.37988845,16.0,17.8,294
370547000,0.0037542663,0.019041259,0.0,0.1,293
370574000,0.10000001,0.16881943,0.0,1.2,401
370602000,0.12165898,0.08574842,0.0,0.5,217
370633000,0.029930396,0.052026335,0.0,0.3,431
370772000,0.10948905,0.09819087,0.0,0.6,411
370825000,0.14164706,0.1443336,0.0,1.2,425
370871000,0.0,0.0,0.0,0.0,8
370894000,8.6214285,6.1027837,0.5,13.9,28
370995000,6.933333,3.473135,2.4,9.2,6
370999000,7.1330953,5.7822776,0.0,12.9,701
371021000,0.6659898,1.7416937,0.0,7.8,394
371059000,3.878003,4.7404895,0.0,15.9,691
371083000,10.489245,1.1633041,8.3,13.7,623
371085000,0.7056034,1.9605424,0.0,9.3,464
371147000,16.16,0.111803226,15.9,16.3,25
371154000,14.37001,7.5134645,0.0,21.6,917
371163000,8.51657,1.724823,3.3,11.7,519
371228000,4.9098735,5.733963,0.0,102.2,790
371243000,9.705193,0.4067639,8.3,10.8,1117
371274000,0.0,0.0,0.0,0.0,407
371353000,0.070297025,0.05923606,0.0,0.2,101
371377000,11.306666,0.16706012,10.9,11.6,45
371414000,9.473978,1.603723,5.3,12.5,807
371449000,1.7104743,1.9428962,0.1,13.0,1012
371559000,19.4,0.10000038,19.3,19.5,3
371705000,0.0,0.0,0.0,0.0,419
371715000,11.047775,5.294111,0.0,16.9,944
371716000,3.4642203,5.3345118,0.0,13.3,436
371765000,0.22913097,0.12741147,0.0,0.7,817
371780000,0.0,0.0,0.0,0.0,436
371880000,5.1072893,4.7098017,0.0,12.4,439
371895000,10.263143,5.179173,0.0,14.2,681
371923000,6.203422,0.954633,3.7,9.2,263
371936000,13.213144,0.31363654,12.4,13.7,563
371951000,10.68443,1.9739175,8.5,14.7,456
371995000,0.10364078,0.09364917,0.0,1.1,412
372044000,0.025790755,0.043801606,0.0,0.1,411
372078000,18.873928,0.2737081,18.0,19.8,537
372089000,9.445361,0.538327,7.8,10.9,97
372092000,0.0,0.0,0.0,0.0,439
372097000,14.886112,0.27491647,14.2,15.3,72
372148000,2.8343627,4.8039894,0.0,13.0,518
372197000,5.6777434,5.2256155,0.0,11.4,647
372213000,0.056862745,0.0590439,0.0,0.2,255
372321000,0.0,0.0,0.0,0.0,433
372339000,5.5322857,4.005024,0.0,10.4,700
372443000,0.17129186,0.16775784,0.0,1.0,418
372487000,13.361739,0.6896088,12.5,14.9,230
372506000,0.007352941,0.026132397,0.0,0.1,408
372623000,0.073399015,0.06278814,0.0,0.3,203
372628000,0.14315546,0.10628296,0.0,0.8,431
372733000,0.30071092,0.2170291,0.0,0.9,422
372750000,0.042222224,0.060279876,0.0,0.2,405
372779000,1.4,0.3197221,0.8,1.9,10
372804000,9.175,0.48626587,8.5,10.2,56
372812000,0.0,,0.0,0.0,1
372828000,0.16396181,0.5751759,0.0,4.4,419
372884000,16.642857,0.19880576,16.2,16.8,7
372905000,11.715547,0.31505024,10.9,12.9,759
372916000,13.530128,0.25283417,13.0,14.0,156
372955000,18.613693,0.26461306,17.9,19.2,241
372956000,12.640245,0.38325047,11.5,13.5,569
372973000,20.442303,1.7906163,16.1,23.0,669
373024000,0.044859815,0.39746466,0.0,5.8,214
373054000,11.1825,0.16312256,10.9,11.5,40
373069000,11.582843,1.0609636,7.9,14.0,816
373124000,3.78463,5.9567304,0.0,17.3,527
373148000,9.180374,0.72169083,6.6,10.1,107
373153000,2.0983756,2.3846056,0.1,11.5,554
373158000,0.0,0.0,0.0,0.0,413
373178000,6.805589,5.584787,0.0,19.7,823
373198000,7.7465982,4.637025,0.0,12.8,485
373285000,0.0,0.0,0.0,0.0,436
373310000,13.376051,5.126779,0.0,17.0,785
373331000,0.06533334,0.06654127,0.0,0.3,150
373412000,0.20548926,0.13012117,0.0,0.7,419
373454000,9.7,0.0,9.7,9.7,2
373471000,0.087850474,0.09503879,0.0,0.5,428
373485000,0.0019093079,0.013701583,0.0,0.1,419
373508000,11.137829,0.48464656,10.3,13.0,571
373582000,7.959155,4.6151185,0.0,18.2,781
373592000,2.086558,3.751335,0.0,12.5,491
373607000,10.772573,4.439607,0.0,15.0,649
373611000,0.04385965,0.054542806,0.0,0.3,513
373649000,0.00072815537,0.008512415,0.0,0.1,412
373721000,0.04464832,0.051604163,0.0,0.2,327
373789000,0.078034684,0.077142134,0.0,0.5,346
373904000,6.6422415,4.684346,0.0,11.7,580
373927000,0.27098444,0.19242153,0.0,1.0,386
373981000,0.4501099,1.7151165,0.0,9.3,455
374092000,2.8711753,4.7157197,0.0,13.3,451
374148000,0.072641514,0.07109085,0.0,0.4,106
374149000,10.375,4.152022,0.1,11.9,8
374158000,0.03344156,0.0479397,0.0,0.2,308
374180000,2.828875,3.1540697,0.3,12.8,1129
374211000,0.0,0.0,0.0,0.0,416
374243000,0.13636364,0.12845233,0.0,0.6,121
374277000,0.0018912529,0.013637748,0.0,0.1,423
374369000,10.361309,1.9541285,3.6,14.9,336
374432000,0.016209476,0.03887925,0.0,0.2,401
374466000,0.80421054,2.2489526,0.0,8.8,475
374487000,12.463513,1.5297345,2.6,14.5,592
374514000,0.22880563,0.16738595,0.0,2.0,427
374581000,6.4665694,5.5833354,0.0,12.6,685
374590000,0.0,0.0,0.0,0.0,428
374606000,10.066624,2.7203128,0.0,12.8,773
374614000,0.8296296,0.31838605,0.2,1.6,54
374678000,9.313073,4.909235,0.0,17.0,872
374723000,9.088372,0.3237061,7.8,9.8,129
374779000,11.4875,0.1457738,11.3,11.7,8
374783000,0.1,0.0,0.1,0.1,2
374794000,0.0,0.0,0.0,0.0,420
374799000,0.025925925,0.04969655,0.0,0.4,405
374875000,11.30929,2.3584244,0.0,14.1,183
374922000,8.13652,4.620443,0.0,13.7,931
374993000,0.6171875,2.767524,0.0,15.3,448
375009000,0.0043269233,0.020370753,0.0,0.1,416
375021000,0.0,0.0,0.0,0.0,88
375076000,0.00073529413,0.008559094,0.0,0.1,272
375112000,0.20472224,0.23545116,0.0,1.7,360
375148000,0.025,0.04380188,0.0,0.1,44
375191000,0.04619883,0.052301686,0.0,0.2,171
375192000,0.16627078,0.36364898,0.0,4.0,421
375314000,0.18879312,0.21744053,0.0,1.6,348
375605000,4.706403,1.9193897,0.0,7.4,1187
375681000,3.1153283,2.8740444,0.1,7.4,137
375902000,12.573223,0.6055096,1.4,13.7,732
375903000,6.9121084,6.6153383,0.0,15.1,479
375939000,11.916831,4.8849363,0.0,15.7,202
376003000,0.059308514,0.075320125,0.0,0.5,376
376132000,0.005134474,0.027080925,0.0,0.2,409
376146000,7.66297,6.7408752,0.0,17.3,532
376278000,0.047692306,0.054737568,0.0,0.3,325
376313000,0.07198068,0.23459826,0.0,3.1,207
376502000,2.4651935,2.844088,0.0,8.3,181
376592000,0.03369272,0.04732981,0.0,0.1,371
376609000,6.151268,4.688918,0.1,13.3,552
376642000,0.007964602,0.028184492,0.0,0.2,339
376903000,0.726087,1.7060721,0.0,7.2,184
377117000,0.013315927,0.033989474,0.0,0.1,1149
377189000,0.017269077,0.037874103,0.0,0.1,249
377245000,0.012439024,0.033042945,0.0,0.1,410
377409000,0.0,0.0,0.0,0.0,411
377769000,0.001935484,0.013821533,0.0,0.1,155
377901123,16.636667,4.2440467,0.0,19.0,330
377906051,0.033333335,0.08164966,0.0,0.2,6
377907000,0.058000006,0.053765114,0.0,0.2,1150
377908000,15.137131,0.58263445,13.2,16.6,237
377911000,5.4415283,1.9963558,0.0,7.8,301
378001152,0.0035230354,0.018461186,0.0,0.1,369
378001159,0.021875001,0.046164934,0.0,0.3,384
378001286,0.0,0.0,0.0,0.0,285
378111294,0.23079848,0.1257122,0.0,0.6,263
378111343,16.537256,10.350863,0.0,25.3,102
378111536,0.048607595,0.050043996,0.0,0.1,395
378111687,0.008830549,0.028407786,0.0,0.1,419
378111844,15.081482,6.2136207,0.0,20.1,54
378111909,1.0336841,1.9564849,0.0,6.5,380
378111921,0.37898734,0.33484444,0.0,2.5,395
378111952,0.033247203,0.0482152,0.0,0.2,1161
378111953,0.011145512,0.032488707,0.0,0.2,323
378111973,25.85,0.29760975,25.3,26.1,8
378111979,0.278673,2.0871556,0.0,28.2,422
378112056,6.1,,6.1,6.1,1
378112084,4.7166667,4.1137977,0.0,8.7,12
378112128,0.18606965,0.10828509,0.0,0.6,402
378112174,4.7905407,2.904987,0.1,7.7,74
378112231,0.0016666666,0.012817177,0.0,0.1,420
378112304,0.0,0.0,0.0,0.0,9
378112317,0.0007751938,0.008804509,0.0,0.1,129
378112323,0.00036231885,0.006019293,0.0,0.1,276
378112381,0.010282776,0.030412495,0.0,0.1,389
378112596,0.0,0.0,0.0,0.0,23
378112626,0.103475936,0.95485985,0.0,12.6,374
378112672,0.027223721,0.27378744,0.0,5.1,371
378112718,0.005423729,0.02413976,0.0,0.2,295
378112811,0.1,0.06324556,0.0,0.2,16
378112837,0.03894737,0.050422464,0.0,0.3,380
378112839,0.002184466,0.014635389,0.0,0.1,412
378112849,7.9,,7.9,7.9,1
378112883,7.689474,0.83126044,6.6,9.9,19
378112939,0.029351538,0.045615155,0.0,0.1,293
378112978,3.310891,3.627338,0.0,8.6,101
378112986,1.2485508,2.3688657,0.0,8.0,276
378112988,20.277779,1.3339583,18.8,22.6,9
378112993,1.3795122,2.7156715,0.0,9.2,205
378112996,0.28068182,0.15662162,0.0,1.0,264
378113021,0.8300226,1.5634041,0.0,26.2,443
378113095,0.0,0.0,0.0,0.0,97
378113117,0.008441559,0.033183526,0.0,0.3,308
378113139,0.06413793,0.10228441,0.0,0.9,435
378113159,0.0018927446,0.013648429,0.0,0.1,317
378113172,0.0034810128,0.018358933,0.0,0.1,316
378113178,0.010788382,0.034877777,0.0,0.2,241
378113232,0.016666668,0.037904903,0.0,0.1,30
378113282,0.0194508,0.044014912,0.0,0.3,437
378113293,0.115384616,0.08006408,0.0,0.3,13
378113313,1.1405063,2.3987176,0.0,9.8,316
378113328,4.1535716,3.351524,0.0,8.4,56
378113336,0.02486911,0.043884348,0.0,0.2,382
378113349,3.5954547,2.9448485,0.0,8.4,66
378113359,0.016049383,0.03676312,0.0,0.1,324
378113382,6.3294115,3.2875187,0.0,9.2,68
378113388,0.44444445,0.796635,0.0,8.7,396
378113393,0.1,0.069006555,0.0,0.4,106
378113409,0.00028653294,0.0053528775,0.0,0.1,349
378113414,0.022164049,0.041989774,0.0,0.2,573
378113416,1.9725807,3.0224187,0.0,8.9,124
378113419,2.3807292,2.3549643,0.0,6.1,192
378113428,5.9761906,0.8366031,3.1,7.1,21
378113429,2.0285714,3.67924,0.0,10.5,35
378113446,26.02857,0.8721578,24.0,27.2,14
378113463,0.036212627,0.05017577,0.0,0.2,301
378113465,0.0005063291,0.007106645,0.0,0.1,395
378113466,0.08571429,0.05732115,0.0,0.2,21
378113558,2.653125,3.582983,0.0,9.9,64
378113562,0.0044444446,0.020840907,0.0,0.1,45
378113587,6.807738,1.4143405,0.2,9.4,168
378318000,0.0,0.0,0.0,0.0,10
378350000,0.033333335,0.05773503,0.0,0.1,3
378353000,1.1919597,2.3964574,0.0,10.2,398
378380000,0.07345794,0.07729165,0.0,0.5,1070
378391000,0.2375,0.67175144,0.0,1.9,8
378404000,25.562616,1.9951603,6.4,27.9,107
384810756,3.7,,3.7,3.7,1
386094980,0.0076923077,0.02773501,0.0,0.1,13
386115820,0.011550152,0.032011308,0.0,0.1,329
386168180,0.0,0.0,0.0,0.0,392
386386420,5.6168904,6.8111167,0.0,21.7,746
388107063,0.029675812,0.062387057,0.0,0.4,401
388115256,0.009708738,0.029752454,0.0,0.1,103
388141702,0.03736264,0.08094518,0.0,0.7,182
388375215,0.0,0.0,0.0,0.0,5
388429625,3.6294117,2.6609974,0.0,7.8,119
397598710,0.0,,0.0,0.0,1
403520001,0.0,0.0,0.0,0.0,415
403534000,12.77291,2.3027236,3.3,14.9,646
403538000,0.16793351,0.12999178,0.0,0.9,421
405000239,12.334616,0.23654558,11.9,12.7,26
413173000,20.183334,0.1329159,20.0,20.4,6
413301490,0.0,,0.0,0.0,1
413996000,4.30292,3.8028283,0.0,10.5,411
414053000,11.587501,0.25686926,11.1,12.2,304
414145000,0.07044917,0.09929389,0.0,0.5,423
414175000,0.0020454547,0.014171026,0.0,0.1,440
414257000,18.608374,0.24205965,17.8,19.1,203
414274000,0.124438904,0.08944969,0.0,0.5,401
414294000,14.541667,0.099620596,14.4,14.7,12
414366000,8.008516,5.2787375,0.0,13.8,775
416468000,1.9713991,3.1135926,0.1,11.7,486
416509000,5.860849,5.4712424,1.0,13.6,424
418971652,3.765737,6.175903,0.0,17.0,502
419594000,0.0,0.0,0.0,0.0,368
428042000,6.701245,5.8717194,0.0,15.0,482
428403000,0.053056236,0.058967415,0.0,0.2,409
431003000,0.0,0.0,0.0,0.0,414
431005232,0.006134969,0.024071015,0.0,0.1,163
431024000,9.4804945,1.4819174,5.5,11.4,405
431027000,0.015738498,0.06875628,0.0,0.6,413
431120000,0.0,0.0,0.0,0.0,433
431148000,0.26464382,0.17807189,0.0,1.0,379
431223000,17.868183,0.29143435,17.4,18.5,132
431228000,12.142105,0.10173922,12.0,12.3,19
431244000,0.08971429,0.08309688,0.0,0.4,175
431296000,2.344334,4.062858,0.0,10.5,503
431374000,0.12640187,0.13386402,0.0,0.8,428
431605000,1.6897384,3.8362021,0.0,13.4,497
431654000,0.0,0.0,0.0,0.0,418
432440000,15.683616,1.3792342,8.5,17.1,177
432716000,16.0875,0.13562016,16.0,16.4,8
440009000,0.8541284,1.4637489,0.0,8.1,545
440023000,10.574168,1.9282596,0.0,12.0,751
440029000,0.044947736,0.069215745,0.0,0.3,287
440111000,1.3323625,3.3412206,0.0,11.4,309
441120000,10.862892,7.829262,0.0,19.2,830
441301000,12.520864,0.7328274,10.4,13.5,278
441304000,2.706233,4.1310186,0.0,14.8,369
441486000,13.089639,2.0147676,7.2,16.4,415
441563000,15.9,,15.9,15.9,1
441981000,0.118807346,0.12452928,0.0,0.6,436
441985000,0.0,0.0,0.0,0.0,425
444444444,0.23041238,0.24005347,0.0,1.4,388
466221000,13.283618,0.4070499,11.7,14.0,293
471706202,1.9372004,5.481748,0.0,24.8,793
477002400,0.12422802,0.10133483,0.0,0.5,421
477004700,11.145715,6.3938484,0.0,17.8,875
477010100,0.015407855,0.036157064,0.0,0.1,331
477013600,1.6624191,3.9491537,0.0,13.2,463
477013700,3.4716008,4.803451,0.0,12.4,581
477014800,18.842472,0.25451592,17.2,19.3,259
477014900,6.3292465,4.9944377,0.0,20.4,677
477023400,3.685395,5.0043435,0.0,13.4,582
477027500,10.483888,3.8786848,0.0,16.0,782
477040800,0.0,0.0,0.0,0.0,556
477044300,0.0,0.0,0.0,0.0,417
477051600,12.993064,0.35480312,12.1,13.9,692
477058400,6.8295255,5.130695,0.0,12.3,464
477106800,13.706557,0.14929704,13.3,14.1,61
477110400,0.03882353,0.05366146,0.0,0.2,85
477129300,5.4987445,2.791546,2.7,10.5,239
477133100,9.620199,4.5931706,0.0,14.3,906
477133300,0.0,0.0,0.0,0.0,427
477133400,0.11413613,0.07142466,0.0,0.4,382
477144300,0.22875318,0.1829819,0.0,0.9,393
477150200,0.70860213,0.5706273,0.0,3.2,465
477153200,0.008153478,0.03509185,0.0,0.3,417
477163100,0.0,0.0,0.0,0.0,348
477168600,0.0012135922,0.012993841,0.0,0.2,412
477170800,2.5715446,1.7858429,0.1,10.2,1107
477181700,0.06506411,0.051635586,0.0,0.2,312
477183900,0.00023529412,0.0048507126,0.0,0.1,425
477185200,8.174307,3.9497755,0.0,12.7,794
477189300,10.7,2.1149206,0.4,13.1,91
477194800,0.0023980816,0.0217946,0.0,0.3,417
477197100,4.298043,3.3344095,0.5,10.7,1124
477203400,12.033333,0.057735246,12.0,12.1,3
477209200,0.06885246,0.14905512,0.0,1.2,305
477209700,0.0,0.0,0.0,0.0,407
477209900,9.20598,5.9669785,0.0,13.9,301
477231500,0.02183908,0.042462472,0.0,0.2,435
477233300,10.924949,0.6317352,9.6,11.8,489
477244300,4.320588,3.3289013,0.0,11.1,748
477252700,3.5582688,3.2333627,0.7,11.5,647
477269100,6.3023863,3.6514993,0.0,11.2,838
477271400,0.0103864735,0.07373367,0.0,0.7,414
477282600,0.00024509805,0.0049507376,0.0,0.1,408
477286200,8.907692,0.075955406,8.8,9.0,13
477286300,0.0004524887,0.00951303,0.0,0.2,442
477293100,19.778788,0.37600356,18.6,20.4,132
477293900,8.259874,6.674999,1.4,16.4,319
477300100,0.063170165,0.07516475,0.0,0.4,429
477300700,11.947466,1.1210377,10.4,14.2,434
477302100,0.025061425,0.05446501,0.0,0.3,407
477304797,10.6,,10.6,10.6,1
477312100,1.7105469,3.3616238,0.0,13.2,512
477333200,0.06467532,0.058620967,0.0,0.3,385
477333600,0.0,0.0,0.0,0.0,431
477333800,7.189974,5.01845,0.0,12.0,758
477379000,8.922829,4.1506243,0.0,11.9,714
477387400,2.6921844,5.444407,0.0,15.3,499
477390300,2.8118026,3.460569,0.5,11.4,466
477390400,0.0,0.0,0.0,0.0,424
477397200,0.015476191,0.04300378,0.0,0.3,336
477398000,0.014921467,0.03567672,0.0,0.1,382
477439800,0.030256411,0.04817957,0.0,0.3,390
477440700,0.06842105,0.21886896,0.0,1.3,475
477441400,10.216548,7.938178,0.0,20.6,701
477443000,0.015566038,0.036941722,0.0,0.2,424
477444500,11.128333,0.44838393,10.7,12.5,60
477464100,0.0004587156,0.0067650652,0.0,0.1,436
477468700,7.1383567,1.832017,1.7,8.8,73
477478500,13.641177,0.18458222,13.0,13.8,51
477493100,0.0,0.0,0.0,0.0,440
477510600,0.1350348,0.13606578,0.0,0.8,431
477518100,0.4154195,1.3297259,0.0,5.3,441
477518300,0.07070064,0.06834937,0.0,0.3,471
477519900,10.169072,0.7136162,7.6,11.3,485
477524900,0.2805195,0.22007114,0.0,0.9,77
477527900,0.096313365,0.068539724,0.0,0.4,434
477528100,0.11990408,0.116899,0.0,0.9,417
477539100,14.2,0.0,14.2,14.2,2
477588100,9.0975275,3.9905632,0.1,13.3,364
477595800,11.525137,5.8344693,0.0,16.8,915
477608700,0.0,0.0,0.0,0.0,442
477620100,0.06658824,0.17647995,0.0,1.8,425
477624800,0.025849732,0.043800462,0.0,0.1,1118
477625700,7.9786215,6.186598,0.0,16.1,711
477629200,11.457313,2.0655205,1.8,14.9,923
477630100,5.685635,4.921364,0.0,15.2,724
477630800,0.21008903,0.16096526,0.0,0.8,337
477631200,12.864583,1.106807,11.5,15.0,192
477632800,11.698076,0.19752425,11.3,12.2,52
477634900,8.771161,4.6780505,0.0,13.0,801
477636500,0.15149254,0.10853944,0.0,0.5,402
477637600,1.8766404,0.28070447,1.1,2.8,381
477654500,12.559565,0.21345524,12.1,13.1,230
477669400,0.034188036,0.048430108,0.0,0.2,234
477681600,11.555362,1.2700758,6.0,14.1,858
477690700,19.0024,3.2075455,5.7,21.5,250
477699600,19.955242,0.30662236,19.3,20.8,391
477701000,0.0,0.0,0.0,0.0,315
477706100,3.3170497,4.355286,0.0,10.8,522
477706700,0.0,0.0,0.0,0.0,432
477708500,11.391304,0.49343523,10.6,12.2,46
477714200,4.3454213,6.1281924,0.0,14.8,546
477714400,0.19023137,0.19280137,0.0,1.1,389
477732800,0.03625866,0.056123603,0.0,0.3,433
477733900,3.4219732,4.478406,0.0,13.5,669
477742700,11.666958,0.8235857,9.6,12.9,572
477748500,0.035,0.047763344,0.0,0.1,360
477752100,0.012949641,0.036363285,0.0,0.3,417
477754600,7.78362,3.8646917,0.1,14.8,757
477793400,7.124031,7.907575,0.0,20.5,645
477794000,5.170565,4.2347903,0.0,12.6,761
477806000,0.04119048,0.052101534,0.0,0.2,420
477814200,0.46506023,0.2503301,0.0,1.2,415
477815200,0.040193707,0.060595438,0.0,0.4,413
477818000,0.0018648019,0.013543644,0.0,0.1,429
477826400,0.032943927,0.072193645,0.0,0.8,428
477848700,0.046616543,0.053822067,0.0,0.2,399
477854500,12.000904,0.28198677,11.1,12.9,664
477855700,10.672775,1.1027011,7.1,12.0,382
477900700,11.419928,2.5175228,3.3,13.9,828
477913200,0.13995215,0.100631095,0.0,0.6,418
477920300,8.999873,4.4318256,0.0,15.1,789
477938500,0.08384401,0.10064451,0.0,0.6,359
477948800,2.6241379,2.3031948,0.5,8.6,1073
477950300,2.4489403,2.3225255,0.5,10.7,1085
477990800,0.0795122,0.07246789,0.0,0.3,410
477999100,15.66975,1.4780934,12.0,18.2,681
499929694,0.62681323,1.9171569,0.0,7.8,455
503010240,0.0,0.0,0.0,0.0,6
503022060,0.010328638,0.03050495,0.0,0.1,213
503087670,0.0,0.0,0.0,0.0,103
503115150,3.3117645,1.8061725,0.3,6.3,51
503123410,0.08888889,0.15406938,0.0,0.6,45
503628600,0.0007159905,0.008441355,0.0,0.1,419
503790100,7.7999997,0.6020797,6.6,8.5,9
505187000,3.7878788,2.3186638,0.0,8.7,264
512004753,0.008,0.027238494,0.0,0.1,125
512006695,0.33122808,0.96464264,0.0,5.0,285
512007981,0.0,0.0,0.0,0.0,1089
512008918,4.5,,4.5,4.5,1
512326691,0.4,,0.4,0.4,1
518100304,0.0,0.0,0.0,0.0,415
518100411,0.0011363636,0.01061136,0.0,0.1,440
518100503,0.014383563,0.035152543,0.0,0.1,292
518100533,0.023076924,0.05991447,0.0,0.2,13
518101002,0.08157895,0.14395419,0.0,1.2,76
518403000,0.0,0.0,0.0,0.0,432
518534000,0.0,0.0,0.0,0.0,347
518630000,4.8017945,3.2936828,0.0,10.0,613
518645000,3.542857,1.8196608,0.0,6.8,77
518998333,0.005459057,0.02274617,0.0,0.1,403
530880050,0.0,0.0,0.0,0.0,318
533130187,0.0029702971,0.016997712,0.0,0.1,404
533130869,9.706738,1.8521925,6.9,11.8,846
533130964,1.1294118,1.0830079,0.1,7.2,136
538001682,8.803258,0.7819987,7.2,10.2,399
538001859,11.788628,0.31769973,11.2,12.6,255
538002220,3.0548975,4.649826,0.0,13.7,439
538002221,6.2562914,6.5623136,0.0,14.6,604
538002418,0.23378995,0.18076819,0.0,1.3,438
538002459,0.10954654,0.13467854,0.0,0.6,419
538002640,2.2597723,2.5386536,0.0,10.8,1054
538002747,3.1232464,6.4916983,0.0,18.0,499
538002783,11.683549,3.1024601,0.0,50.5,851
538002866,2.5057073,3.9845588,0.1,12.0,403
538002878,0.07184115,0.0696247,0.0,0.5,554
538002986,11.2,,11.2,11.2,1
538003015,0.0011049724,0.010482526,0.0,0.1,181
538003050,8.411524,5.6542263,0.0,13.9,807
538003093,0.5904988,0.34655446,0.0,1.6,421
538003242,2.7452505,3.4646347,0.0,8.8,579
538003274,1.1728812,0.14835942,0.9,1.4,59
538003291,5.988805,5.255254,0.0,11.8,661
538003321,1.4201465,1.2476469,0.0,5.2,819
538003379,0.0,0.0,0.0,0.0,334
538003434,10.791526,0.2567304,10.2,11.3,118
538003439,11.691225,1.4889938,2.9,13.7,547
538003480,0.00052910054,0.007264276,0.0,0.1,378
538003481,6.83131,4.6988792,0.1,11.6,626
538003526,8.182336,2.9793954,0.0,12.1,1070
538003543,0.0,0.0,0.0,0.0,401
538003601,1.9026804,4.2063966,0.0,14.2,485
538003620,11.586206,0.23874548,11.1,12.1,58
538003713,12.529652,0.49144,11.6,13.1,172
538003777,0.0,0.0,0.0,0.0,436
538003882,8.636685,2.2137995,5.0,14.7,1074
538003893,0.006636156,0.024919832,0.0,0.1,437
538003924,5.29,4.884279,0.0,12.0,670
538004026,6.2492137,6.1448693,0.0,13.7,636
538004071,3.2990992,4.6187363,0.0,12.8,555
538004150,11.994444,0.33338228,11.5,12.5,18
538004164,0.06666667,0.08164966,0.0,0.2,6
538004172,0.10570571,0.117185354,0.0,0.6,333
538004173,3.9576144,4.3077884,0.0,13.0,545
538004199,5.474315,4.405522,0.0,11.6,767
538004202,19.616364,0.17613523,19.1,19.9,55
538004215,1.1461165,0.5826439,0.1,2.3,412
538004295,0.04275862,0.04964433,0.0,0.1,145
538004335,10.749181,0.6291855,9.5,11.8,61
538004387,0.06428572,0.049724516,0.0,0.1,14
538004410,0.0,0.0,0.0,0.0,409
538004416,14.8854065,4.777865,0.0,19.0,603
538004525,0.073743016,0.05439102,0.0,0.2,179
538004535,0.0,0.0,0.0,0.0,419
538004585,0.0,0.0,0.0,0.0,407
538004601,0.022302158,0.041677274,0.0,0.1,417
538004609,0.20448065,0.1226422,0.0,0.8,491
538004610,0.1469091,0.08982624,0.0,0.7,550
538004628,0.06944445,0.08254461,0.0,0.4,432
538004644,0.012219451,0.032791946,0.0,0.1,401
538004742,0.00077054795,0.0087479465,0.0,0.1,1168
538004791,10.580392,1.0436195,0.8,12.2,255
538004911,11.6,,11.6,11.6,1
538004921,0.6302174,1.8293242,0.0,7.4,460
538004925,0.0,0.0,0.0,0.0,425
538005035,0.18775511,0.12994453,0.0,0.9,588
538005057,8.635673,6.0645733,0.0,15.5,684
538005061,0.20458116,0.11938004,0.0,0.7,764
538005111,5.017391,6.04929,0.0,12.5,46
538005117,10.124107,3.7882104,0.0,12.5,224
538005124,0.16494599,0.12895858,0.0,0.9,833
538005125,0.0041800644,0.036539786,0.0,0.4,622
538005126,0.0083916085,0.028374538,0.0,0.2,572
538005145,11.940148,1.3466464,1.9,13.4,269
538005148,0.0032258064,0.017688861,0.0,0.1,434
538005174,7.5562663,4.293038,0.0,11.5,766
538005232,2.951577,4.8481603,0.0,14.5,539
538005261,10.12303,0.3545467,9.6,12.5,495
538005314,0.049688473,0.053357445,0.0,0.4,642
538005319,9.814854,2.4316611,0.0,12.8,855
538005321,0.013064133,0.037101768,0.0,0.2,421
538005361,0.12361111,0.11277551,0.0,0.8,648
538005363,11.145739,2.6575773,0.3,13.1,352
538005406,1.1981308,2.2829983,0.0,11.1,428
538005409,0.00024330901,0.0049326364,0.0,0.1,411
538005413,7.1351967,4.5341263,0.0,11.1,483
538005443,0.03413462,0.08856675,0.0,0.9,416
538005445,0.07597254,0.087756336,0.0,0.4,437
538005462,2.9615805,4.182676,0.0,11.7,367
538005518,0.0,0.0,0.0,0.0,420
538005539,0.14242426,0.080499604,0.0,0.4,66
538005553,1.2483951,1.1091111,0.1,5.8,405
538005554,4.67707,5.1242785,0.0,12.2,628
538005562,0.029032258,0.061762404,0.0,0.4,310
538005579,0.041062802,0.05571313,0.0,0.2,414
538005588,4.571,4.8438997,0.0,13.8,600
538005632,14.008585,0.631957,11.3,15.1,594
538005679,12.437931,0.5511598,11.3,13.1,87
538005710,0.0,,0.0,0.0,1
538005740,6.353846,4.1818876,0.4,9.8,26
538005772,0.11746412,0.09216959,0.0,0.8,418
538005777,7.932599,5.127744,0.1,12.5,681
538005779,5.950443,4.090813,0.0,12.0,904
538005837,10.87342,0.3416807,9.9,11.5,696
538005866,1.4421052,2.519398,0.0,11.1,456
538005923,1.2144339,0.63598067,0.0,4.2,1157
538005955,1.124697,1.297767,0.0,6.3,660
538005971,0.001724138,0.01783277,0.0,0.3,406
538005999,0.0048837215,0.021577863,0.0,0.1,430
538006041,0.1941704,0.13840863,0.0,0.9,446
538006047,16.17396,0.5688942,14.0,17.0,457
538006052,1.7611328,3.1530113,0.0,9.5,512
538006058,0.0,0.0,0.0,0.0,424
538006059,11.316667,0.13291602,11.2,11.5,6
538006087,0.5897243,0.2598215,0.1,1.2,399
538006090,6.5042644,5.799921,0.0,15.3,680
538006100,2.5916367,1.3328813,0.1,7.0,1112
538006146,0.14401807,0.08964041,0.0,0.5,443
538006153,0.013017242,0.0660316,0.0,1.0,1160
538006155,11.615863,0.2007515,11.2,12.1,290
538006159,9.790909,0.08312088,9.7,9.9,11
538006160,1.316383,2.7209227,0.0,9.1,470
538006161,11.998928,0.16493379,11.7,12.6,280
538006174,9.490052,0.95025975,8.5,11.8,583
538006177,1.0941589,3.0563924,0.0,12.3,428
538006178,10.675878,0.34332734,10.1,11.9,228
538006180,7.584451,5.5034895,0.0,12.8,656
538006237,0.005755396,0.024326853,0.0,0.2,417
538006284,1.7035087,3.6224072,0.0,12.0,456
538006308,0.2596447,0.21771629,0.0,1.3,394
538006349,8.062556,5.502252,0.0,16.1,892
538006371,10.474154,1.3672398,7.6,12.6,739
538006385,10.685223,0.43496516,9.6,11.8,291
538006467,0.0474359,0.05277829,0.0,0.2,78
538006468,3.1070588,4.8748937,0.0,13.5,510
538006471,12.837571,1.401748,6.6,14.0,527
538006504,0.5884706,0.4447108,0.0,2.7,425
538006508,0.014858491,0.0356099,0.0,0.1,424
538006535,6.9146705,6.01073,0.0,13.9,668
538006543,7.1616173,4.6820607,0.0,14.3,680
538006548,0.02256532,0.04185091,0.0,0.1,421
538006612,10.766398,1.5923343,5.5,12.9,869
538006631,10.534194,0.24453472,9.9,11.1,155
538006665,11.709775,0.25821853,10.8,12.4,757
538006693,15.178787,0.850646,14.5,18.1,33
538006696,1.8230444,1.1813711,0.0,5.6,946
538006703,3.6838815,0.56207734,1.8,4.5,912
538006760,0.12833723,0.0993774,0.0,0.5,427
538006773,11.443453,0.24327123,10.7,11.9,336
538006800,0.19905439,0.19952326,0.0,2.0,423
538006807,4.5008597,3.558158,0.0,9.3,698
538006810,0.11851016,0.59093493,0.0,4.3,443
538006812,4.8,,4.8,4.8,1
538006814,7.5114036,0.53658354,6.0,8.5,114
538006823,5.8622084,6.6768594,0.0,15.9,643
538006850,0.052592594,0.05334777,0.0,0.3,405
538006859,14.45,0.40069386,13.9,15.0,10
538006871,3.1056702,4.0854497,0.0,10.1,582
538006907,10.971765,0.8606453,8.4,12.9,425
538006962,7.902299,3.5431361,0.1,12.5,522
538006967,0.0,0.0,0.0,0.0,392
538006973,0.23100437,0.66769755,0.0,3.1,458
538006977,15.266666,0.10730849,15.1,15.4,12
538007006,0.19863327,0.14757693,0.0,1.0,439
538007011,10.751315,0.31262055,10.2,11.3,76
538007043,0.0,0.0,0.0,0.0,19
538007093,0.12328767,0.111336224,0.0,0.6,365
538007114,4.4535403,4.2934117,0.0,12.6,805
538007177,0.1525463,0.16417691,0.0,1.0,432
538007209,0.1162037,0.08598514,0.0,0.5,432
538007210,0.015040651,0.04112448,0.0,0.2,246
538007250,17.800447,0.21709396,17.3,18.6,224
538007274,0.35419846,0.30985337,0.0,1.6,393
538007353,0.0,0.0,0.0,0.0,2
538007355,0.07030879,0.08307856,0.0,0.5,421
538007372,3.787133,6.436009,0.0,17.0,443
538007397,0.042821784,0.07268654,0.0,0.5,404
538007403,3.2731075,5.5540433,0.0,14.6,502
538007455,9.026918,7.0042124,0.0,16.6,821
538007465,0.010864198,0.043149453,0.0,0.3,405
538007466,0.026388891,0.0566007,0.0,0.4,288
538007477,0.012307693,0.04649469,0.0,0.5,390
538007480,1.3680782,1.875703,0.0,10.5,614
538007491,2.3548903,4.4355655,0.0,13.8,501
538007509,7.703044,4.2977605,0.0,13.1,887
538007517,14.539514,0.5381946,13.4,15.7,329
538007550,9.361371,2.062314,3.3,13.6,642
538007604,7.4292564,6.7873387,0.0,15.0,646
538007611,17.342106,0.21292806,16.8,17.6,57
538007621,13.126439,5.969741,0.0,18.1,938
538007673,17.585348,0.49941653,16.7,18.7,273
538007675,0.0,0.0,0.0,0.0,224
538007680,0.05531915,0.39368695,0.0,3.7,423
538007691,6.5695653,5.969413,0.0,12.3,115
538007746,10.8,,10.8,10.8,1
538007847,0.0,0.0,0.0,0.0,417
538007863,0.6116034,1.0462317,0.0,5.5,474
538007883,0.0,0.0,0.0,0.0,432
538007899,11.469923,0.6490276,9.6,12.5,645
538007900,11.710393,0.35679147,10.3,12.4,356
538007903,11.907447,0.11256785,11.7,12.3,188
538007909,0.0,0.0,0.0,0.0,434
538007974,12.463431,0.6258583,10.7,13.5,577
538007979,0.0,0.0,0.0,0.0,438
538008004,0.04935733,0.051079568,0.0,0.2,389
538008024,0.667696,0.31441808,0.0,1.6,421
538008044,10.071859,3.9275887,0.0,13.0,963
538008065,0.4715847,1.3510265,0.0,8.8,366
538008075,0.042669583,0.25243527,0.0,2.2,457
538008111,0.00047281323,0.009724333,0.0,0.2,423
538008122,0.0,0.0,0.0,0.0,393
538008124,0.4798611,2.3231084,0.0,14.4,432
538008144,12.118966,0.6931219,10.5,13.2,232
538008176,0.028,0.04496417,0.0,0.1,350
538008204,13.6,,13.6,13.6,1
538008224,0.029326923,0.046106517,0.0,0.2,416
538008236,6.693534,6.5837355,0.0,15.4,665
538008253,10.0875,0.18850923,9.9,10.4,8
538008278,12.83971,0.7024159,11.0,15.0,758
538008289,12.441667,0.38417265,11.7,13.4,48
538008339,0.06481928,0.057867948,0.0,0.3,415
538008340,0.03949772,0.050776344,0.0,0.2,438
538008349,12.546605,1.8195585,4.8,14.5,324
538008352,5.408246,4.7163835,0.0,14.5,667
538008385,0.0,0.0,0.0,0.0,422
538008391,8.449216,3.8344126,0.0,12.0,829
538008485,0.0,0.0,0.0,0.0,102
538008493,11.860502,0.31271344,11.1,12.8,757
538008505,0.11591449,0.07658442,0.0,0.4,421
538008522,0.44170403,0.3718895,0.0,2.8,446
538008526,11.4800005,0.10954493,11.4,11.6,5
538008542,0.001222494,0.016374055,0.0,0.3,409
538008593,16.0,,16.0,16.0,1
538008639,10.669555,0.20292482,10.0,11.2,808
538008641,11.131285,1.4420741,8.4,13.3,179
538008652,11.1,,11.1,11.1,1
538008654,0.0003448276,0.0058645974,0.0,0.1,1160
538008658,6.732787,6.188511,0.0,15.6,671
538008693,2.1023216,3.734302,0.0,11.9,603
538008706,0.8488,2.0974503,0.0,8.4,500
538008755,0.0,0.0,0.0,0.0,415
538008764,7.318042,3.948644,0.0,10.9,909
538008812,10.637171,0.44332215,8.1,11.5,304
538008872,0.15429235,0.16160215,0.0,0.9,431
538008878,3.7935808,4.3249807,0.8,13.9,701
538008892,0.28785715,0.25882086,0.0,1.8,420
538008924,1.6463983,0.7553049,0.2,5.3,944
538008954,0.04708738,0.051415604,0.0,0.2,412
538008971,1.2012686,3.3465576,0.0,13.8,473
538008978,10.269492,0.23653705,9.9,10.7,59
538008979,14.160631,0.99801546,12.3,16.5,602
538009032,0.0,0.0,0.0,0.0,401
538009055,0.15957944,0.12958884,0.0,0.6,428
538009058,18.861975,0.4556585,16.9,19.5,476
538009078,8.632,0.055677418,8.5,8.7,25
538009086,3.8406541,3.633603,0.0,10.4,642
538009123,15.666667,0.30550516,15.4,16.0,3
538009130,11.217915,1.8346139,0.0,13.8,988
538009133,0.0,0.0,0.0,0.0,399
538009142,0.19716981,0.4504934,0.0,3.2,106
538009179,1.6965958,1.2149272,0.1,6.9,940
538009198,1.7315011,2.2856965,0.0,9.8,473
538009222,10.038871,1.0363685,8.7,14.2,638
538009248,1.7,,1.7,1.7,1
538009288,4.207692,4.106767,0.0,10.3,26
538009301,0.019858157,0.052275054,0.0,0.3,423
538009307,0.0,0.0,0.0,0.0,425
538009328,0.04399039,0.09774538,0.0,0.5,416
538009331,0.006596306,0.12337311,0.0,2.4,379
538009345,10.792792,1.3293684,7.4,12.5,111
538009360,0.017307693,0.047475666,0.0,0.3,416
538009390,18.4,,18.4,18.4,1
538009405,0.13448276,0.1436353,0.0,0.7,319
538009428,7.425816,6.5223117,0.0,15.0,643
538009433,0.039205957,0.0691193,0.0,0.3,403
538009444,0.72272724,2.3236663,0.0,10.3,352
538009455,0.0,0.0,0.0,0.0,418
538009491,3.289374,2.6246066,0.0,6.6,687
538009508,5.697343,4.593029,0.0,11.9,715
538009520,8.099999,0.1732052,8.0,8.3,3
538009523,4.2569103,4.5261264,0.0,17.5,1107
538009524,0.015116279,0.039570663,0.0,0.2,430
538009534,11.713794,0.1432066,11.4,12.0,58
538009547,4.5383887,4.2970586,0.0,10.9,633
538009562,20.402222,0.45549783,19.4,21.4,450
538009564,17.259224,0.7583564,15.6,19.0,515
538009565,0.00093896716,0.009655771,0.0,0.1,426
538009571,12.441976,0.123353355,12.1,12.7,81
538009606,0.0030456854,0.021182906,0.0,0.3,394
538009620,12.243052,2.6434996,0.0,16.5,1101
538009623,0.19852321,0.11567402,0.0,0.6,474
538009657,11.191966,1.3013108,8.0,13.7,473
538009691,0.03271028,0.047957245,0.0,0.2,428
538009699,0.0015490535,0.01235464,0.0,0.1,1162
538009709,0.34341252,0.88971686,0.0,5.6,463
538009711,0.02004717,0.04008263,0.0,0.1,424
538009732,8.375862,0.3682426,7.7,10.6,203
538009749,13.591137,7.1211257,0.0,21.2,880
538009837,13.264706,0.111473985,13.0,13.4,17
538009862,0.058746736,0.13428304,0.0,0.7,383
538009901,0.26975808,0.18378814,0.0,1.0,248
538012625,16.6,,16.6,16.6,1
538070032,11.46087,0.3591677,10.7,12.5,92
538070052,0.0,0.0,0.0,0.0,1015
538070059,0.007788945,0.052778095,0.0,0.8,398
538070064,0.0,0.0,0.0,0.0,6
538070199,0.0003257329,0.0057073017,0.0,0.1,307
538070201,0.0049861497,0.061260488,0.0,1.1,361
538070204,0.00051413884,0.010945504,0.0,0.3,1167
538070231,0.050138507,0.05483544,0.0,0.2,361
538070314,0.0,,0.0,0.0,1
538070338,0.0,0.0,0.0,0.0,1131
538070362,1.275,4.8803253,0.0,52.3,368
538070380,0.07713885,0.118968904,0.0,1.4,713
538070427,0.0011070111,0.010482418,0.0,0.1,271
538070454,0.01757576,0.038304765,0.0,0.2,1155
538070463,0.0007481297,0.008627798,0.0,0.1,401
538070485,0.0,0.0,0.0,0.0,171
538070561,0.0025641026,0.015831582,0.0,0.1,312
538070708,0.0,0.0,0.0,0.0,339
538070715,0.0,0.0,0.0,0.0,386
538070721,3.5290024,5.3688912,0.0,14.8,431
538070743,0.0061452514,0.02518728,0.0,0.2,358
538070754,0.0006535948,0.008071257,0.0,0.1,306
538070788,0.0,0.0,0.0,0.0,261
538070791,10.7091465,0.18161303,10.3,11.2,164
538070803,0.03556701,0.050556984,0.0,0.2,388
538070818,0.04625,0.04988145,0.0,0.1,1120
538070835,0.020427112,0.04033553,0.0,0.1,1077
538070874,0.00025188917,0.0050188564,0.0,0.1,397
538070879,0.0082687335,0.027576556,0.0,0.1,387
538070928,,,,,0
538070946,0.004145078,0.019984882,0.0,0.1,193
538070972,0.0,0.0,0.0,0.0,8
538070979,0.0,0.0,0.0,0.0,295
538070988,0.0,0.0,0.0,0.0,294
538071013,0.0,0.0,0.0,0.0,403
538071059,0.0,0.0,0.0,0.0,6
538071072,0.4,,0.4,0.4,1
538071074,0.0,0.0,0.0,0.0,401
538071076,0.0,0.0,0.0,0.0,421
538071117,0.0006734007,0.008192226,0.0,0.1,297
538071125,0.0,,0.0,0.0,1
538071137,0.00024096385,0.004908807,0.0,0.1,415
538071151,0.0,0.0,0.0,0.0,373
538071155,0.0,0.0,0.0,0.0,332
538071166,0.0034965035,0.018390574,0.0,0.1,429
538071187,0.011827957,0.033160437,0.0,0.2,372
538071196,5.0,,5.0,5.0,1
538071225,0.15115248,0.6307405,0.0,4.6,1128
538071229,0.0,0.0,0.0,0.0,303
538071237,0.015681233,0.03711033,0.0,0.2,389
538071296,1.3485862,3.6337252,0.0,18.0,1167
538071326,0.024263037,0.043442372,0.0,0.2,441
538071368,0.0,0.0,0.0,0.0,342
538071393,0.0890863,0.061430592,0.0,0.3,394
538071402,0.0025821596,0.015878927,0.0,0.1,426
538071417,0.1,,0.1,0.1,1
538071420,0.020392157,0.041334093,0.0,0.2,255
538071443,0.0007009346,0.0083525535,0.0,0.1,428
538071457,0.24000001,0.275681,0.0,0.8,10
538071469,0.0063492064,0.0265359,0.0,0.2,189
538071472,1.7932773,2.9643283,0.0,9.1,119
538071496,0.0,0.0,0.0,0.0,422
538071513,0.0018126889,0.013361227,0.0,0.1,331
538071537,1.442857,2.9815304,0.2,8.2,7
538071555,0.0,0.0,0.0,0.0,412
538071602,0.50961536,0.2680793,0.0,1.0,52
538071631,0.14320987,0.1507049,0.0,1.3,243
538071632,0.0006102877,0.007791614,0.0,0.1,1147
538071672,0.1746594,0.34559813,0.0,3.0,367
538071673,0.057758622,0.051331595,0.0,0.2,116
538071695,0.0,0.0,0.0,0.0,423
538071696,0.0,0.0,0.0,0.0,85
538071697,0.0,0.0,0.0,0.0,215
538071720,0.10737179,0.06347506,0.0,0.3,312
538079779,42.783337,36.711548,0.0,102.2,12
538080004,0.012427744,0.14261085,0.0,2.6,346
538080029,0.017592592,0.040481336,0.0,0.2,432
538080034,8.628128e-05,0.0029373674,0.0,0.1,1159
538080044,0.001943463,0.013810784,0.0,0.1,1132
538080060,0.0,0.0,0.0,0.0,397
538080083,0.007360406,0.026145747,0.0,0.1,394
538090382,0.3020231,0.17485882,0.0,0.9,346
538090564,0.06728538,0.056005064,0.0,0.3,431
538090572,10.590909,0.14459977,10.4,10.9,11
548263500,12.16,0.05982408,12.1,12.3,20
548922000,0.0,0.0,0.0,0.0,433
548937000,0.0,0.0,0.0,0.0,395
548946000,0.08361045,0.09072345,0.0,0.4,421
548973000,1.0469345,3.1502683,0.0,11.8,473
548987000,0.016587678,0.03724115,0.0,0.1,422
548990000,0.13833334,0.1400037,0.0,0.6,420
548995000,10.511765,0.3827846,10.0,11.1,34
563000400,0.052882206,0.09581947,0.0,0.5,399
563001900,11.008029,1.2313026,4.3,12.6,411
563005600,10.366666,0.057734698,10.3,10.4,3
563008700,0.12904762,0.0955529,0.0,0.6,420
563013800,0.15191874,0.14162813,0.0,0.8,443
563014300,0.0011682243,0.012750156,0.0,0.2,428
563019800,0.11166008,0.17508812,0.0,1.3,506
563020500,4.6878557,6.8242803,0.0,16.6,527
563021600,0.26650485,0.24887957,0.0,1.6,412
563024600,0.30391708,0.22797097,0.0,1.0,434
563036600,21.099998,0.30166218,20.4,21.7,41
563039400,5.913542,3.416552,0.1,9.1,768
563043900,11.0986595,1.2256206,6.4,13.2,597
563048500,15.6,,15.6,15.6,1
563050400,6.687959,4.365662,0.0,15.3,789
563050800,0.022815535,0.042590506,0.0,0.2,412
563051200,7.8388886,6.268451,0.0,17.8,702
563053500,14.956209,0.73016137,13.7,15.9,153
563058600,0.0,0.0,0.0,0.0,425
563061700,11.860753,0.2805737,11.2,12.3,186
563063800,11.251893,1.1069953,9.6,14.0,634
563064100,9.279545,0.4179572,8.2,9.8,44
563070500,0.18731344,0.14182018,0.0,0.8,402
563071400,5.8602896,4.452018,0.5,12.8,1035
563073300,14.170732,0.20637247,13.8,14.6,82
563074600,13.984932,0.08278379,13.8,14.2,73
563076900,4.076805,6.1042576,0.0,15.0,457
563077600,13.079474,0.1621605,12.5,13.4,190
563079000,16.433332,0.07785019,16.3,16.6,12
563082600,0.05046083,0.0703818,0.0,0.5,434
563086300,0.14622642,0.06184299,0.1,0.4,212
563088600,11.897739,0.16443938,11.6,12.4,177
563090600,6.538578,5.500585,0.0,12.5,661
563092200,18.14,0.1673319,18.0,18.4,5
563092400,11.892452,0.91267025,8.9,13.4,583
563093900,2.2953084,2.1921945,0.0,9.2,1151
563094300,7.3493185,5.645976,0.0,15.9,807
563097200,10.891111,0.30259246,10.1,11.6,135
563104100,6.7305245,6.1069574,0.0,13.8,629
563109900,0.29666665,0.21055293,0.0,1.2,420
563110400,5.490909,4.6310453,0.1,9.7,22
563110600,0.0,0.0,0.0,0.0,407
563113900,0.5735892,1.2411324,0.0,9.0,443
563124100,0.030958232,0.1386949,0.0,1.2,407
563125300,16.2,,16.2,16.2,1
563126200,0.0,0.0,0.0,0.0,423
563126500,19.206135,0.18336782,18.7,19.7,326
563127900,2.2238865,2.2003398,0.7,11.7,988
563129700,0.11402299,0.10845012,0.0,0.5,435
563130400,3.115027,4.784712,0.0,16.5,559
563131300,0.005882353,0.06563893,0.0,0.9,374
563131700,3.5,,3.5,3.5,1
563134200,8.808722,4.9369106,0.0,13.6,665
563136000,11.572127,1.6194743,1.1,13.6,470
563142100,0.003080569,0.0172996,0.0,0.1,422
563143000,14.211538,0.13578123,13.9,14.5,78
563143800,8.888383,0.81384695,5.6,10.1,835
563145300,1.4,0.30151135,0.9,2.0,34
563326000,12.087324,0.22292204,11.9,12.8,71
563584000,0.081367925,0.074421436,0.0,0.5,424
563624000,6.674405,2.4031167,1.7,10.0,168
563637000,11.851428,0.45333496,10.6,12.3,35
563689000,16.8375,0.13780177,16.6,17.1,48
563758000,12.402551,1.7054807,7.8,14.0,1137
563804000,0.15910167,0.11038986,0.0,0.7,423
563812000,1.166418,2.2025597,0.0,7.1,134
563935000,0.26575342,0.17655592,0.0,0.9,73
564011000,0.5588235,0.106412075,0.4,0.8,17
564187000,1.2805352,2.7172189,0.0,10.5,411
564225000,0.2060606,0.110488884,0.0,0.5,99
564304000,0.0,0.0,0.0,0.0,4
564329000,2.0459538,2.10689,0.0,9.5,692
564335000,12.467079,1.7264323,5.8,17.2,890
564398000,18.846006,0.34427196,18.1,19.6,576
564411000,0.21118881,0.18624608,0.0,1.4,429
564415000,0.01177829,0.039963257,0.0,0.4,433
564548000,9.591624,1.1792796,8.6,13.9,585
564561000,14.681783,1.0831493,12.2,16.7,774
564576000,0.025083613,0.04342211,0.0,0.1,299
564702000,1.5473233,3.465967,0.0,11.2,467
564822000,0.38726413,0.26287746,0.0,1.4,424
564881000,10.8,0.42426434,10.5,11.1,2
564898000,0.015789473,0.037463434,0.0,0.1,19
564966000,0.15590362,0.10312785,0.0,0.7,415
564970000,8.847368,5.037122,0.0,13.1,722
565032000,17.75059,0.13768768,17.5,18.0,85
565113000,0.0,0.0,0.0,0.0,415
565132000,0.24602805,0.22915816,0.0,1.5,428
565138000,10.374617,1.5922985,6.1,12.9,1044
565234000,9.626748,2.1840131,0.0,18.6,572
565321000,11.43062,6.6098123,0.0,17.4,823
565324000,0.11682927,0.07650492,0.0,0.6,410
565382000,15.805903,1.5268347,9.6,17.2,271
565402000,2.5092876,0.19254315,2.0,2.9,786
565414000,0.0,0.0,0.0,0.0,4
565425000,20.424,1.9813017,8.5,24.0,875
565448000,15.770168,8.107703,0.0,20.9,238
565503000,0.0,0.0,0.0,0.0,393
565516000,8.738889,4.505564,0.0,13.1,918
565533000,5.00735,3.4468982,0.7,10.1,1034
565592000,0.13793103,0.099113956,0.0,0.5,87
565747000,0.0,0.0,0.0,0.0,413
565819000,1.8377049,0.17264488,1.3,2.2,122
565949000,8.721643,4.5392385,0.2,13.3,864
565962000,10.467096,4.538149,1.2,14.7,775
566028000,0.12155844,0.12088072,0.0,0.6,385
566029000,6.639562,6.2002215,0.0,15.4,685
566040000,0.0,0.0,0.0,0.0,8
566049000,1.0372671,2.2206168,0.0,7.8,483
566085000,16.805555,0.116175175,16.6,17.0,18
566098000,0.011678833,0.038380053,0.0,0.3,411
566184000,0.0,0.0,0.0,0.0,430
566204000,12.679999,0.1521277,12.4,12.9,15
566274000,0.18964705,0.19066942,0.0,1.2,425
566306000,11.287821,0.838372,8.4,13.0,936
566399000,0.10872642,0.08557568,0.0,0.6,424
566400000,8.329787,6.95845,0.0,15.5,329
566539000,2.7749999,2.0517733,0.0,5.8,928
566548000,0.29444444,0.23143962,0.0,1.1,90
566603000,10.85,0.07071027,10.8,10.9,2
566607000,8.592105,1.2212934,7.4,10.9,38
566644000,0.13263159,0.3329542,0.0,2.2,380
566654000,17.15,0.2121315,17.0,17.3,2
566699000,9.209545,0.38750324,8.4,11.9,681
566700000,0.10758427,0.09268336,0.0,0.5,356
566704000,19.054287,0.1093914,18.8,19.2,35
566730000,4.8852563,5.5922217,0.0,15.3,624
566739000,1.5589831,4.104491,0.0,13.2,295
566781000,14.281901,2.7706041,9.8,18.0,547
566846000,0.03254717,0.048398685,0.0,0.3,424
566853000,1.5405406,0.27844626,0.8,2.6,185
566854000,5.8414125,6.1140647,0.0,13.8,623
566900000,5.971875,2.605606,2.8,11.0,32
566913000,0.0,0.0,0.0,0.0,53
566942000,10.276872,6.3872986,0.0,16.0,601
566959000,2.330195,0.2810473,1.6,3.2,308
566971000,0.34683257,1.3122141,0.0,8.2,442
567053000,0.01764706,0.039295264,0.0,0.1,17
567109000,10.029874,2.4682355,0.0,12.3,790
567111000,4.0350537,5.000491,0.0,13.2,465
567438000,11.997803,0.74270046,10.3,13.9,865
567444000,6.6037498,4.8246903,0.0,12.3,640
567468000,7.283333,6.2546253,0.0,14.6,684
572525210,0.0,0.0,0.0,0.0,32
576299000,1.1346554,2.7062168,0.0,12.1,1059
576532000,7.6336527,2.8470643,0.0,12.7,939
577016000,3.0252426,0.23893097,2.3,3.5,309
577116000,0.00045146726,0.009502287,0.0,0.2,443
577201000,5.1153336,3.7171085,0.0,11.8,1050
577208000,0.5235294,0.2849787,0.2,2.0,680
577263000,0.0,0.0,0.0,0.0,59
577275000,2.0760489,2.7816455,0.0,6.8,572
577332000,0.0112440195,0.032377906,0.0,0.2,418
577358000,0.46200946,0.32360157,0.0,2.4,637
577366000,2.3514853,3.729672,0.0,8.9,303
577368000,5.58946,5.896611,0.0,12.4,1129
577370000,0.06363636,0.050452497,0.0,0.1,11
577380000,4.657412,3.8587239,0.0,9.5,850
577403000,3.8897996,2.6985285,0.0,9.5,598
577437000,10.66,0.05477194,10.6,10.7,5
577444000,0.0,0.0,0.0,0.0,220
577496000,0.0,0.0,0.0,0.0,280
601023400,0.08082192,0.08106502,0.0,0.5,73
601120800,0.04952978,0.081600145,0.0,0.9,319
601264100,0.625,0.28722814,0.2,0.8,4
620765000,0.06964286,0.106035404,0.0,0.6,56
622121414,0.12701422,0.10489264,0.0,0.5,422
636011285,0.0,0.0,0.0,0.0,422
636011288,12.187066,4.5335073,0.0,15.7,750
636011289,2.5006397,4.58993,0.0,14.7,469
636011454,0.047806006,0.050926957,0.0,0.2,433
636012164,0.16778848,0.15529501,0.0,0.8,416
636012589,12.633334,0.30550477,12.3,12.9,3
636012762,12.372222,0.40344015,8.3,12.9,162
636012766,0.21220097,0.13700965,0.0,0.8,418
636012807,1.8022221,0.15737747,1.5,2.1,45
636013144,11.967095,0.33363065,11.1,12.8,544
636013153,0.0,0.0,0.0,0.0,316
636013239,1.2686975,3.3520532,0.0,11.8,476
636013350,0.106516294,0.07094229,0.0,0.3,399
636013521,0.0030373833,0.017181454,0.0,0.1,428
636013564,0.029383888,0.06457682,0.0,0.5,422
636013611,0.09068628,0.12247056,0.0,0.8,408
636013613,8.6,0.27080137,8.4,9.0,4
636013615,2.8971505,2.7136335,0.8,10.6,1123
636013683,10.707738,1.6159413,3.0,12.3,672
636013689,0.0,0.0,0.0,0.0,394
636013693,1.5941176,0.19184774,1.1,2.0,289
636013708,0.034498833,0.06748862,0.0,0.4,429
636014006,0.13452381,0.12013318,0.0,1.0,504
636014077,0.0030303032,0.017407766,0.0,0.1,33
636014121,12.03871,0.27889943,11.5,12.4,31
636014128,3.7050505,2.1433718,1.0,13.0,495
636014200,0.23038548,0.5705118,0.0,4.5,441
636014221,1.2765006,2.7140553,0.0,15.2,783
636014430,1.3865248,2.8652408,0.0,9.8,423
636014475,0.06993671,0.05974546,0.0,0.3,316
636014663,0.006065089,0.024498923,0.0,0.2,676
636014798,5.6069803,4.827604,0.0,12.0,745
636014804,6.0758452,5.6724057,0.3,13.6,1035
636014809,12.303524,0.7076609,11.7,14.4,227
636014814,6.3392735,5.1371684,0.0,13.1,578
636014899,0.6460154,0.34005126,0.1,1.4,389
636014998,0.0,0.0,0.0,0.0,416
636015002,3.8272123,4.985272,0.0,15.5,452
636015007,2.0865567,1.7974328,0.8,10.4,424
636015020,0.0,0.0,0.0,0.0,425
636015112,0.30554494,0.19195466,0.0,1.2,523
636015161,1.5678571,2.634255,0.0,9.2,28
636015175,0.0,0.0,0.0,0.0,425
636015278,8.89405,2.8225026,0.0,11.2,605
636015404,11.603591,0.59031886,10.1,12.4,557
636015410,3.366441,2.0017672,0.1,10.6,1034
636015496,2.5801654,2.1471927,0.0,10.3,121
636015506,0.042622954,0.102369376,0.0,0.9,427
636015516,0.21995413,0.18849921,0.0,0.8,436
636015517,2.2684212,3.505509,0.0,10.4,418
636015589,11.362286,0.79832923,5.0,12.9,1164
636015596,3.5422585,4.9706216,0.0,13.2,549
636015607,17.499464,0.27050263,16.9,18.0,373
636015658,13.374107,0.16149382,13.0,13.7,112
636015659,18.777273,0.14549144,18.6,19.1,66
636015703,0.0,0.0,0.0,0.0,6
636015704,0.0,0.0,0.0,0.0,406
636015776,10.773077,0.16442351,10.4,11.1,104
636015806,2.646696,5.3143506,0.0,16.1,227
636015840,6.7920523,6.717559,0.0,16.7,692
636015856,0.08408105,0.06836487,0.0,0.6,691
636015873,0.036567166,0.054207962,0.0,0.2,134
636015944,0.98627454,2.7828481,0.0,13.8,459
636015952,0.29223302,0.22547676,0.0,1.0,412
636016002,0.0533437,0.05497537,0.0,0.3,643
636016043,11.437679,1.4517937,5.4,13.3,905
636016128,0.34139535,0.40859976,0.0,2.9,430
636016198,6.4924583,5.1759233,0.0,13.4,716
636016203,0.0,0.0,0.0,0.0,389
636016205,17.362251,2.2360604,10.0,19.1,302
636016291,13.400001,0.099999905,13.3,13.5,3
636016362,13.929101,0.40298054,12.9,14.6,189
636016363,13.970589,0.12631679,13.7,14.1,17
636016396,1.6017064,0.23085976,1.1,2.1,586
636016399,11.972727,0.46822953,11.5,13.3,44
636016400,12.866666,0.23093988,12.6,13.0,3
636016423,10.422973,5.9469776,0.5,16.4,148
636016436,20.68615,0.32570758,19.5,21.3,361
636016437,7.7934422,5.668292,0.0,16.9,732
636016445,10.130084,6.828773,0.0,17.6,595
636016531,0.029708222,0.045758035,0.0,0.1,377
636016596,8.170588,5.0845866,0.0,13.1,714
636016613,0.011111111,0.03146418,0.0,0.1,423
636016647,20.4,,20.4,20.4,1
636016649,5.7295775,5.085586,0.0,18.5,710
636016650,0.0,0.0,0.0,0.0,431
636016697,0.06146572,0.09289819,0.0,0.5,423
636016698,8.085101,4.6271725,0.0,12.2,792
636016731,12.565517,0.12894031,12.3,12.9,29
636016858,0.025142858,0.07717696,0.0,0.7,350
636016975,9.503248,5.3105392,0.0,15.2,862
636016978,7.584873,1.3122263,5.3,10.6,1104
636017065,0.23728813,0.20376173,0.0,1.2,413
636017072,0.25966588,0.2287283,0.0,1.4,419
636017073,0.0,0.0,0.0,0.0,437
636017075,0.0,0.0,0.0,0.0,418
636017076,3.254909,4.5479155,0.0,12.3,550
636017077,6.888889,2.7908084,3.8,10.8,9
636017104,3.7277966,4.5311007,0.0,13.4,590
636017155,13.0838175,2.2391684,9.2,15.8,482
636017164,0.0,0.0,0.0,0.0,432
636017184,0.0,0.0,0.0,0.0,411
636017299,1.660215,1.4533681,0.0,5.4,837
636017335,0.14263038,0.10156222,0.0,0.6,441
636017352,0.0,0.0,0.0,0.0,418
636017367,8.6285715,0.111269705,8.5,8.8,7
636017382,11.711036,1.2129812,3.8,13.6,589
636017387,12.972727,0.21019466,12.6,13.2,11
636017412,13.458695,0.3673183,12.4,14.2,46
636017469,1.2231915,2.53642,0.0,9.0,470
636017495,0.021232877,0.040942397,0.0,0.1,438
636017500,11.205129,5.255743,0.0,14.7,819
636017501,1.2566667,2.7910602,0.0,10.7,570
636017505,1.4100479,0.15956926,0.9,1.9,418
636017520,14.279661,6.4179645,0.0,17.9,59
636017539,0.0,0.0,0.0,0.0,5
636017540,14.82452,1.2673699,9.5,17.5,1199
636017560,0.0,0.0,0.0,0.0,396
636017571,0.047685187,0.072375745,0.0,0.3,432
636017670,4.3606973,5.270744,0.0,18.5,631
636017683,6.110049,4.527367,0.0,13.0,816
636017720,3.8974218,4.8338323,0.0,12.2,543
636017731,0.0005952381,0.0077036438,0.0,0.1,336
636017751,6.374614,4.210385,0.0,12.2,776
636017828,9.738131,2.5353694,5.4,14.6,674
636017832,6.99924,6.2673383,0.0,14.7,658
636017834,9.862142,0.922173,8.8,11.4,523
636017903,0.0146511635,0.03540303,0.0,0.1,430
636017950,5.0373197,4.7946615,0.0,11.7,694
636017973,0.033333335,0.049236596,0.0,0.1,12
636017992,4.225366,4.5091844,0.0,10.9,615
636017994,0.108536586,0.11575332,0.0,0.6,410
636018037,0.22466125,0.18668725,0.0,1.2,369
636018051,0.0018912529,0.01527683,0.0,0.2,423
636018068,2.629778,2.9813476,0.0,12.2,900
636018106,8.45024,3.3404431,0.3,17.5,1041
636018107,1.3733516,3.6518352,0.0,11.5,364
636018114,10.187273,0.7417809,5.0,11.3,275
636018135,0.0,0.0,0.0,0.0,421
636018146,0.23551798,1.6484349,0.0,13.5,473
636018183,0.0,0.0,0.0,0.0,6
636018189,1.1511627,0.14859995,0.9,1.5,43
636018206,3.1431072,4.7085824,0.0,12.1,457
636018237,15.722024,0.7656102,14.7,16.8,168
636018363,0.0,0.0,0.0,0.0,20
636018523,7.2814264,5.7962513,0.0,16.3,603
636018541,0.0,0.0,0.0,0.0,397
636018637,13.311111,0.07817349,13.2,13.4,9
636018654,0.08725961,0.14777446,0.0,0.8,416
636018655,0.080091536,0.30181712,0.0,1.9,437
636018724,0.0,0.0,0.0,0.0,362
636018800,14.658407,0.42420638,13.7,15.3,113
636018861,1.0926366,2.9367568,0.0,12.8,421
636018862,0.071511626,0.11773712,0.0,0.7,172
636018882,3.271777,2.2326353,0.2,8.7,1148
636018964,0.1787234,0.16953038,0.0,0.7,423
636018969,11.4,0.099999905,11.3,11.5,5
636018990,2.2122302,3.48826,0.0,11.5,556
636018993,9.67,2.948061,0.0,12.9,1050
636019021,1.0780885,2.7083352,0.0,11.2,429
636019035,4.312931,4.8193674,0.0,13.2,1160
636019068,0.08925234,0.08751796,0.0,0.6,428
636019075,7.5290933,5.3879814,0.0,13.6,629
636019077,0.13088237,0.10258939,0.0,0.3,68
636019086,1.3883721,0.2844585,0.6,2.2,172
636019087,9.391803,5.302735,1.1,14.3,183
636019109,0.00023094688,0.0048056934,0.0,0.1,433
636019181,11.18998,0.6867378,9.6,12.5,978
636019200,11.705563,1.137085,7.3,13.3,863
636019201,10.854156,1.8176215,0.0,15.0,746
636019213,1.7975429,0.16110411,1.2,2.2,407
636019356,0.027884616,0.045430698,0.0,0.2,416
636019411,12.5075,0.408695,11.4,13.4,80
636019413,3.8608696,2.768271,0.1,8.1,46
636019418,10.142326,3.0861046,5.3,13.2,215
636019445,11.185191,1.7439519,2.8,13.1,574
636019449,6.7081275,5.345186,0.0,13.1,566
636019494,6.79581,6.8502383,0.0,14.9,549
636019534,11.122222,2.2771842,1.6,13.6,90
636019563,5.5051227,5.546729,0.0,15.3,449
636019581,8.886577,3.5770493,0.0,11.7,596
636019582,8.28046,2.0584993,2.0,10.2,174
636019685,3.0414586,4.8182316,0.0,13.3,521
636019740,0.23317973,0.16896787,0.0,0.9,434
636019789,0.37900674,1.2497735,0.0,7.1,443
636019824,11.732307,0.17057586,11.3,12.1,65
636019825,5.23991,4.4168344,0.0,11.5,446
636019827,0.047341775,0.0562064,0.0,0.2,395
636019882,11.629049,3.3769922,2.8,17.0,389
636019966,14.2,,14.2,14.2,1
636019969,9.219911,4.1694207,0.0,13.7,673
636019984,0.0,0.0,0.0,0.0,415
636019985,10.267192,1.5830264,1.5,12.1,1079
636019995,8.059134,3.1258638,0.0,10.4,854
636020121,11.457224,0.97904766,10.2,14.4,353
636020150,0.30182293,1.8499373,0.0,12.0,384
636020192,7.7322836,2.836476,0.0,14.4,1016
636020198,4.0943947,0.58462703,2.6,7.4,446
636020241,8.356998,4.9477606,0.0,13.7,793
636020242,9.239491,1.287454,1.9,12.2,590
636020277,0.07380282,0.055904634,0.0,0.3,355
636020293,0.25254238,0.2300793,0.0,1.7,413
636020334,21.204477,0.8045682,19.3,22.3,201
636020337,0.0,0.0,0.0,0.0,429
636020347,0.0,0.0,0.0,0.0,450
636020369,3.0151958,1.7658976,0.1,6.9,816
636020399,0.15655021,0.48316368,0.0,3.8,458
636020439,8.7720585,1.4045603,6.8,10.6,68
636020452,9.6614,1.7702628,3.1,15.3,1057
636020456,0.00076142134,0.008703714,0.0,0.1,394
636020518,0.26962307,0.46311465,0.0,3.4,451
636020519,0.019813519,0.043276582,0.0,0.3,429
636020564,0.14201878,0.15136915,0.0,1.2,426
636020568,0.02225352,0.051370956,0.0,0.4,355
636020655,2.1354718,4.304588,0.0,13.3,530
636020770,0.08933649,0.06469395,0.0,0.3,422
636020783,1.054359,2.5618355,0.0,9.6,390
636020869,1.5711111,1.3069086,0.5,7.2,45
636020870,19.522903,0.2423414,19.0,20.0,310
636020879,0.021153847,0.046465565,0.0,0.3,208
636020908,11.801908,0.32177323,10.7,12.8,1153
636020912,5.3987713,3.0713863,1.1,11.9,651
636020913,0.20294784,0.15452397,0.0,0.8,441
636020938,9.823003,7.518058,0.0,18.2,726
636021005,9.89413,7.965569,0.0,21.5,494
636021019,0.027532468,0.045304406,0.0,0.2,385
636021033,12.081393,3.5876749,0.0,16.5,1048
636021040,2.2116666,1.4171923,0.5,5.5,120
636021059,0.05,0.07071068,0.0,0.1,2
636021061,8.847619,4.0084434,0.0,11.3,21
636021073,0.94210523,0.24109885,0.7,1.5,19
636021103,0.2504566,0.5373358,0.0,3.6,438
636021115,0.11021378,0.14675929,0.0,0.9,421
636021151,0.14041811,0.18178552,0.0,0.9,287
636021153,2.4281168,1.8274515,0.3,6.9,1163
636021155,8.564053,2.250207,3.1,11.4,765
636021252,15.981357,3.370749,0.0,17.7,236
636021279,0.012790698,0.04263061,0.0,0.3,430
636021306,0.7631808,2.3026128,0.0,10.3,459
636021392,18.130463,0.096604675,17.9,18.5,151
636021394,0.0625,0.32851356,0.0,3.8,464
636021410,11.2,0.15036185,10.9,11.5,24
636021427,16.35966,3.6512501,5.3,20.2,704
636021438,1.39,0.13703203,1.2,1.6,10
636021440,16.741339,4.0507684,0.8,20.5,1062
636090863,1.6481113,3.4586906,0.0,12.4,503
636090864,10.023469,0.47576332,9.6,11.7,98
636090886,10.356469,6.0502625,0.0,16.6,742
636090967,0.2607059,0.40268493,0.0,5.7,425
636091121,2.5040553,1.4314026,0.0,5.4,1085
636091125,18.3,,18.3,18.3,1
636091265,0.12206674,0.09692265,0.0,0.6,929
636091473,0.00023866349,0.0048853196,0.0,0.1,419
636091480,6.05315,7.0242233,0.0,17.7,619
636091526,11.321359,3.503315,0.0,20.2,913
636091690,13.630882,0.48541915,12.5,14.3,136
636091731,8.786343,6.265715,0.0,15.0,432
636091788,9.922922,5.8504076,0.0,14.3,794
636091971,0.21016166,0.15631232,0.0,1.2,433
636092044,3.286526,3.285281,0.0,8.1,616
636092275,16.781027,5.4329143,6.9,22.0,643
636092426,0.029677419,0.04573282,0.0,0.1,465
636092666,0.27307692,0.2425689,0.0,1.4,416
636092678,13.026253,2.753793,0.0,14.9,419
636092679,15.297932,1.9067682,0.1,17.1,1015
636092681,16.5,,16.5,16.5,1
636092769,6.8,,6.8,6.8,1
636092778,2.5333333,1.5093044,0.9,6.2,81
636092780,12.841925,3.7545357,0.1,18.1,1164
636092782,0.03,0.049559463,0.0,0.3,400
636092799,19.277193,0.2368074,18.8,19.7,57
636092811,13.3945265,0.4605211,12.7,14.7,475
636092823,8.712501,2.732987,0.9,10.4,464
636092825,8.162349,7.713591,0.0,17.9,664
636092830,0.015766263,0.036462545,0.0,0.1,907
636092866,13.275,0.20528704,13.1,13.7,8
636092910,3.5301316,1.7998488,0.2,9.7,989
636092960,3.3517241,5.0201874,0.0,14.4,551
636092985,0.0,0.0,0.0,0.0,393
636093022,0.08057971,0.0686219,0.0,0.3,345
636093023,1.0331695,2.7643056,0.0,12.4,407
636093037,12.059999,0.075393714,12.0,12.2,20
636093041,0.0,0.0,0.0,0.0,381
636093043,12.786244,0.81940806,10.4,14.6,458
636093046,6.0534487,5.903734,0.0,14.8,348
636093082,0.4446154,1.7737342,0.0,10.3,455
660000140,5.3335037,1.1595632,0.9,9.0,782
665832666,0.0002631579,0.005129892,0.0,0.1,380
671082100,0.00028089888,0.005296261,0.0,0.1,712
671087100,5.060752,3.655194,0.0,8.3,958
671091100,0.0009852217,0.009889003,0.0,0.1,406
671219100,6.165796,2.4415097,0.0,8.7,421
671226100,3.1880248,1.1330477,0.2,7.1,643
671317100,0.051569507,0.06822153,0.0,0.4,1115
671394000,0.0010676157,0.010295581,0.0,0.1,281
671937000,0.21617648,0.13113773,0.0,0.6,68
671947000,0.07333334,0.04577377,0.0,0.1,15
671960000,3.8250945,3.3352776,0.0,7.9,530
671969100,0.016767502,0.041330703,0.0,0.4,1157
710000164,0.03221477,0.072682545,0.0,0.8,447
710023040,0.21412104,0.16020946,0.0,1.6,347
710024760,0.037002344,0.05598799,0.0,0.5,427
720181000,7.0913315,3.0051486,0.0,10.7,323
768721200,14.2,,14.2,14.2,1
775992195,0.06899225,0.079634964,0.0,0.5,387
775998026,0.061483257,0.07570422,0.0,0.4,418
775998172,0.0032828285,0.017841235,0.0,0.1,396
775998265,0.05349544,0.07687653,0.0,0.6,329
775998301,1.8268965,5.3549724,0.0,24.7,145
775998379,0.090980396,0.3706201,0.0,4.2,255
775998558,0.04845939,0.06559265,0.0,0.5,357
